yearmonth,연도,월,분기,계절,코로나기간,SRT개통후,노선,여객수_천명,KTX이용률,공실률,초과수요,공실상태,KTX전체이용률,KTX전체공실률,개통전,공휴일수,설날달,추석달,명절연휴포함,명절전달,명절후달,황금연휴포함
2004-04-01,2004,4,2,봄,0,0,경부선,1771.0,70.0,30.0,0,공실있음,61.0,39.0,0,1,0,0,0,0,0,0
2004-04-01,2004,4,2,봄,0,0,호남선,356.0,38.0,62.0,0,공실있음,61.0,39.0,0,1,0,0,0,0,0,0
2004-05-01,2004,5,2,봄,0,0,경부선,1945.0,75.0,25.0,0,공실있음,65.0,35.0,0,2,0,0,0,0,0,0
2004-05-01,2004,5,2,봄,0,0,호남선,369.0,39.0,61.0,0,공실있음,65.0,35.0,0,2,0,0,0,0,0,0
2004-06-01,2004,6,2,여름,0,0,경부선,1695.0,67.0,33.0,0,공실있음,57.0,43.0,0,1,0,0,0,0,0,0
2004-06-01,2004,6,2,여름,0,0,호남선,273.0,30.0,70.0,0,공실있음,57.0,43.0,0,1,0,0,0,0,0,0
2004-07-01,2004,7,3,여름,0,0,경부선,1845.0,72.0,28.0,0,공실있음,61.0,39.0,0,1,0,0,0,0,0,0
2004-07-01,2004,7,3,여름,0,0,호남선,307.0,32.0,68.0,0,공실있음,61.0,39.0,0,1,0,0,0,0,0,0
2004-08-01,2004,8,3,여름,0,0,경부선,1893.0,75.0,25.0,0,공실있음,65.0,35.0,0,1,0,0,0,1,0,0
2004-08-01,2004,8,3,여름,0,0,호남선,354.0,37.0,63.0,0,공실있음,65.0,35.0,0,1,0,0,0,1,0,0
2004-09-01,2004,9,3,가을,0,0,경부선,1825.0,73.0,27.0,0,공실있음,65.0,35.0,0,3,0,1,1,0,0,1
2004-09-01,2004,9,3,가을,0,0,호남선,430.0,45.0,55.0,0,공실있음,65.0,35.0,0,3,0,1,1,0,0,1
2004-10-01,2004,10,4,가을,0,0,경부선,1912.0,76.0,24.0,0,공실있음,65.0,35.0,0,1,0,0,0,0,1,0
2004-10-01,2004,10,4,가을,0,0,호남선,366.0,38.0,62.0,0,공실있음,65.0,35.0,0,1,0,0,0,0,1,0
2004-11-01,2004,11,4,가을,0,0,경부선,1838.0,76.0,24.0,0,공실있음,66.0,34.0,0,0,0,0,0,0,0,0
2004-11-01,2004,11,4,가을,0,0,호남선,363.0,39.0,61.0,0,공실있음,66.0,34.0,0,0,0,0,0,0,0,0
2004-12-01,2004,12,4,겨울,0,0,경부선,1974.0,75.0,25.0,0,공실있음,65.0,35.0,0,1,0,0,0,0,0,0
2004-12-01,2004,12,4,겨울,0,0,호남선,366.0,37.0,63.0,0,공실있음,65.0,35.0,0,1,0,0,0,0,0,0
2005-01-01,2005,1,1,겨울,0,0,경부선,2068.0,75.0,25.0,0,공실있음,65.0,35.0,0,1,0,0,0,1,0,0
2005-01-01,2005,1,1,겨울,0,0,호남선,388.0,38.0,62.0,0,공실있음,65.0,35.0,0,1,0,0,0,1,0,0
2005-02-01,2005,2,1,겨울,0,0,경부선,1990.0,79.0,21.0,0,공실있음,70.0,30.0,0,3,1,0,1,0,0,0
2005-02-01,2005,2,1,겨울,0,0,호남선,442.0,46.0,54.0,0,공실있음,70.0,30.0,0,3,1,0,1,0,0,0
2005-03-01,2005,3,1,봄,0,0,경부선,1985.0,73.0,27.0,0,공실있음,63.0,37.0,0,1,0,0,0,0,1,0
2005-03-01,2005,3,1,봄,0,0,호남선,362.0,35.0,65.0,0,공실있음,63.0,37.0,0,1,0,0,0,0,1,0
2005-04-01,2005,4,2,봄,0,0,경부선,2123.0,78.0,22.0,0,공실있음,68.0,32.0,0,1,0,0,0,0,0,0
2005-04-01,2005,4,2,봄,0,0,호남선,412.0,41.0,59.0,0,공실있음,68.0,32.0,0,1,0,0,0,0,0,0
2005-05-01,2005,5,2,봄,0,0,경부선,2247.0,79.0,21.0,0,공실있음,70.0,30.0,0,2,0,0,0,0,0,0
2005-05-01,2005,5,2,봄,0,0,호남선,450.0,44.0,56.0,0,공실있음,70.0,30.0,0,2,0,0,0,0,0,0
2005-06-01,2005,6,2,여름,0,0,경부선,2129.0,77.0,23.0,0,공실있음,68.0,32.0,0,1,0,0,0,0,0,0
2005-06-01,2005,6,2,여름,0,0,호남선,411.0,42.0,58.0,0,공실있음,68.0,32.0,0,1,0,0,0,0,0,0
2005-07-01,2005,7,3,여름,0,0,경부선,2227.0,77.0,23.0,0,공실있음,68.0,32.0,0,1,0,0,0,0,0,0
2005-07-01,2005,7,3,여름,0,0,호남선,430.0,42.0,58.0,0,공실있음,68.0,32.0,0,1,0,0,0,0,0,0
2005-08-01,2005,8,3,여름,0,0,경부선,2415.0,84.0,16.0,0,공실있음,74.0,26.0,0,1,0,0,0,1,0,0
2005-08-01,2005,8,3,여름,0,0,호남선,497.0,48.0,52.0,0,공실있음,74.0,26.0,0,1,0,0,0,1,0,0
2005-09-01,2005,9,3,가을,0,0,경부선,2227.0,79.0,21.0,0,공실있음,70.0,30.0,0,3,0,1,1,0,0,0
2005-09-01,2005,9,3,가을,0,0,호남선,478.0,47.0,53.0,0,공실있음,70.0,30.0,0,3,0,1,1,0,0,0
2005-10-01,2005,10,4,가을,0,0,경부선,2462.0,84.0,16.0,0,공실있음,75.0,25.0,0,1,0,0,0,0,1,0
2005-10-01,2005,10,4,가을,0,0,호남선,503.0,48.0,52.0,0,공실있음,75.0,25.0,0,1,0,0,0,0,1,0
2005-11-01,2005,11,4,가을,0,0,경부선,2390.0,82.0,18.0,0,공실있음,74.0,26.0,0,0,0,0,0,0,0,0
2005-11-01,2005,11,4,가을,0,0,호남선,491.0,49.0,51.0,0,공실있음,74.0,26.0,0,0,0,0,0,0,0,0
2005-12-01,2005,12,4,겨울,0,0,경부선,2590.0,85.0,15.0,0,공실있음,80.0,20.0,0,1,0,0,0,1,0,0
2005-12-01,2005,12,4,겨울,0,0,호남선,654.0,63.0,37.0,0,공실있음,80.0,20.0,0,1,0,0,0,1,0,0
2006-01-01,2006,1,1,겨울,0,0,경부선,2617.0,84.0,16.0,0,공실있음,77.0,23.0,0,4,1,0,1,0,0,0
2006-01-01,2006,1,1,겨울,0,0,호남선,590.0,56.0,44.0,0,공실있음,77.0,23.0,0,4,1,0,1,0,0,0
2006-02-01,2006,2,1,겨울,0,0,경부선,2347.0,86.0,14.0,0,공실있음,77.0,23.0,0,0,0,0,0,0,0,0
2006-02-01,2006,2,1,겨울,0,0,호남선,479.0,51.0,49.0,0,공실있음,77.0,23.0,0,0,0,0,0,0,0,0
2006-03-01,2006,3,1,봄,0,0,경부선,2230.0,74.0,26.0,0,공실있음,66.0,34.0,0,1,0,0,0,0,0,0
2006-03-01,2006,3,1,봄,0,0,호남선,428.0,42.0,58.0,0,공실있음,66.0,34.0,0,1,0,0,0,0,0,0
2006-04-01,2006,4,2,봄,0,0,경부선,2488.0,84.0,16.0,0,공실있음,76.0,24.0,0,0,0,0,0,0,0,0
2006-04-01,2006,4,2,봄,0,0,호남선,517.0,52.0,48.0,0,공실있음,76.0,24.0,0,0,0,0,0,0,0,0
2006-05-01,2006,5,2,봄,0,0,경부선,2587.0,85.0,15.0,0,공실있음,77.0,23.0,0,2,0,0,0,0,0,0
2006-05-01,2006,5,2,봄,0,0,호남선,543.0,53.0,47.0,0,공실있음,77.0,23.0,0,2,0,0,0,0,0,0
2006-06-01,2006,6,2,여름,0,0,경부선,2369.0,81.0,19.0,0,공실있음,72.0,28.0,0,1,0,0,0,0,0,0
2006-06-01,2006,6,2,여름,0,0,호남선,471.0,47.0,53.0,0,공실있음,72.0,28.0,0,1,0,0,0,0,0,0
2006-07-01,2006,7,3,여름,0,0,경부선,2473.0,80.0,20.0,0,공실있음,72.0,28.0,0,1,0,0,0,0,0,0
2006-07-01,2006,7,3,여름,0,0,호남선,496.0,48.0,52.0,0,공실있음,72.0,28.0,0,1,0,0,0,0,0,0
2006-08-01,2006,8,3,여름,0,0,경부선,2600.0,85.0,15.0,0,공실있음,77.0,23.0,0,1,0,0,0,0,0,0
2006-08-01,2006,8,3,여름,0,0,호남선,541.0,52.0,48.0,0,공실있음,77.0,23.0,0,1,0,0,0,0,0,0
2006-09-01,2006,9,3,가을,0,0,경부선,2338.0,79.0,21.0,0,공실있음,71.0,29.0,0,0,0,0,0,0,0,0
2006-09-01,2006,9,3,가을,0,0,호남선,472.0,47.0,53.0,0,공실있음,71.0,29.0,0,0,0,0,0,0,0,0
2006-10-01,2006,10,4,가을,0,0,경부선,2763.0,88.0,12.0,0,공실있음,81.0,19.0,0,4,0,1,1,0,0,0
2006-10-01,2006,10,4,가을,0,0,호남선,640.0,61.0,39.0,0,공실있음,81.0,19.0,0,4,0,1,1,0,0,0
2006-11-01,2006,11,4,가을,0,0,경부선,2606.0,86.0,14.0,0,공실있음,78.0,22.0,0,0,0,0,0,0,0,0
2006-11-01,2006,11,4,가을,0,0,호남선,532.0,53.0,47.0,0,공실있음,78.0,22.0,0,0,0,0,0,0,0,0
2006-12-01,2006,12,4,겨울,0,0,경부선,2773.0,87.0,13.0,0,공실있음,79.0,21.0,0,1,0,0,0,0,0,0
2006-12-01,2006,12,4,겨울,0,0,호남선,589.0,57.0,43.0,0,공실있음,79.0,21.0,0,1,0,0,0,0,0,0
2007-01-01,2007,1,1,겨울,0,0,경부선,2667.0,85.0,15.0,0,공실있음,77.0,23.0,0,1,0,0,0,1,0,0
2007-01-01,2007,1,1,겨울,0,0,호남선,548.0,53.0,47.0,0,공실있음,77.0,23.0,0,1,0,0,0,1,0,0
2007-02-01,2007,2,1,겨울,0,0,경부선,2541.0,87.0,13.0,0,공실있음,79.0,21.0,0,3,1,0,1,0,0,0
2007-02-01,2007,2,1,겨울,0,0,호남선,540.0,57.0,43.0,0,공실있음,79.0,21.0,0,3,1,0,1,0,0,0
2007-03-01,2007,3,1,봄,0,0,경부선,2479.0,78.0,22.0,0,공실있음,71.0,29.0,0,1,0,0,0,0,1,0
2007-03-01,2007,3,1,봄,0,0,호남선,490.0,47.0,53.0,0,공실있음,71.0,29.0,0,1,0,0,0,0,1,0
2007-04-01,2007,4,2,봄,0,0,경부선,2495.0,82.0,18.0,0,공실있음,74.0,26.0,0,0,0,0,0,0,0,0
2007-04-01,2007,4,2,봄,0,0,호남선,514.0,52.0,48.0,0,공실있음,74.0,26.0,0,0,0,0,0,0,0,0
2007-05-01,2007,5,2,봄,0,0,경부선,2691.0,86.0,14.0,0,공실있음,78.0,22.0,0,2,0,0,0,0,0,0
2007-05-01,2007,5,2,봄,0,0,호남선,553.0,54.0,46.0,0,공실있음,78.0,22.0,0,2,0,0,0,0,0,0
2007-06-01,2007,6,2,여름,0,0,경부선,2486.0,80.0,20.0,0,공실있음,72.0,28.0,0,1,0,0,0,0,0,0
2007-06-01,2007,6,2,여름,0,0,호남선,485.0,49.0,51.0,0,공실있음,72.0,28.0,0,1,0,0,0,0,0,0
2007-07-01,2007,7,3,여름,0,0,경부선,2489.0,78.0,22.0,0,공실있음,70.0,30.0,0,1,0,0,0,0,0,0
2007-07-01,2007,7,3,여름,0,0,호남선,476.0,46.0,54.0,0,공실있음,70.0,30.0,0,1,0,0,0,0,0,0
2007-08-01,2007,8,3,여름,0,0,경부선,2635.0,82.0,18.0,0,공실있음,75.0,25.0,0,1,0,0,0,1,0,0
2007-08-01,2007,8,3,여름,0,0,호남선,528.0,51.0,49.0,0,공실있음,75.0,25.0,0,1,0,0,0,1,0,0
2007-09-01,2007,9,3,가을,0,0,경부선,2475.0,76.0,24.0,0,공실있음,71.0,29.0,0,3,0,1,1,0,0,1
2007-09-01,2007,9,3,가을,0,0,호남선,544.0,54.0,46.0,0,공실있음,71.0,29.0,0,3,0,1,1,0,0,1
2007-10-01,2007,10,4,가을,0,0,경부선,2654.0,84.0,16.0,0,공실있음,76.0,24.0,0,1,0,0,0,0,1,0
2007-10-01,2007,10,4,가을,0,0,호남선,525.0,51.0,49.0,0,공실있음,76.0,24.0,0,1,0,0,0,0,1,0
2007-11-01,2007,11,4,가을,0,0,경부선,2637.0,86.0,14.0,0,공실있음,78.0,22.0,0,0,0,0,0,0,0,0
2007-11-01,2007,11,4,가을,0,0,호남선,545.0,55.0,45.0,0,공실있음,78.0,22.0,0,0,0,0,0,0,0,0
2007-12-01,2007,12,4,겨울,0,0,경부선,2729.0,85.0,15.0,0,공실있음,77.0,23.0,0,1,0,0,0,0,0,0
2007-12-01,2007,12,4,겨울,0,0,호남선,556.0,54.0,46.0,0,공실있음,77.0,23.0,0,1,0,0,0,0,0,0
2008-01-01,2008,1,1,겨울,0,0,경부선,2616.0,79.0,21.0,0,공실있음,72.0,28.0,0,1,0,0,0,1,0,0
2008-01-01,2008,1,1,겨울,0,0,호남선,520.0,51.0,49.0,0,공실있음,72.0,28.0,0,1,0,0,0,1,0,0
2008-02-01,2008,2,1,겨울,0,0,경부선,2596.0,80.0,20.0,0,공실있음,74.0,26.0,0,3,1,0,1,0,0,1
2008-02-01,2008,2,1,겨울,0,0,호남선,542.0,56.0,44.0,0,공실있음,74.0,26.0,0,3,1,0,1,0,0,1
2008-03-01,2008,3,1,봄,0,0,경부선,2497.0,74.0,26.0,0,공실있음,68.0,32.0,0,1,0,0,0,0,1,0
2008-03-01,2008,3,1,봄,0,0,호남선,499.0,48.0,52.0,0,공실있음,68.0,32.0,0,1,0,0,0,0,1,0
2008-04-01,2008,4,2,봄,0,0,경부선,2544.0,79.0,21.0,0,공실있음,73.0,27.0,0,0,0,0,0,0,0,0
2008-04-01,2008,4,2,봄,0,0,호남선,521.0,52.0,48.0,0,공실있음,73.0,27.0,0,0,0,0,0,0,0,0
2008-05-01,2008,5,2,봄,0,0,경부선,2826.0,84.0,16.0,0,공실있음,78.0,22.0,0,2,0,0,0,0,0,0
2008-05-01,2008,5,2,봄,0,0,호남선,604.0,58.0,42.0,0,공실있음,78.0,22.0,0,2,0,0,0,0,0,0
2008-06-01,2008,6,2,여름,0,0,경부선,2511.0,77.0,23.0,0,공실있음,71.0,29.0,0,1,0,0,0,0,0,0
2008-06-01,2008,6,2,여름,0,0,호남선,504.0,50.0,50.0,0,공실있음,71.0,29.0,0,1,0,0,0,0,0,0
2008-07-01,2008,7,3,여름,0,0,경부선,2531.0,77.0,23.0,0,공실있음,70.0,30.0,0,0,0,0,0,0,0,0
2008-07-01,2008,7,3,여름,0,0,호남선,493.0,48.0,52.0,0,공실있음,70.0,30.0,0,0,0,0,0,0,0,0
2008-08-01,2008,8,3,여름,0,0,경부선,2755.0,81.0,19.0,0,공실있음,75.0,25.0,0,1,0,0,0,1,0,0
2008-08-01,2008,8,3,여름,0,0,호남선,582.0,56.0,44.0,0,공실있음,75.0,25.0,0,1,0,0,0,1,0,0
2008-09-01,2008,9,3,가을,0,0,경부선,2595.0,79.0,21.0,0,공실있음,74.0,26.0,0,3,0,1,1,0,0,0
2008-09-01,2008,9,3,가을,0,0,호남선,558.0,55.0,45.0,0,공실있음,74.0,26.0,0,3,0,1,1,0,0,0
2008-10-01,2008,10,4,가을,0,0,경부선,2739.0,82.0,18.0,0,공실있음,76.0,24.0,0,1,0,0,0,0,1,0
2008-10-01,2008,10,4,가을,0,0,호남선,560.0,54.0,46.0,0,공실있음,76.0,24.0,0,1,0,0,0,0,1,0
2008-11-01,2008,11,4,가을,0,0,경부선,2700.0,82.0,18.0,0,공실있음,76.0,24.0,0,0,0,0,0,0,0,0
2008-11-01,2008,11,4,가을,0,0,호남선,565.0,56.0,44.0,0,공실있음,76.0,24.0,0,0,0,0,0,0,0,0
2008-12-01,2008,12,4,겨울,0,0,경부선,2622.0,79.0,21.0,0,공실있음,73.0,27.0,0,1,0,0,0,1,0,0
2008-12-01,2008,12,4,겨울,0,0,호남선,536.0,52.0,48.0,0,공실있음,73.0,27.0,0,1,0,0,0,1,0,0
2009-01-01,2009,1,1,겨울,0,0,경부선,2669.0,77.0,23.0,0,공실있음,72.0,28.0,0,4,1,0,1,0,0,0
2009-01-01,2009,1,1,겨울,0,0,호남선,603.0,57.0,43.0,0,공실있음,72.0,28.0,0,4,1,0,1,0,0,0
2009-02-01,2009,2,1,겨울,0,0,경부선,2375.0,78.0,22.0,0,공실있음,71.0,29.0,0,0,0,0,0,0,0,0
2009-02-01,2009,2,1,겨울,0,0,호남선,456.0,48.0,52.0,0,공실있음,71.0,29.0,0,0,0,0,0,0,0,0
2009-03-01,2009,3,1,봄,0,0,경부선,2451.0,73.0,27.0,0,공실있음,67.0,33.0,0,1,0,0,0,0,0,0
2009-03-01,2009,3,1,봄,0,0,호남선,497.0,48.0,52.0,0,공실있음,67.0,33.0,0,1,0,0,0,0,0,0
2009-04-01,2009,4,2,봄,0,0,경부선,2533.0,79.0,21.0,0,공실있음,73.0,27.0,0,0,0,0,0,0,0,0
2009-04-01,2009,4,2,봄,0,0,호남선,533.0,53.0,47.0,0,공실있음,73.0,27.0,0,0,0,0,0,0,0,0
2009-05-01,2009,5,2,봄,0,0,경부선,2749.0,80.0,20.0,0,공실있음,74.0,26.0,0,2,0,0,0,0,0,0
2009-05-01,2009,5,2,봄,0,0,호남선,587.0,56.0,44.0,0,공실있음,74.0,26.0,0,2,0,0,0,0,0,0
2009-06-01,2009,6,2,여름,0,0,경부선,2446.0,75.0,25.0,0,공실있음,69.0,31.0,0,1,0,0,0,0,0,0
2009-06-01,2009,6,2,여름,0,0,호남선,484.0,48.0,52.0,0,공실있음,69.0,31.0,0,1,0,0,0,0,0,0
2009-07-01,2009,7,3,여름,0,0,경부선,2503.0,75.0,25.0,0,공실있음,69.0,31.0,0,0,0,0,0,0,0,0
2009-07-01,2009,7,3,여름,0,0,호남선,487.0,47.0,53.0,0,공실있음,69.0,31.0,0,0,0,0,0,0,0,0
2009-08-01,2009,8,3,여름,0,0,경부선,2760.0,81.0,19.0,0,공실있음,75.0,25.0,0,1,0,0,0,0,0,0
2009-08-01,2009,8,3,여름,0,0,호남선,573.0,57.0,43.0,0,공실있음,75.0,25.0,0,1,0,0,0,0,0,0
2009-09-01,2009,9,3,가을,0,0,경부선,2370.0,73.0,27.0,0,공실있음,67.0,33.0,0,0,0,0,0,0,0,0
2009-09-01,2009,9,3,가을,0,0,호남선,482.0,48.0,52.0,0,공실있음,67.0,33.0,0,0,0,0,0,0,0,0
2009-10-01,2009,10,4,가을,0,0,경부선,2879.0,83.0,17.0,0,공실있음,77.0,23.0,0,4,0,1,1,0,0,0
2009-10-01,2009,10,4,가을,0,0,호남선,610.0,58.0,42.0,0,공실있음,77.0,23.0,0,4,0,1,1,0,0,0
2009-11-01,2009,11,4,가을,0,0,경부선,2574.0,78.0,22.0,0,공실있음,72.0,28.0,0,0,0,0,0,0,0,0
2009-11-01,2009,11,4,가을,0,0,호남선,504.0,50.0,50.0,0,공실있음,72.0,28.0,0,0,0,0,0,0,0,0
2009-12-01,2009,12,4,겨울,0,0,경부선,2702.0,81.0,19.0,0,공실있음,74.0,26.0,0,1,0,0,0,0,0,0
2009-12-01,2009,12,4,겨울,0,0,호남선,567.0,55.0,45.0,0,공실있음,74.0,26.0,0,1,0,0,0,0,0,0
2010-01-01,2010,1,1,겨울,0,0,경부선,2725.0,79.0,21.0,0,공실있음,74.0,26.0,0,1,0,0,0,1,0,0
2010-01-01,2010,1,1,겨울,0,0,호남선,585.0,56.0,44.0,0,공실있음,74.0,26.0,0,1,0,0,0,1,0,0
2010-01-01,2010,1,1,겨울,0,0,경전선,0.0,0.0,100.0,0,공실있음,74.0,26.0,1,1,0,0,0,1,0,0
2010-02-01,2010,2,1,겨울,0,0,경부선,2644.0,84.0,16.0,0,공실있음,78.0,22.0,0,3,1,0,1,0,0,0
2010-02-01,2010,2,1,겨울,0,0,호남선,552.0,59.0,41.0,0,공실있음,78.0,22.0,0,3,1,0,1,0,0,0
2010-02-01,2010,2,1,겨울,0,0,경전선,0.0,0.0,100.0,0,공실있음,78.0,22.0,1,3,1,0,1,0,0,0
2010-03-01,2010,3,1,봄,0,0,경부선,2587.0,78.0,22.0,0,공실있음,72.0,28.0,0,1,0,0,0,0,1,0
2010-03-01,2010,3,1,봄,0,0,호남선,508.0,51.0,49.0,0,공실있음,72.0,28.0,0,1,0,0,0,0,1,0
2010-03-01,2010,3,1,봄,0,0,경전선,0.0,0.0,100.0,0,공실있음,72.0,28.0,1,1,0,0,0,0,1,0
2010-04-01,2010,4,2,봄,0,0,경부선,2640.0,82.0,18.0,0,공실있음,77.0,23.0,0,0,0,0,0,0,0,0
2010-04-01,2010,4,2,봄,0,0,호남선,523.0,58.0,42.0,0,공실있음,77.0,23.0,0,0,0,0,0,0,0,0
2010-04-01,2010,4,2,봄,0,0,경전선,0.0,0.0,100.0,0,공실있음,77.0,23.0,1,0,0,0,0,0,0,0
2010-05-01,2010,5,2,봄,0,0,경부선,2943.0,87.0,13.0,0,공실있음,82.0,18.0,0,2,0,0,0,0,0,0
2010-05-01,2010,5,2,봄,0,0,호남선,596.0,64.0,36.0,0,공실있음,82.0,18.0,0,2,0,0,0,0,0,0
2010-05-01,2010,5,2,봄,0,0,경전선,0.0,0.0,100.0,0,공실있음,82.0,18.0,1,2,0,0,0,0,0,0
2010-06-01,2010,6,2,여름,0,0,경부선,2552.0,80.0,20.0,0,공실있음,74.0,26.0,0,1,0,0,0,0,0,0
2010-06-01,2010,6,2,여름,0,0,호남선,489.0,54.0,46.0,0,공실있음,74.0,26.0,0,1,0,0,0,0,0,0
2010-06-01,2010,6,2,여름,0,0,경전선,0.0,0.0,100.0,0,공실있음,74.0,26.0,1,1,0,0,0,0,0,0
2010-07-01,2010,7,3,여름,0,0,경부선,2750.0,81.0,19.0,0,공실있음,76.0,24.0,0,0,0,0,0,0,0,0
2010-07-01,2010,7,3,여름,0,0,호남선,530.0,57.0,43.0,0,공실있음,76.0,24.0,0,0,0,0,0,0,0,0
2010-07-01,2010,7,3,여름,0,0,경전선,0.0,0.0,100.0,0,공실있음,76.0,24.0,1,0,0,0,0,0,0,0
2010-08-01,2010,8,3,여름,0,0,경부선,2907.0,88.0,12.0,0,공실있음,82.0,18.0,0,1,0,0,0,1,0,0
2010-08-01,2010,8,3,여름,0,0,호남선,590.0,63.0,37.0,0,공실있음,82.0,18.0,0,1,0,0,0,1,0,0
2010-08-01,2010,8,3,여름,0,0,경전선,0.0,0.0,100.0,0,공실있음,82.0,18.0,1,1,0,0,0,1,0,0
2010-09-01,2010,9,3,가을,0,0,경부선,2723.0,83.0,17.0,0,공실있음,79.0,21.0,0,3,0,1,1,0,0,0
2010-09-01,2010,9,3,가을,0,0,호남선,587.0,65.0,35.0,0,공실있음,79.0,21.0,0,3,0,1,1,0,0,0
2010-09-01,2010,9,3,가을,0,0,경전선,0.0,0.0,100.0,0,공실있음,79.0,21.0,1,3,0,1,1,0,0,0
2010-10-01,2010,10,4,가을,0,0,경부선,3056.0,92.0,8.0,0,여유없음,86.0,14.0,0,1,0,0,0,0,1,0
2010-10-01,2010,10,4,가을,0,0,호남선,614.0,66.0,34.0,0,공실있음,86.0,14.0,0,1,0,0,0,0,1,0
2010-10-01,2010,10,4,가을,0,0,경전선,0.0,0.0,100.0,0,공실있음,86.0,14.0,1,1,0,0,0,0,1,0
2010-11-01,2010,11,4,가을,0,0,경부선,3321.0,102.0,-2.0,1,초과수요,93.0,7.0,0,0,0,0,0,0,0,0
2010-11-01,2010,11,4,가을,0,0,호남선,603.0,61.0,39.0,0,공실있음,93.0,7.0,0,0,0,0,0,0,0,0
2010-11-01,2010,11,4,가을,0,0,경전선,0.0,0.0,100.0,0,공실있음,93.0,7.0,1,0,0,0,0,0,0,0
2010-12-01,2010,12,4,겨울,0,0,경부선,3485.0,102.0,-2.0,1,초과수요,95.0,5.0,0,1,0,0,0,0,0,0
2010-12-01,2010,12,4,겨울,0,0,호남선,655.0,66.0,34.0,0,공실있음,95.0,5.0,0,1,0,0,0,0,0,0
2010-12-01,2010,12,4,겨울,0,0,경전선,118.0,107.0,-7.0,1,초과수요,95.0,5.0,0,1,0,0,0,0,0,0
2011-01-01,2011,1,1,겨울,0,0,경부선,3277.0,96.0,4.0,0,여유없음,89.0,11.0,0,1,0,0,0,1,0,0
2011-01-01,2011,1,1,겨울,0,0,호남선,629.0,65.0,35.0,0,공실있음,89.0,11.0,0,1,0,0,0,1,0,0
2011-01-01,2011,1,1,겨울,0,0,경전선,207.0,101.0,-1.0,1,초과수요,89.0,11.0,0,1,0,0,0,1,0,0
2011-02-01,2011,2,1,겨울,0,0,경부선,3184.0,101.0,-1.0,1,초과수요,94.0,6.0,0,3,1,0,1,0,0,1
2011-02-01,2011,2,1,겨울,0,0,호남선,596.0,67.0,33.0,0,공실있음,94.0,6.0,0,3,1,0,1,0,0,1
2011-02-01,2011,2,1,겨울,0,0,경전선,212.0,104.0,-4.0,1,초과수요,94.0,6.0,0,3,1,0,1,0,0,1
2011-03-01,2011,3,1,봄,0,0,경부선,3056.0,95.0,5.0,0,여유없음,88.0,12.0,0,1,0,0,0,0,1,0
2011-03-01,2011,3,1,봄,0,0,호남선,560.0,60.0,40.0,0,공실있음,88.0,12.0,0,1,0,0,0,0,1,0
2011-03-01,2011,3,1,봄,0,0,경전선,225.0,105.0,-5.0,1,초과수요,88.0,12.0,0,1,0,0,0,0,1,0
2011-04-01,2011,4,2,봄,0,0,경부선,3254.0,102.0,-2.0,1,초과수요,94.0,6.0,0,0,0,0,0,0,0,0
2011-04-01,2011,4,2,봄,0,0,호남선,621.0,66.0,34.0,0,공실있음,94.0,6.0,0,0,0,0,0,0,0,0
2011-04-01,2011,4,2,봄,0,0,경전선,301.0,108.0,-8.0,1,초과수요,94.0,6.0,0,0,0,0,0,0,0,0
2011-05-01,2011,5,2,봄,0,0,경부선,3379.0,104.0,-4.0,1,초과수요,97.0,3.0,0,2,0,0,0,0,0,0
2011-05-01,2011,5,2,봄,0,0,호남선,631.0,71.0,29.0,0,공실있음,97.0,3.0,0,2,0,0,0,0,0,0
2011-05-01,2011,5,2,봄,0,0,경전선,373.0,95.0,5.0,0,여유없음,97.0,3.0,0,2,0,0,0,0,0,0
2011-06-01,2011,6,2,여름,0,0,경부선,3105.0,104.0,-4.0,1,초과수요,95.0,5.0,0,1,0,0,0,0,0,0
2011-06-01,2011,6,2,여름,0,0,호남선,570.0,63.0,37.0,0,공실있음,95.0,5.0,0,1,0,0,0,0,0,0
2011-06-01,2011,6,2,여름,0,0,경전선,333.0,98.0,2.0,0,여유없음,95.0,5.0,0,1,0,0,0,0,0,0
2011-07-01,2011,7,3,여름,0,0,경부선,3226.0,100.0,0.0,0,여유없음,92.0,8.0,0,0,0,0,0,0,0,0
2011-07-01,2011,7,3,여름,0,0,호남선,584.0,61.0,39.0,0,공실있음,92.0,8.0,0,0,0,0,0,0,0,0
2011-07-01,2011,7,3,여름,0,0,경전선,300.0,104.0,-4.0,1,초과수요,92.0,8.0,0,0,0,0,0,0,0,0
2011-08-01,2011,8,3,여름,0,0,경부선,3391.0,107.0,-7.0,1,초과수요,99.0,1.0,0,1,0,0,0,1,0,0
2011-08-01,2011,8,3,여름,0,0,호남선,640.0,67.0,33.0,0,공실있음,99.0,1.0,0,1,0,0,0,1,0,0
2011-08-01,2011,8,3,여름,0,0,경전선,294.0,109.0,-9.0,1,초과수요,99.0,1.0,0,1,0,0,0,1,0,0
2011-09-01,2011,9,3,가을,0,0,경부선,3199.0,102.0,-2.0,1,초과수요,95.0,5.0,0,3,0,1,1,0,0,0
2011-09-01,2011,9,3,가을,0,0,호남선,641.0,69.0,31.0,0,공실있음,95.0,5.0,0,3,0,1,1,0,0,0
2011-09-01,2011,9,3,가을,0,0,경전선,302.0,108.0,-8.0,1,초과수요,95.0,5.0,0,3,0,1,1,0,0,0
2011-10-01,2011,10,4,가을,0,0,경부선,3421.0,111.0,-11.0,1,초과수요,103.0,-3.0,0,1,0,0,0,0,1,0
2011-10-01,2011,10,4,가을,0,0,호남선,642.0,74.0,26.0,0,공실있음,103.0,-3.0,0,1,0,0,0,0,1,0
2011-10-01,2011,10,4,가을,0,0,경전선,362.0,109.0,-9.0,1,초과수요,103.0,-3.0,0,1,0,0,0,0,1,0
2011-10-01,2011,10,4,가을,0,0,전라선,95.0,100.0,0.0,0,여유없음,103.0,-3.0,0,1,0,0,0,0,1,0
2011-11-01,2011,11,4,가을,0,0,경부선,3264.0,111.0,-11.0,1,초과수요,103.0,-3.0,0,0,0,0,0,0,0,0
2011-11-01,2011,11,4,가을,0,0,호남선,599.0,73.0,27.0,0,공실있음,103.0,-3.0,0,0,0,0,0,0,0,0
2011-11-01,2011,11,4,가을,0,0,경전선,354.0,109.0,-9.0,1,초과수요,103.0,-3.0,0,0,0,0,0,0,0,0
2011-11-01,2011,11,4,가을,0,0,전라선,107.0,101.0,-1.0,1,초과수요,103.0,-3.0,0,0,0,0,0,0,0,0
2011-12-01,2011,12,4,겨울,0,0,경부선,3303.0,107.0,-7.0,1,초과수요,100.0,0.0,0,1,0,0,0,1,0,0
2011-12-01,2011,12,4,겨울,0,0,호남선,599.0,70.0,30.0,0,공실있음,100.0,0.0,0,1,0,0,0,1,0,0
2011-12-01,2011,12,4,겨울,0,0,경전선,363.0,107.0,-7.0,1,초과수요,100.0,0.0,0,1,0,0,0,1,0,0
2011-12-01,2011,12,4,겨울,0,0,전라선,108.0,99.0,1.0,0,여유없음,100.0,0.0,0,1,0,0,0,1,0,0
2012-01-01,2012,1,1,겨울,0,0,경부선,3236.0,101.0,-1.0,1,초과수요,95.0,5.0,0,4,1,0,1,0,0,0
2012-01-01,2012,1,1,겨울,0,0,호남선,609.0,70.0,30.0,0,공실있음,95.0,5.0,0,4,1,0,1,0,0,0
2012-01-01,2012,1,1,겨울,0,0,경전선,351.0,102.0,-2.0,1,초과수요,95.0,5.0,0,4,1,0,1,0,0,0
2012-01-01,2012,1,1,겨울,0,0,전라선,113.0,101.0,-1.0,1,초과수요,95.0,5.0,0,4,1,0,1,0,0,0
2012-02-01,2012,2,1,겨울,0,0,경부선,3115.0,107.0,-7.0,1,초과수요,99.0,1.0,0,0,0,0,0,0,0,0
2012-02-01,2012,2,1,겨울,0,0,호남선,527.0,66.0,34.0,0,공실있음,99.0,1.0,0,0,0,0,0,0,0,0
2012-02-01,2012,2,1,겨울,0,0,경전선,337.0,106.0,-6.0,1,초과수요,99.0,1.0,0,0,0,0,0,0,0,0
2012-02-01,2012,2,1,겨울,0,0,전라선,102.0,101.0,-1.0,1,초과수요,99.0,1.0,0,0,0,0,0,0,0,0
2012-03-01,2012,3,1,봄,0,0,경부선,3162.0,99.0,1.0,0,여유없음,92.0,8.0,0,1,0,0,0,0,0,0
2012-03-01,2012,3,1,봄,0,0,호남선,544.0,63.0,37.0,0,공실있음,92.0,8.0,0,1,0,0,0,0,0,0
2012-03-01,2012,3,1,봄,0,0,경전선,341.0,100.0,0.0,0,여유없음,92.0,8.0,0,1,0,0,0,0,0,0
2012-03-01,2012,3,1,봄,0,0,전라선,105.0,97.0,3.0,0,여유없음,92.0,8.0,0,1,0,0,0,0,0,0
2012-04-01,2012,4,2,봄,0,0,경부선,3222.0,104.0,-4.0,1,초과수요,98.0,2.0,0,1,0,0,0,0,0,0
2012-04-01,2012,4,2,봄,0,0,호남선,568.0,68.0,32.0,0,공실있음,98.0,2.0,0,1,0,0,0,0,0,0
2012-04-01,2012,4,2,봄,0,0,경전선,351.0,106.0,-6.0,1,초과수요,98.0,2.0,0,1,0,0,0,0,0,0
2012-04-01,2012,4,2,봄,0,0,전라선,111.0,106.0,-6.0,1,초과수요,98.0,2.0,0,1,0,0,0,0,0,0
2012-05-01,2012,5,2,봄,0,0,경부선,3370.0,108.0,-8.0,1,초과수요,101.0,-1.0,0,2,0,0,0,0,0,0
2012-05-01,2012,5,2,봄,0,0,호남선,624.0,73.0,27.0,0,공실있음,101.0,-1.0,0,2,0,0,0,0,0,0
2012-05-01,2012,5,2,봄,0,0,경전선,362.0,107.0,-7.0,1,초과수요,101.0,-1.0,0,2,0,0,0,0,0,0
2012-05-01,2012,5,2,봄,0,0,전라선,188.0,97.0,3.0,0,여유없음,101.0,-1.0,0,2,0,0,0,0,0,0
2012-06-01,2012,6,2,여름,0,0,경부선,3190.0,103.0,-3.0,1,초과수요,96.0,4.0,0,1,0,0,0,0,0,0
2012-06-01,2012,6,2,여름,0,0,호남선,542.0,65.0,35.0,0,공실있음,96.0,4.0,0,1,0,0,0,0,0,0
2012-06-01,2012,6,2,여름,0,0,경전선,345.0,104.0,-4.0,1,초과수요,96.0,4.0,0,1,0,0,0,0,0,0
2012-06-01,2012,6,2,여름,0,0,전라선,209.0,95.0,5.0,0,여유없음,96.0,4.0,0,1,0,0,0,0,0,0
2012-07-01,2012,7,3,여름,0,0,경부선,3210.0,97.0,3.0,0,여유없음,91.0,9.0,0,0,0,0,0,0,0,0
2012-07-01,2012,7,3,여름,0,0,호남선,533.0,62.0,38.0,0,공실있음,91.0,9.0,0,0,0,0,0,0,0,0
2012-07-01,2012,7,3,여름,0,0,경전선,338.0,99.0,1.0,0,여유없음,91.0,9.0,0,0,0,0,0,0,0,0
2012-07-01,2012,7,3,여름,0,0,전라선,255.0,95.0,5.0,0,여유없음,91.0,9.0,0,0,0,0,0,0,0,0
2012-08-01,2012,8,3,여름,0,0,경부선,3326.0,96.0,4.0,0,여유없음,91.0,9.0,0,1,0,0,0,1,0,0
2012-08-01,2012,8,3,여름,0,0,호남선,556.0,65.0,35.0,0,공실있음,91.0,9.0,0,1,0,0,0,1,0,0
2012-08-01,2012,8,3,여름,0,0,경전선,330.0,97.0,3.0,0,여유없음,91.0,9.0,0,1,0,0,0,1,0,0
2012-08-01,2012,8,3,여름,0,0,전라선,188.0,103.0,-3.0,1,초과수요,91.0,9.0,0,1,0,0,0,1,0,0
2012-09-01,2012,9,3,가을,0,0,경부선,3211.0,97.0,3.0,0,여유없음,92.0,8.0,0,2,0,1,1,1,0,0
2012-09-01,2012,9,3,가을,0,0,호남선,571.0,68.0,32.0,0,공실있음,92.0,8.0,0,2,0,1,1,1,0,0
2012-09-01,2012,9,3,가을,0,0,경전선,336.0,101.0,-1.0,1,초과수요,92.0,8.0,0,2,0,1,1,1,0,0
2012-09-01,2012,9,3,가을,0,0,전라선,115.0,99.0,1.0,0,여유없음,92.0,8.0,0,2,0,1,1,1,0,0
2012-10-01,2012,10,4,가을,0,0,경부선,3564.0,104.0,-4.0,1,초과수요,98.0,2.0,0,2,0,1,1,0,1,0
2012-10-01,2012,10,4,가을,0,0,호남선,635.0,72.0,28.0,0,공실있음,98.0,2.0,0,2,0,1,1,0,1,0
2012-10-01,2012,10,4,가을,0,0,경전선,369.0,106.0,-6.0,1,초과수요,98.0,2.0,0,2,0,1,1,0,1,0
2012-10-01,2012,10,4,가을,0,0,전라선,129.0,107.0,-7.0,1,초과수요,98.0,2.0,0,2,0,1,1,0,1,0
2012-11-01,2012,11,4,가을,0,0,경부선,3566.0,101.0,-1.0,1,초과수요,96.0,4.0,0,0,0,0,0,0,0,0
2012-11-01,2012,11,4,가을,0,0,호남선,603.0,72.0,28.0,0,공실있음,96.0,4.0,0,0,0,0,0,0,0,0
2012-11-01,2012,11,4,가을,0,0,경전선,337.0,99.0,1.0,0,여유없음,96.0,4.0,0,0,0,0,0,0,0,0
2012-11-01,2012,11,4,가을,0,0,전라선,122.0,95.0,5.0,0,여유없음,96.0,4.0,0,0,0,0,0,0,0,0
2012-12-01,2012,12,4,겨울,0,0,경부선,3723.0,100.0,0.0,0,여유없음,96.0,4.0,0,2,0,0,0,0,0,0
2012-12-01,2012,12,4,겨울,0,0,호남선,653.0,74.0,26.0,0,공실있음,96.0,4.0,0,2,0,0,0,0,0,0
2012-12-01,2012,12,4,겨울,0,0,경전선,369.0,103.0,-3.0,1,초과수요,96.0,4.0,0,2,0,0,0,0,0,0
2012-12-01,2012,12,4,겨울,0,0,전라선,135.0,102.0,-2.0,1,초과수요,96.0,4.0,0,2,0,0,0,0,0,0
2013-01-01,2013,1,1,겨울,0,0,경부선,3389.0,93.0,7.0,0,여유없음,88.0,12.0,0,1,0,0,0,1,0,0
2013-01-01,2013,1,1,겨울,0,0,호남선,555.0,64.0,36.0,0,공실있음,88.0,12.0,0,1,0,0,0,1,0,0
2013-01-01,2013,1,1,겨울,0,0,경전선,332.0,95.0,5.0,0,여유없음,88.0,12.0,0,1,0,0,0,1,0,0
2013-01-01,2013,1,1,겨울,0,0,전라선,129.0,94.0,6.0,0,여유없음,88.0,12.0,0,1,0,0,0,1,0,0
2013-02-01,2013,2,1,겨울,0,0,경부선,3357.0,99.0,1.0,0,여유없음,94.0,6.0,0,3,1,0,1,0,0,0
2013-02-01,2013,2,1,겨울,0,0,호남선,576.0,72.0,28.0,0,공실있음,94.0,6.0,0,3,1,0,1,0,0,0
2013-02-01,2013,2,1,겨울,0,0,경전선,331.0,101.0,-1.0,1,초과수요,94.0,6.0,0,3,1,0,1,0,0,0
2013-02-01,2013,2,1,겨울,0,0,전라선,130.0,100.0,0.0,0,여유없음,94.0,6.0,0,3,1,0,1,0,0,0
2013-03-01,2013,3,1,봄,0,0,경부선,3401.0,91.0,9.0,0,여유없음,87.0,13.0,0,1,0,0,0,0,1,0
2013-03-01,2013,3,1,봄,0,0,호남선,560.0,64.0,36.0,0,공실있음,87.0,13.0,0,1,0,0,0,0,1,0
2013-03-01,2013,3,1,봄,0,0,경전선,340.0,94.0,6.0,0,여유없음,87.0,13.0,0,1,0,0,0,0,1,0
2013-03-01,2013,3,1,봄,0,0,전라선,122.0,91.0,9.0,0,여유없음,87.0,13.0,0,1,0,0,0,0,1,0
2013-04-01,2013,4,2,봄,0,0,경부선,3398.0,95.0,5.0,0,여유없음,91.0,9.0,0,0,0,0,0,0,0,0
2013-04-01,2013,4,2,봄,0,0,호남선,562.0,69.0,31.0,0,공실있음,91.0,9.0,0,0,0,0,0,0,0,0
2013-04-01,2013,4,2,봄,0,0,경전선,342.0,99.0,1.0,0,여유없음,91.0,9.0,0,0,0,0,0,0,0,0
2013-04-01,2013,4,2,봄,0,0,전라선,140.0,91.0,9.0,0,여유없음,91.0,9.0,0,0,0,0,0,0,0,0
2013-05-01,2013,5,2,봄,0,0,경부선,3693.0,98.0,2.0,0,여유없음,95.0,5.0,0,2,0,0,0,0,0,0
2013-05-01,2013,5,2,봄,0,0,호남선,609.0,76.0,24.0,0,공실있음,95.0,5.0,0,2,0,0,0,0,0,0
2013-05-01,2013,5,2,봄,0,0,경전선,366.0,101.0,-1.0,1,초과수요,95.0,5.0,0,2,0,0,0,0,0,0
2013-05-01,2013,5,2,봄,0,0,전라선,188.0,93.0,7.0,0,여유없음,95.0,5.0,0,2,0,0,0,0,0,0
2013-06-01,2013,6,2,여름,0,0,경부선,3379.0,93.0,7.0,0,여유없음,89.0,11.0,0,1,0,0,0,0,0,0
2013-06-01,2013,6,2,여름,0,0,호남선,526.0,68.0,32.0,0,공실있음,89.0,11.0,0,1,0,0,0,0,0,0
2013-06-01,2013,6,2,여름,0,0,경전선,321.0,92.0,8.0,0,여유없음,89.0,11.0,0,1,0,0,0,0,0,0
2013-06-01,2013,6,2,여름,0,0,전라선,170.0,87.0,13.0,0,공실있음,89.0,11.0,0,1,0,0,0,0,0,0
2013-07-01,2013,7,3,여름,0,0,경부선,3376.0,91.0,9.0,0,여유없음,87.0,13.0,0,0,0,0,0,0,0,0
2013-07-01,2013,7,3,여름,0,0,호남선,507.0,64.0,36.0,0,공실있음,87.0,13.0,0,0,0,0,0,0,0,0
2013-07-01,2013,7,3,여름,0,0,경전선,319.0,90.0,10.0,0,공실있음,87.0,13.0,0,0,0,0,0,0,0,0
2013-07-01,2013,7,3,여름,0,0,전라선,165.0,82.0,18.0,0,공실있음,87.0,13.0,0,0,0,0,0,0,0,0
2013-08-01,2013,8,3,여름,0,0,경부선,3535.0,94.0,6.0,0,여유없음,90.0,10.0,0,1,0,0,0,1,0,0
2013-08-01,2013,8,3,여름,0,0,호남선,564.0,70.0,30.0,0,공실있음,90.0,10.0,0,1,0,0,0,1,0,0
2013-08-01,2013,8,3,여름,0,0,경전선,325.0,90.0,10.0,0,공실있음,90.0,10.0,0,1,0,0,0,1,0,0
2013-08-01,2013,8,3,여름,0,0,전라선,189.0,93.0,7.0,0,여유없음,90.0,10.0,0,1,0,0,0,1,0,0
2013-09-01,2013,9,3,가을,0,0,경부선,3538.0,96.0,4.0,0,여유없음,93.0,7.0,0,3,0,1,1,0,0,1
2013-09-01,2013,9,3,가을,0,0,호남선,607.0,77.0,23.0,0,공실있음,93.0,7.0,0,3,0,1,1,0,0,1
2013-09-01,2013,9,3,가을,0,0,경전선,353.0,98.0,2.0,0,여유없음,93.0,7.0,0,3,0,1,1,0,0,1
2013-09-01,2013,9,3,가을,0,0,전라선,183.0,93.0,7.0,0,여유없음,93.0,7.0,0,3,0,1,1,0,0,1
2013-10-01,2013,10,4,가을,0,0,경부선,3671.0,99.0,1.0,0,여유없음,95.0,5.0,0,2,0,0,0,0,1,0
2013-10-01,2013,10,4,가을,0,0,호남선,581.0,72.0,28.0,0,공실있음,95.0,5.0,0,2,0,0,0,0,1,0
2013-10-01,2013,10,4,가을,0,0,경전선,349.0,99.0,1.0,0,여유없음,95.0,5.0,0,2,0,0,0,0,1,0
2013-10-01,2013,10,4,가을,0,0,전라선,190.0,94.0,6.0,0,여유없음,95.0,5.0,0,2,0,0,0,0,1,0
2013-11-01,2013,11,4,가을,0,0,경부선,3733.0,103.0,-3.0,1,초과수요,98.0,2.0,0,0,0,0,0,0,0,0
2013-11-01,2013,11,4,가을,0,0,호남선,594.0,76.0,24.0,0,공실있음,98.0,2.0,0,0,0,0,0,0,0,0
2013-11-01,2013,11,4,가을,0,0,경전선,359.0,103.0,-3.0,1,초과수요,98.0,2.0,0,0,0,0,0,0,0,0
2013-11-01,2013,11,4,가을,0,0,전라선,180.0,92.0,8.0,0,여유없음,98.0,2.0,0,0,0,0,0,0,0,0
2013-12-01,2013,12,4,겨울,0,0,경부선,3533.0,96.0,4.0,0,여유없음,91.0,9.0,0,1,0,0,0,1,0,0
2013-12-01,2013,12,4,겨울,0,0,호남선,541.0,68.0,32.0,0,공실있음,91.0,9.0,0,1,0,0,0,1,0,0
2013-12-01,2013,12,4,겨울,0,0,경전선,351.0,97.0,3.0,0,여유없음,91.0,9.0,0,1,0,0,0,1,0,0
2013-12-01,2013,12,4,겨울,0,0,전라선,168.0,83.0,17.0,0,공실있음,91.0,9.0,0,1,0,0,0,1,0,0
2014-01-01,2014,1,1,겨울,0,0,경부선,3422.0,101.0,-1.0,1,초과수요,96.0,4.0,0,3,1,0,1,1,0,0
2014-01-01,2014,1,1,겨울,0,0,호남선,536.0,72.0,28.0,0,공실있음,96.0,4.0,0,3,1,0,1,1,0,0
2014-01-01,2014,1,1,겨울,0,0,경전선,337.0,100.0,0.0,0,여유없음,96.0,4.0,0,3,1,0,1,1,0,0
2014-01-01,2014,1,1,겨울,0,0,전라선,171.0,98.0,2.0,0,여유없음,96.0,4.0,0,3,1,0,1,1,0,0
2014-02-01,2014,2,1,겨울,0,0,경부선,3450.0,100.0,0.0,0,여유없음,94.0,6.0,0,1,1,0,1,0,1,0
2014-02-01,2014,2,1,겨울,0,0,호남선,490.0,68.0,32.0,0,공실있음,94.0,6.0,0,1,1,0,1,0,1,0
2014-02-01,2014,2,1,겨울,0,0,경전선,324.0,100.0,0.0,0,여유없음,94.0,6.0,0,1,1,0,1,0,1,0
2014-02-01,2014,2,1,겨울,0,0,전라선,162.0,89.0,11.0,0,공실있음,94.0,6.0,0,1,1,0,1,0,1,0
2014-03-01,2014,3,1,봄,0,0,경부선,3456.0,93.0,7.0,0,여유없음,88.0,12.0,0,1,0,0,0,0,1,0
2014-03-01,2014,3,1,봄,0,0,호남선,523.0,65.0,35.0,0,공실있음,88.0,12.0,0,1,0,0,0,0,1,0
2014-03-01,2014,3,1,봄,0,0,경전선,334.0,92.0,8.0,0,여유없음,88.0,12.0,0,1,0,0,0,0,1,0
2014-03-01,2014,3,1,봄,0,0,전라선,166.0,82.0,18.0,0,공실있음,88.0,12.0,0,1,0,0,0,0,1,0
2014-04-01,2014,4,2,봄,0,0,경부선,3529.0,99.0,1.0,0,여유없음,94.0,6.0,0,0,0,0,0,0,0,0
2014-04-01,2014,4,2,봄,0,0,호남선,542.0,70.0,30.0,0,공실있음,94.0,6.0,0,0,0,0,0,0,0,0
2014-04-01,2014,4,2,봄,0,0,경전선,349.0,102.0,-2.0,1,초과수요,94.0,6.0,0,0,0,0,0,0,0,0
2014-04-01,2014,4,2,봄,0,0,전라선,169.0,87.0,13.0,0,공실있음,94.0,6.0,0,0,0,0,0,0,0,0
2014-05-01,2014,5,2,봄,0,0,경부선,3822.0,102.0,-2.0,1,초과수요,97.0,3.0,0,2,0,0,0,0,0,0
2014-05-01,2014,5,2,봄,0,0,호남선,587.0,73.0,27.0,0,공실있음,97.0,3.0,0,2,0,0,0,0,0,0
2014-05-01,2014,5,2,봄,0,0,경전선,364.0,100.0,0.0,0,여유없음,97.0,3.0,0,2,0,0,0,0,0,0
2014-05-01,2014,5,2,봄,0,0,전라선,186.0,92.0,8.0,0,여유없음,97.0,3.0,0,2,0,0,0,0,0,0
2014-06-01,2014,6,2,여름,0,0,경부선,3551.0,99.0,1.0,0,여유없음,93.0,7.0,0,2,0,0,0,0,0,0
2014-06-01,2014,6,2,여름,0,0,호남선,522.0,67.0,33.0,0,공실있음,93.0,7.0,0,2,0,0,0,0,0,0
2014-06-01,2014,6,2,여름,0,0,경전선,342.0,97.0,3.0,0,여유없음,93.0,7.0,0,2,0,0,0,0,0,0
2014-06-01,2014,6,2,여름,0,0,전라선,176.0,91.0,9.0,0,여유없음,93.0,7.0,0,2,0,0,0,0,0,0
2014-07-01,2014,7,3,여름,0,0,경부선,3525.0,101.0,-1.0,1,초과수요,95.0,5.0,0,0,0,0,0,0,0,0
2014-07-01,2014,7,3,여름,0,0,호남선,501.0,66.0,34.0,0,공실있음,95.0,5.0,0,0,0,0,0,0,0,0
2014-07-01,2014,7,3,여름,0,0,경전선,363.0,94.0,6.0,0,여유없음,95.0,5.0,0,0,0,0,0,0,0,0
2014-07-01,2014,7,3,여름,0,0,전라선,179.0,90.0,10.0,0,공실있음,95.0,5.0,0,0,0,0,0,0,0,0
2014-08-01,2014,8,3,여름,0,0,경부선,3809.0,108.0,-8.0,1,초과수요,102.0,-2.0,0,1,0,0,0,1,0,0
2014-08-01,2014,8,3,여름,0,0,호남선,576.0,75.0,25.0,0,공실있음,102.0,-2.0,0,1,0,0,0,1,0,0
2014-08-01,2014,8,3,여름,0,0,경전선,397.0,101.0,-1.0,1,초과수요,102.0,-2.0,0,1,0,0,0,1,0,0
2014-08-01,2014,8,3,여름,0,0,전라선,214.0,108.0,-8.0,1,초과수요,102.0,-2.0,0,1,0,0,0,1,0,0
2014-09-01,2014,9,3,가을,0,0,경부선,3600.0,104.0,-4.0,1,초과수요,99.0,1.0,0,4,0,1,1,0,0,1
2014-09-01,2014,9,3,가을,0,0,호남선,566.0,76.0,24.0,0,공실있음,99.0,1.0,0,4,0,1,1,0,0,1
2014-09-01,2014,9,3,가을,0,0,경전선,389.0,100.0,0.0,0,여유없음,99.0,1.0,0,4,0,1,1,0,0,1
2014-09-01,2014,9,3,가을,0,0,전라선,198.0,97.0,3.0,0,여유없음,99.0,1.0,0,4,0,1,1,0,0,1
2014-10-01,2014,10,4,가을,0,0,경부선,3904.0,111.0,-11.0,1,초과수요,105.0,-5.0,0,2,0,0,0,0,1,0
2014-10-01,2014,10,4,가을,0,0,호남선,592.0,78.0,22.0,0,공실있음,105.0,-5.0,0,2,0,0,0,0,1,0
2014-10-01,2014,10,4,가을,0,0,경전선,416.0,107.0,-7.0,1,초과수요,105.0,-5.0,0,2,0,0,0,0,1,0
2014-10-01,2014,10,4,가을,0,0,전라선,207.0,104.0,-4.0,1,초과수요,105.0,-5.0,0,2,0,0,0,0,1,0
2014-11-01,2014,11,4,가을,0,0,경부선,3747.0,109.0,-9.0,1,초과수요,104.0,-4.0,0,0,0,0,0,0,0,0
2014-11-01,2014,11,4,가을,0,0,호남선,576.0,78.0,22.0,0,공실있음,104.0,-4.0,0,0,0,0,0,0,0,0
2014-11-01,2014,11,4,가을,0,0,경전선,397.0,104.0,-4.0,1,초과수요,104.0,-4.0,0,0,0,0,0,0,0,0
2014-11-01,2014,11,4,가을,0,0,전라선,196.0,102.0,-2.0,1,초과수요,104.0,-4.0,0,0,0,0,0,0,0,0
2014-12-01,2014,12,4,겨울,0,0,경부선,3907.0,111.0,-11.0,1,초과수요,106.0,-6.0,0,1,0,0,0,0,0,0
2014-12-01,2014,12,4,겨울,0,0,호남선,615.0,81.0,19.0,0,공실있음,106.0,-6.0,0,1,0,0,0,0,0,0
2014-12-01,2014,12,4,겨울,0,0,경전선,413.0,107.0,-7.0,1,초과수요,106.0,-6.0,0,1,0,0,0,0,0,0
2014-12-01,2014,12,4,겨울,0,0,전라선,220.0,104.0,-4.0,1,초과수요,106.0,-6.0,0,1,0,0,0,0,0,0
2015-01-01,2015,1,1,겨울,0,0,경부선,3667.0,104.0,-4.0,1,초과수요,98.0,2.0,0,1,0,0,0,1,0,0
2015-01-01,2015,1,1,겨울,0,0,호남선,548.0,72.0,28.0,0,공실있음,98.0,2.0,0,1,0,0,0,1,0,0
2015-01-01,2015,1,1,겨울,0,0,경전선,383.0,98.0,2.0,0,여유없음,98.0,2.0,0,1,0,0,0,1,0,0
2015-01-01,2015,1,1,겨울,0,0,전라선,206.0,100.0,0.0,0,여유없음,98.0,2.0,0,1,0,0,0,1,0,0
2015-02-01,2015,2,1,겨울,0,0,경부선,3323.0,106.0,-6.0,1,초과수요,101.0,-1.0,0,3,1,0,1,0,0,1
2015-02-01,2015,2,1,겨울,0,0,호남선,526.0,79.0,21.0,0,공실있음,101.0,-1.0,0,3,1,0,1,0,0,1
2015-02-01,2015,2,1,겨울,0,0,경전선,360.0,103.0,-3.0,1,초과수요,101.0,-1.0,0,3,1,0,1,0,0,1
2015-02-01,2015,2,1,겨울,0,0,전라선,190.0,106.0,-6.0,1,초과수요,101.0,-1.0,0,3,1,0,1,0,0,1
2015-03-01,2015,3,1,봄,0,0,경부선,3565.0,102.0,-2.0,1,초과수요,96.0,4.0,0,1,0,0,0,0,1,0
2015-03-01,2015,3,1,봄,0,0,호남선,545.0,71.0,29.0,0,공실있음,96.0,4.0,0,1,0,0,0,0,1,0
2015-03-01,2015,3,1,봄,0,0,경전선,378.0,97.0,3.0,0,여유없음,96.0,4.0,0,1,0,0,0,0,1,0
2015-03-01,2015,3,1,봄,0,0,전라선,187.0,94.0,6.0,0,여유없음,96.0,4.0,0,1,0,0,0,0,1,0
2015-04-01,2015,4,2,봄,0,0,경부선,3524.0,104.0,-4.0,1,초과수요,100.0,0.0,0,0,0,0,0,0,0,0
2015-04-01,2015,4,2,봄,0,0,호남선,726.0,84.0,16.0,0,공실있음,100.0,0.0,0,0,0,0,0,0,0,0
2015-04-01,2015,4,2,봄,0,0,경전선,384.0,114.0,-14.0,1,초과수요,100.0,0.0,0,0,0,0,0,0,0,0
2015-04-01,2015,4,2,봄,0,0,전라선,258.0,81.0,19.0,0,공실있음,100.0,0.0,0,0,0,0,0,0,0,0
2015-04-01,2015,4,2,봄,0,0,동해선,224.0,101.0,-1.0,1,초과수요,100.0,0.0,0,0,0,0,0,0,0,0
2015-05-01,2015,5,2,봄,0,0,경부선,3894.0,108.0,-8.0,1,초과수요,105.0,-5.0,0,2,0,0,0,0,0,0
2015-05-01,2015,5,2,봄,0,0,호남선,844.0,91.0,9.0,0,여유없음,105.0,-5.0,0,2,0,0,0,0,0,0
2015-05-01,2015,5,2,봄,0,0,경전선,418.0,118.0,-18.0,1,초과수요,105.0,-5.0,0,2,0,0,0,0,0,0
2015-05-01,2015,5,2,봄,0,0,전라선,318.0,95.0,5.0,0,여유없음,105.0,-5.0,0,2,0,0,0,0,0,0
2015-05-01,2015,5,2,봄,0,0,동해선,265.0,108.0,-8.0,1,초과수요,105.0,-5.0,0,2,0,0,0,0,0,0
2015-06-01,2015,6,2,여름,0,0,경부선,2554.0,75.0,25.0,0,공실있음,73.0,27.0,0,1,0,0,0,0,0,0
2015-06-01,2015,6,2,여름,0,0,호남선,538.0,62.0,38.0,0,공실있음,73.0,27.0,0,1,0,0,0,0,0,0
2015-06-01,2015,6,2,여름,0,0,경전선,288.0,87.0,13.0,0,공실있음,73.0,27.0,0,1,0,0,0,0,0,0
2015-06-01,2015,6,2,여름,0,0,전라선,190.0,59.0,41.0,0,공실있음,73.0,27.0,0,1,0,0,0,0,0,0
2015-06-01,2015,6,2,여름,0,0,동해선,168.0,76.0,24.0,0,공실있음,73.0,27.0,0,1,0,0,0,0,0,0
2015-07-01,2015,7,3,여름,0,0,경부선,3266.0,93.0,7.0,0,여유없음,90.0,10.0,0,0,0,0,0,0,0,0
2015-07-01,2015,7,3,여름,0,0,호남선,691.0,76.0,24.0,0,공실있음,90.0,10.0,0,0,0,0,0,0,0,0
2015-07-01,2015,7,3,여름,0,0,경전선,360.0,104.0,-4.0,1,초과수요,90.0,10.0,0,0,0,0,0,0,0,0
2015-07-01,2015,7,3,여름,0,0,전라선,264.0,79.0,21.0,0,공실있음,90.0,10.0,0,0,0,0,0,0,0,0
2015-07-01,2015,7,3,여름,0,0,동해선,224.0,97.0,3.0,0,여유없음,90.0,10.0,0,0,0,0,0,0,0,0
2015-08-01,2015,8,3,여름,0,0,경부선,3554.0,105.0,-5.0,1,초과수요,97.0,3.0,0,1,0,0,0,1,0,0
2015-08-01,2015,8,3,여름,0,0,호남선,784.0,74.0,26.0,0,공실있음,97.0,3.0,0,1,0,0,0,1,0,0
2015-08-01,2015,8,3,여름,0,0,경전선,395.0,106.0,-6.0,1,초과수요,97.0,3.0,0,1,0,0,0,1,0,0
2015-08-01,2015,8,3,여름,0,0,전라선,308.0,90.0,10.0,0,공실있음,97.0,3.0,0,1,0,0,0,1,0,0
2015-08-01,2015,8,3,여름,0,0,동해선,301.0,92.0,8.0,0,여유없음,97.0,3.0,0,1,0,0,0,1,0,0
2015-09-01,2015,9,3,가을,0,0,경부선,3386.0,101.0,-1.0,1,초과수요,96.0,4.0,0,4,0,1,1,0,0,0
2015-09-01,2015,9,3,가을,0,0,호남선,839.0,78.0,22.0,0,공실있음,96.0,4.0,0,4,0,1,1,0,0,0
2015-09-01,2015,9,3,가을,0,0,경전선,397.0,109.0,-9.0,1,초과수요,96.0,4.0,0,4,0,1,1,0,0,0
2015-09-01,2015,9,3,가을,0,0,전라선,287.0,85.0,15.0,0,공실있음,96.0,4.0,0,4,0,1,1,0,0,0
2015-09-01,2015,9,3,가을,0,0,동해선,293.0,90.0,10.0,0,공실있음,96.0,4.0,0,4,0,1,1,0,0,0
2015-10-01,2015,10,4,가을,0,0,경부선,3700.0,108.0,-8.0,1,초과수요,102.0,-2.0,0,2,0,0,0,0,1,0
2015-10-01,2015,10,4,가을,0,0,호남선,885.0,83.0,17.0,0,공실있음,102.0,-2.0,0,2,0,0,0,0,1,0
2015-10-01,2015,10,4,가을,0,0,경전선,420.0,113.0,-13.0,1,초과수요,102.0,-2.0,0,2,0,0,0,0,1,0
2015-10-01,2015,10,4,가을,0,0,전라선,319.0,93.0,7.0,0,여유없음,102.0,-2.0,0,2,0,0,0,0,1,0
2015-10-01,2015,10,4,가을,0,0,동해선,309.0,94.0,6.0,0,여유없음,102.0,-2.0,0,2,0,0,0,0,1,0
2015-11-01,2015,11,4,가을,0,0,경부선,3609.0,109.0,-9.0,1,초과수요,103.0,-3.0,0,0,0,0,0,0,0,0
2015-11-01,2015,11,4,가을,0,0,호남선,874.0,85.0,15.0,0,공실있음,103.0,-3.0,0,0,0,0,0,0,0,0
2015-11-01,2015,11,4,가을,0,0,경전선,417.0,116.0,-16.0,1,초과수요,103.0,-3.0,0,0,0,0,0,0,0,0
2015-11-01,2015,11,4,가을,0,0,전라선,306.0,92.0,8.0,0,여유없음,103.0,-3.0,0,0,0,0,0,0,0,0
2015-11-01,2015,11,4,가을,0,0,동해선,305.0,96.0,4.0,0,여유없음,103.0,-3.0,0,0,0,0,0,0,0,0
2015-12-01,2015,12,4,겨울,0,0,경부선,3556.0,105.0,-5.0,1,초과수요,99.0,1.0,0,1,0,0,0,0,0,0
2015-12-01,2015,12,4,겨울,0,0,호남선,861.0,81.0,19.0,0,공실있음,99.0,1.0,0,1,0,0,0,0,0,0
2015-12-01,2015,12,4,겨울,0,0,경전선,406.0,111.0,-11.0,1,초과수요,99.0,1.0,0,1,0,0,0,0,0,0
2015-12-01,2015,12,4,겨울,0,0,전라선,308.0,90.0,10.0,0,공실있음,99.0,1.0,0,1,0,0,0,0,0,0
2015-12-01,2015,12,4,겨울,0,0,동해선,307.0,93.0,7.0,0,여유없음,99.0,1.0,0,1,0,0,0,0,0,0
2016-01-01,2016,1,1,겨울,0,0,경부선,3398.0,99.0,1.0,0,여유없음,94.0,6.0,0,1,0,0,0,1,0,0
2016-01-01,2016,1,1,겨울,0,0,호남선,831.0,78.0,22.0,0,공실있음,94.0,6.0,0,1,0,0,0,1,0,0
2016-01-01,2016,1,1,겨울,0,0,경전선,386.0,103.0,-3.0,1,초과수요,94.0,6.0,0,1,0,0,0,1,0,0
2016-01-01,2016,1,1,겨울,0,0,전라선,308.0,90.0,10.0,0,공실있음,94.0,6.0,0,1,0,0,0,1,0,0
2016-01-01,2016,1,1,겨울,0,0,동해선,293.0,89.0,11.0,0,공실있음,94.0,6.0,0,1,0,0,0,1,0,0
2016-02-01,2016,2,1,겨울,0,0,경부선,3363.0,103.0,-3.0,1,초과수요,98.0,2.0,0,4,1,0,1,0,0,1
2016-02-01,2016,2,1,겨울,0,0,호남선,826.0,81.0,19.0,0,공실있음,98.0,2.0,0,4,1,0,1,0,0,1
2016-02-01,2016,2,1,겨울,0,0,경전선,391.0,107.0,-7.0,1,초과수요,98.0,2.0,0,4,1,0,1,0,0,1
2016-02-01,2016,2,1,겨울,0,0,전라선,304.0,94.0,6.0,0,여유없음,98.0,2.0,0,4,1,0,1,0,0,1
2016-02-01,2016,2,1,겨울,0,0,동해선,300.0,94.0,6.0,0,여유없음,98.0,2.0,0,4,1,0,1,0,0,1
2016-03-01,2016,3,1,봄,0,0,경부선,3246.0,96.0,4.0,0,여유없음,91.0,9.0,0,1,0,0,0,0,1,0
2016-03-01,2016,3,1,봄,0,0,호남선,816.0,77.0,23.0,0,공실있음,91.0,9.0,0,1,0,0,0,0,1,0
2016-03-01,2016,3,1,봄,0,0,경전선,385.0,104.0,-4.0,1,초과수요,91.0,9.0,0,1,0,0,0,0,1,0
2016-03-01,2016,3,1,봄,0,0,전라선,285.0,84.0,16.0,0,공실있음,91.0,9.0,0,1,0,0,0,0,1,0
2016-03-01,2016,3,1,봄,0,0,동해선,278.0,83.0,17.0,0,공실있음,91.0,9.0,0,1,0,0,0,0,1,0
2016-04-01,2016,4,2,봄,0,0,경부선,3438.0,104.0,-4.0,1,초과수요,100.0,0.0,0,1,0,0,0,0,0,0
2016-04-01,2016,4,2,봄,0,0,호남선,885.0,86.0,14.0,0,공실있음,100.0,0.0,0,1,0,0,0,0,0,0
2016-04-01,2016,4,2,봄,0,0,경전선,422.0,115.0,-15.0,1,초과수요,100.0,0.0,0,1,0,0,0,0,0,0
2016-04-01,2016,4,2,봄,0,0,전라선,311.0,93.0,7.0,0,여유없음,100.0,0.0,0,1,0,0,0,0,0,0
2016-04-01,2016,4,2,봄,0,0,동해선,299.0,92.0,8.0,0,여유없음,100.0,0.0,0,1,0,0,0,0,0,0
2016-05-01,2016,5,2,봄,0,0,경부선,3638.0,106.0,-6.0,1,초과수요,102.0,-2.0,0,3,0,0,0,0,0,0
2016-05-01,2016,5,2,봄,0,0,호남선,955.0,87.0,13.0,0,공실있음,102.0,-2.0,0,3,0,0,0,0,0,0
2016-05-01,2016,5,2,봄,0,0,경전선,431.0,115.0,-15.0,1,초과수요,102.0,-2.0,0,3,0,0,0,0,0,0
2016-05-01,2016,5,2,봄,0,0,전라선,341.0,98.0,2.0,0,여유없음,102.0,-2.0,0,3,0,0,0,0,0,0
2016-05-01,2016,5,2,봄,0,0,동해선,327.0,96.0,4.0,0,여유없음,102.0,-2.0,0,3,0,0,0,0,0,0
2016-06-01,2016,6,2,여름,0,0,경부선,3421.0,104.0,-4.0,1,초과수요,98.0,2.0,0,1,0,0,0,0,0,0
2016-06-01,2016,6,2,여름,0,0,호남선,861.0,80.0,20.0,0,공실있음,98.0,2.0,0,1,0,0,0,0,0,0
2016-06-01,2016,6,2,여름,0,0,경전선,399.0,111.0,-11.0,1,초과수요,98.0,2.0,0,1,0,0,0,0,0,0
2016-06-01,2016,6,2,여름,0,0,전라선,302.0,92.0,8.0,0,여유없음,98.0,2.0,0,1,0,0,0,0,0,0
2016-06-01,2016,6,2,여름,0,0,동해선,287.0,89.0,11.0,0,공실있음,98.0,2.0,0,1,0,0,0,0,0,0
2016-07-01,2016,7,3,여름,0,0,경부선,3514.0,102.0,-2.0,1,초과수요,96.0,4.0,0,0,0,0,0,0,0,0
2016-07-01,2016,7,3,여름,0,0,호남선,874.0,79.0,21.0,0,공실있음,96.0,4.0,0,0,0,0,0,0,0,0
2016-07-01,2016,7,3,여름,0,0,경전선,408.0,107.0,-7.0,1,초과수요,96.0,4.0,0,0,0,0,0,0,0,0
2016-07-01,2016,7,3,여름,0,0,전라선,318.0,93.0,7.0,0,여유없음,96.0,4.0,0,0,0,0,0,0,0,0
2016-07-01,2016,7,3,여름,0,0,동해선,303.0,91.0,9.0,0,여유없음,96.0,4.0,0,0,0,0,0,0,0,0
2016-08-01,2016,8,3,여름,0,0,경부선,3498.0,103.0,-3.0,1,초과수요,98.0,2.0,0,1,0,0,0,1,0,0
2016-08-01,2016,8,3,여름,0,0,호남선,882.0,81.0,19.0,0,공실있음,98.0,2.0,0,1,0,0,0,1,0,0
2016-08-01,2016,8,3,여름,0,0,경전선,397.0,109.0,-9.0,1,초과수요,98.0,2.0,0,1,0,0,0,1,0,0
2016-08-01,2016,8,3,여름,0,0,전라선,333.0,99.0,1.0,0,여유없음,98.0,2.0,0,1,0,0,0,1,0,0
2016-08-01,2016,8,3,여름,0,0,동해선,314.0,95.0,5.0,0,여유없음,98.0,2.0,0,1,0,0,0,1,0,0
2016-09-01,2016,9,3,가을,0,0,경부선,3400.0,101.0,-1.0,1,초과수요,97.0,3.0,0,3,0,1,1,0,0,1
2016-09-01,2016,9,3,가을,0,0,호남선,944.0,85.0,15.0,0,공실있음,97.0,3.0,0,3,0,1,1,0,0,1
2016-09-01,2016,9,3,가을,0,0,경전선,419.0,108.0,-8.0,1,초과수요,97.0,3.0,0,3,0,1,1,0,0,1
2016-09-01,2016,9,3,가을,0,0,전라선,324.0,95.0,5.0,0,여유없음,97.0,3.0,0,3,0,1,1,0,0,1
2016-09-01,2016,9,3,가을,0,0,동해선,312.0,92.0,8.0,0,여유없음,97.0,3.0,0,3,0,1,1,0,0,1
2016-10-01,2016,10,4,가을,0,0,경부선,3770.0,111.0,-11.0,1,초과수요,106.0,-6.0,0,2,0,0,0,0,1,0
2016-10-01,2016,10,4,가을,0,0,호남선,1011.0,91.0,9.0,0,여유없음,106.0,-6.0,0,2,0,0,0,0,1,0
2016-10-01,2016,10,4,가을,0,0,경전선,444.0,119.0,-19.0,1,초과수요,106.0,-6.0,0,2,0,0,0,0,1,0
2016-10-01,2016,10,4,가을,0,0,전라선,360.0,105.0,-5.0,1,초과수요,106.0,-6.0,0,2,0,0,0,0,1,0
2016-10-01,2016,10,4,가을,0,0,동해선,326.0,97.0,3.0,0,여유없음,106.0,-6.0,0,2,0,0,0,0,1,0
2016-11-01,2016,11,4,가을,0,0,경부선,3615.0,114.0,-14.0,1,초과수요,109.0,-9.0,0,0,0,0,0,0,0,0
2016-11-01,2016,11,4,가을,0,0,호남선,979.0,94.0,6.0,0,여유없음,109.0,-9.0,0,0,0,0,0,0,0,0
2016-11-01,2016,11,4,가을,0,0,경전선,418.0,124.0,-24.0,1,초과수요,109.0,-9.0,0,0,0,0,0,0,0,0
2016-11-01,2016,11,4,가을,0,0,전라선,329.0,104.0,-4.0,1,초과수요,109.0,-9.0,0,0,0,0,0,0,0,0
2016-11-01,2016,11,4,가을,0,0,동해선,315.0,100.0,0.0,0,여유없음,109.0,-9.0,0,0,0,0,0,0,0,0
2016-12-01,2016,12,4,겨울,0,1,경부선,2965.0,103.0,-3.0,1,초과수요,96.0,4.0,0,1,0,0,0,1,0,0
2016-12-01,2016,12,4,겨울,0,1,호남선,759.0,71.0,29.0,0,공실있음,96.0,4.0,0,1,0,0,0,1,0,0
2016-12-01,2016,12,4,겨울,0,1,경전선,482.0,102.0,-2.0,1,초과수요,96.0,4.0,0,1,0,0,0,1,0,0
2016-12-01,2016,12,4,겨울,0,1,전라선,427.0,98.0,2.0,0,여유없음,96.0,4.0,0,1,0,0,0,1,0,0
2016-12-01,2016,12,4,겨울,0,1,동해선,432.0,116.0,-16.0,1,초과수요,96.0,4.0,0,1,0,0,0,1,0,0
2017-01-01,2017,1,1,겨울,0,1,경부선,2746.0,92.0,8.0,0,여유없음,89.0,11.0,0,5,1,0,1,0,0,0
2017-01-01,2017,1,1,겨울,0,1,호남선,772.0,69.0,31.0,0,공실있음,89.0,11.0,0,5,1,0,1,0,0,0
2017-01-01,2017,1,1,겨울,0,1,경전선,496.0,94.0,6.0,0,여유없음,89.0,11.0,0,5,1,0,1,0,0,0
2017-01-01,2017,1,1,겨울,0,1,전라선,451.0,84.0,16.0,0,공실있음,89.0,11.0,0,5,1,0,1,0,0,0
2017-01-01,2017,1,1,겨울,0,1,동해선,515.0,123.0,-23.0,1,초과수요,89.0,11.0,0,5,1,0,1,0,0,0
2017-02-01,2017,2,1,겨울,0,1,경부선,2483.0,95.0,5.0,0,여유없음,91.0,9.0,0,0,0,0,0,0,0,0
2017-02-01,2017,2,1,겨울,0,1,호남선,676.0,68.0,32.0,0,공실있음,91.0,9.0,0,0,0,0,0,0,0,0
2017-02-01,2017,2,1,겨울,0,1,경전선,441.0,96.0,4.0,0,여유없음,91.0,9.0,0,0,0,0,0,0,0,0
2017-02-01,2017,2,1,겨울,0,1,전라선,411.0,87.0,13.0,0,공실있음,91.0,9.0,0,0,0,0,0,0,0,0
2017-02-01,2017,2,1,겨울,0,1,동해선,488.0,129.0,-29.0,1,초과수요,91.0,9.0,0,0,0,0,0,0,0,0
2017-03-01,2017,3,1,봄,0,1,경부선,2543.0,83.0,17.0,0,공실있음,83.0,17.0,0,1,0,0,0,0,0,0
2017-03-01,2017,3,1,봄,0,1,호남선,714.0,64.0,36.0,0,공실있음,83.0,17.0,0,1,0,0,0,0,0,0
2017-03-01,2017,3,1,봄,0,1,경전선,433.0,87.0,13.0,0,공실있음,83.0,17.0,0,1,0,0,0,0,0,0
2017-03-01,2017,3,1,봄,0,1,전라선,422.0,79.0,21.0,0,공실있음,83.0,17.0,0,1,0,0,0,0,0,0
2017-03-01,2017,3,1,봄,0,1,동해선,537.0,129.0,-29.0,1,초과수요,83.0,17.0,0,1,0,0,0,0,0,0
2017-04-01,2017,4,2,봄,0,1,경부선,2722.0,91.0,9.0,0,여유없음,91.0,9.0,0,0,0,0,0,0,0,0
2017-04-01,2017,4,2,봄,0,1,호남선,775.0,73.0,27.0,0,공실있음,91.0,9.0,0,0,0,0,0,0,0,0
2017-04-01,2017,4,2,봄,0,1,경전선,475.0,98.0,2.0,0,여유없음,91.0,9.0,0,0,0,0,0,0,0,0
2017-04-01,2017,4,2,봄,0,1,전라선,476.0,89.0,11.0,0,공실있음,91.0,9.0,0,0,0,0,0,0,0,0
2017-04-01,2017,4,2,봄,0,1,동해선,558.0,124.0,-24.0,1,초과수요,91.0,9.0,0,0,0,0,0,0,0,0
2017-05-01,2017,5,2,봄,0,1,경부선,2834.0,92.0,8.0,0,여유없음,92.0,8.0,0,3,0,0,0,0,0,0
2017-05-01,2017,5,2,봄,0,1,호남선,803.0,74.0,26.0,0,공실있음,92.0,8.0,0,3,0,0,0,0,0,0
2017-05-01,2017,5,2,봄,0,1,경전선,485.0,95.0,5.0,0,여유없음,92.0,8.0,0,3,0,0,0,0,0,0
2017-05-01,2017,5,2,봄,0,1,전라선,513.0,93.0,7.0,0,여유없음,92.0,8.0,0,3,0,0,0,0,0,0
2017-05-01,2017,5,2,봄,0,1,동해선,580.0,124.0,-24.0,1,초과수요,92.0,8.0,0,3,0,0,0,0,0,0
2017-06-01,2017,6,2,여름,0,1,경부선,2602.0,87.0,13.0,0,공실있음,86.0,14.0,0,1,0,0,0,0,0,0
2017-06-01,2017,6,2,여름,0,1,호남선,726.0,68.0,32.0,0,공실있음,86.0,14.0,0,1,0,0,0,0,0,0
2017-06-01,2017,6,2,여름,0,1,경전선,438.0,90.0,10.0,0,공실있음,86.0,14.0,0,1,0,0,0,0,0,0
2017-06-01,2017,6,2,여름,0,1,전라선,445.0,83.0,17.0,0,공실있음,86.0,14.0,0,1,0,0,0,0,0,0
2017-06-01,2017,6,2,여름,0,1,동해선,547.0,121.0,-21.0,1,초과수요,86.0,14.0,0,1,0,0,0,0,0,0
2017-07-01,2017,7,3,여름,0,1,경부선,2601.0,84.0,16.0,0,공실있음,83.0,17.0,0,0,0,0,0,0,0,0
2017-07-01,2017,7,3,여름,0,1,호남선,713.0,64.0,36.0,0,공실있음,83.0,17.0,0,0,0,0,0,0,0,0
2017-07-01,2017,7,3,여름,0,1,경전선,433.0,86.0,14.0,0,공실있음,83.0,17.0,0,0,0,0,0,0,0,0
2017-07-01,2017,7,3,여름,0,1,전라선,443.0,80.0,20.0,0,공실있음,83.0,17.0,0,0,0,0,0,0,0,0
2017-07-01,2017,7,3,여름,0,1,동해선,530.0,113.0,-13.0,1,초과수요,83.0,17.0,0,0,0,0,0,0,0,0
2017-08-01,2017,8,3,여름,0,1,경부선,2747.0,90.0,10.0,0,공실있음,88.0,12.0,0,1,0,0,0,0,0,0
2017-08-01,2017,8,3,여름,0,1,호남선,752.0,68.0,32.0,0,공실있음,88.0,12.0,0,1,0,0,0,0,0,0
2017-08-01,2017,8,3,여름,0,1,경전선,435.0,90.0,10.0,0,공실있음,88.0,12.0,0,1,0,0,0,0,0,0
2017-08-01,2017,8,3,여름,0,1,전라선,494.0,89.0,11.0,0,공실있음,88.0,12.0,0,1,0,0,0,0,0,0
2017-08-01,2017,8,3,여름,0,1,동해선,550.0,118.0,-18.0,1,초과수요,88.0,12.0,0,1,0,0,0,0,0,0
2017-09-01,2017,9,3,가을,0,1,경부선,2611.0,88.0,12.0,0,공실있음,88.0,12.0,0,0,0,0,0,0,0,0
2017-09-01,2017,9,3,가을,0,1,호남선,771.0,73.0,27.0,0,공실있음,88.0,12.0,0,0,0,0,0,0,0,0
2017-09-01,2017,9,3,가을,0,1,경전선,450.0,94.0,6.0,0,여유없음,88.0,12.0,0,0,0,0,0,0,0,0
2017-09-01,2017,9,3,가을,0,1,전라선,477.0,84.0,16.0,0,공실있음,88.0,12.0,0,0,0,0,0,0,0,0
2017-09-01,2017,9,3,가을,0,1,동해선,573.0,126.0,-26.0,1,초과수요,88.0,12.0,0,0,0,0,0,0,0,0
2017-10-01,2017,10,4,가을,0,1,경부선,2878.0,91.0,9.0,0,여유없음,91.0,9.0,0,7,0,1,1,0,0,0
2017-10-01,2017,10,4,가을,0,1,호남선,862.0,76.0,24.0,0,공실있음,91.0,9.0,0,7,0,1,1,0,0,0
2017-10-01,2017,10,4,가을,0,1,경전선,500.0,99.0,1.0,0,여유없음,91.0,9.0,0,7,0,1,1,0,0,0
2017-10-01,2017,10,4,가을,0,1,전라선,567.0,95.0,5.0,0,여유없음,91.0,9.0,0,7,0,1,1,0,0,0
2017-10-01,2017,10,4,가을,0,1,동해선,570.0,120.0,-20.0,1,초과수요,91.0,9.0,0,7,0,1,1,0,0,0
2017-11-01,2017,11,4,가을,0,1,경부선,2755.0,93.0,7.0,0,여유없음,94.0,6.0,0,0,0,0,0,0,0,0
2017-11-01,2017,11,4,가을,0,1,호남선,823.0,78.0,22.0,0,공실있음,94.0,6.0,0,0,0,0,0,0,0,0
2017-11-01,2017,11,4,가을,0,1,경전선,477.0,102.0,-2.0,1,초과수요,94.0,6.0,0,0,0,0,0,0,0,0
2017-11-01,2017,11,4,가을,0,1,전라선,520.0,92.0,8.0,0,여유없음,94.0,6.0,0,0,0,0,0,0,0,0
2017-11-01,2017,11,4,가을,0,1,동해선,604.0,132.0,-32.0,1,초과수요,94.0,6.0,0,0,0,0,0,0,0,0
2017-12-01,2017,12,4,겨울,0,1,경부선,2903.0,94.0,6.0,0,여유없음,94.0,6.0,0,1,0,0,0,0,0,0
2017-12-01,2017,12,4,겨울,0,1,호남선,841.0,76.0,24.0,0,공실있음,94.0,6.0,0,1,0,0,0,0,0,0
2017-12-01,2017,12,4,겨울,0,1,경전선,508.0,101.0,-1.0,1,초과수요,94.0,6.0,0,1,0,0,0,0,0,0
2017-12-01,2017,12,4,겨울,0,1,전라선,547.0,95.0,5.0,0,여유없음,94.0,6.0,0,1,0,0,0,0,0,0
2017-12-01,2017,12,4,겨울,0,1,동해선,615.0,134.0,-34.0,1,초과수요,94.0,6.0,0,1,0,0,0,0,0,0
2018-01-01,2018,1,1,겨울,0,1,경부선,2626.0,87.0,13.0,0,공실있음,86.0,14.0,0,1,0,0,0,1,0,0
2018-01-01,2018,1,1,겨울,0,1,호남선,768.0,68.0,32.0,0,공실있음,86.0,14.0,0,1,0,0,0,1,0,0
2018-01-01,2018,1,1,겨울,0,1,경전선,467.0,91.0,9.0,0,여유없음,86.0,14.0,0,1,0,0,0,1,0,0
2018-01-01,2018,1,1,겨울,0,1,전라선,490.0,87.0,13.0,0,공실있음,86.0,14.0,0,1,0,0,0,1,0,0
2018-01-01,2018,1,1,겨울,0,1,동해선,562.0,131.0,-31.0,1,초과수요,86.0,14.0,0,1,0,0,0,1,0,0
2018-02-01,2018,2,1,겨울,0,1,경부선,2607.0,93.0,7.0,0,여유없음,86.0,14.0,0,3,1,0,1,0,0,0
2018-02-01,2018,2,1,겨울,0,1,호남선,806.0,66.0,34.0,0,공실있음,86.0,14.0,0,3,1,0,1,0,0,0
2018-02-01,2018,2,1,겨울,0,1,경전선,466.0,100.0,0.0,0,여유없음,86.0,14.0,0,3,1,0,1,0,0,0
2018-02-01,2018,2,1,겨울,0,1,전라선,483.0,94.0,6.0,0,여유없음,86.0,14.0,0,3,1,0,1,0,0,0
2018-02-01,2018,2,1,겨울,0,1,동해선,522.0,134.0,-34.0,1,초과수요,86.0,14.0,0,3,1,0,1,0,0,0
2018-03-01,2018,3,1,봄,0,1,경부선,2567.0,85.0,15.0,0,공실있음,83.0,17.0,0,1,0,0,0,0,1,0
2018-03-01,2018,3,1,봄,0,1,호남선,776.0,68.0,32.0,0,공실있음,83.0,17.0,0,1,0,0,0,0,1,0
2018-03-01,2018,3,1,봄,0,1,경전선,473.0,92.0,8.0,0,여유없음,83.0,17.0,0,1,0,0,0,0,1,0
2018-03-01,2018,3,1,봄,0,1,전라선,492.0,87.0,13.0,0,공실있음,83.0,17.0,0,1,0,0,0,0,1,0
2018-03-01,2018,3,1,봄,0,1,동해선,588.0,141.0,-41.0,1,초과수요,83.0,17.0,0,1,0,0,0,0,1,0
2018-04-01,2018,4,2,봄,0,1,경부선,2693.0,92.0,8.0,0,여유없음,91.0,9.0,0,0,0,0,0,0,0,0
2018-04-01,2018,4,2,봄,0,1,호남선,826.0,74.0,26.0,0,공실있음,91.0,9.0,0,0,0,0,0,0,0,0
2018-04-01,2018,4,2,봄,0,1,경전선,505.0,102.0,-2.0,1,초과수요,91.0,9.0,0,0,0,0,0,0,0,0
2018-04-01,2018,4,2,봄,0,1,전라선,515.0,94.0,6.0,0,여유없음,91.0,9.0,0,0,0,0,0,0,0,0
2018-04-01,2018,4,2,봄,0,1,동해선,573.0,149.0,-49.0,1,초과수요,91.0,9.0,0,0,0,0,0,0,0,0
2018-05-01,2018,5,2,봄,0,1,경부선,2891.0,95.0,5.0,0,여유없음,94.0,6.0,0,3,0,0,0,0,0,0
2018-05-01,2018,5,2,봄,0,1,호남선,912.0,77.0,23.0,0,공실있음,94.0,6.0,0,3,0,0,0,0,0,0
2018-05-01,2018,5,2,봄,0,1,경전선,527.0,102.0,-2.0,1,초과수요,94.0,6.0,0,3,0,0,0,0,0,0
2018-05-01,2018,5,2,봄,0,1,전라선,579.0,102.0,-2.0,1,초과수요,94.0,6.0,0,3,0,0,0,0,0,0
2018-05-01,2018,5,2,봄,0,1,동해선,611.0,155.0,-55.0,1,초과수요,94.0,6.0,0,3,0,0,0,0,0,0
2018-06-01,2018,6,2,여름,0,1,경부선,2664.0,91.0,9.0,0,여유없음,91.0,9.0,0,2,0,0,0,0,0,0
2018-06-01,2018,6,2,여름,0,1,호남선,821.0,71.0,29.0,0,공실있음,91.0,9.0,0,2,0,0,0,0,0,0
2018-06-01,2018,6,2,여름,0,1,경전선,477.0,96.0,4.0,0,여유없음,91.0,9.0,0,2,0,0,0,0,0,0
2018-06-01,2018,6,2,여름,0,1,전라선,514.0,93.0,7.0,0,여유없음,91.0,9.0,0,2,0,0,0,0,0,0
2018-06-01,2018,6,2,여름,0,1,동해선,554.0,145.0,-45.0,1,초과수요,91.0,9.0,0,2,0,0,0,0,0,0
2018-07-01,2018,7,3,여름,0,1,경부선,2647.0,87.0,13.0,0,공실있음,87.0,13.0,0,0,0,0,0,0,0,0
2018-07-01,2018,7,3,여름,0,1,호남선,795.0,66.0,34.0,0,공실있음,87.0,13.0,0,0,0,0,0,0,0,0
2018-07-01,2018,7,3,여름,0,1,경전선,486.0,95.0,5.0,0,여유없음,87.0,13.0,0,0,0,0,0,0,0,0
2018-07-01,2018,7,3,여름,0,1,전라선,509.0,91.0,9.0,0,여유없음,87.0,13.0,0,0,0,0,0,0,0,0
2018-07-01,2018,7,3,여름,0,1,동해선,553.0,140.0,-40.0,1,초과수요,87.0,13.0,0,0,0,0,0,0,0,0
2018-08-01,2018,8,3,여름,0,1,경부선,2734.0,89.0,11.0,0,공실있음,89.0,11.0,0,1,0,0,0,1,0,0
2018-08-01,2018,8,3,여름,0,1,호남선,811.0,67.0,33.0,0,공실있음,89.0,11.0,0,1,0,0,0,1,0,0
2018-08-01,2018,8,3,여름,0,1,경전선,487.0,95.0,5.0,0,여유없음,89.0,11.0,0,1,0,0,0,1,0,0
2018-08-01,2018,8,3,여름,0,1,전라선,539.0,96.0,4.0,0,여유없음,89.0,11.0,0,1,0,0,0,1,0,0
2018-08-01,2018,8,3,여름,0,1,동해선,560.0,142.0,-42.0,1,초과수요,89.0,11.0,0,1,0,0,0,1,0,0
2018-09-01,2018,9,3,가을,0,1,경부선,2777.0,88.0,12.0,0,공실있음,91.0,9.0,0,4,0,1,1,0,0,1
2018-09-01,2018,9,3,가을,0,1,호남선,893.0,75.0,25.0,0,공실있음,91.0,9.0,0,4,0,1,1,0,0,1
2018-09-01,2018,9,3,가을,0,1,경전선,505.0,101.0,-1.0,1,초과수요,91.0,9.0,0,4,0,1,1,0,0,1
2018-09-01,2018,9,3,가을,0,1,전라선,544.0,96.0,4.0,0,여유없음,91.0,9.0,0,4,0,1,1,0,0,1
2018-09-01,2018,9,3,가을,0,1,동해선,572.0,137.0,-37.0,1,초과수요,91.0,9.0,0,4,0,1,1,0,0,1
2018-10-01,2018,10,4,가을,0,1,경부선,2917.0,92.0,8.0,0,여유없음,93.0,7.0,0,2,0,0,0,0,1,0
2018-10-01,2018,10,4,가을,0,1,호남선,898.0,73.0,27.0,0,공실있음,93.0,7.0,0,2,0,0,0,0,1,0
2018-10-01,2018,10,4,가을,0,1,경전선,519.0,101.0,-1.0,1,초과수요,93.0,7.0,0,2,0,0,0,0,1,0
2018-10-01,2018,10,4,가을,0,1,전라선,570.0,100.0,0.0,0,여유없음,93.0,7.0,0,2,0,0,0,0,1,0
2018-10-01,2018,10,4,가을,0,1,동해선,617.0,143.0,-43.0,1,초과수요,93.0,7.0,0,2,0,0,0,0,1,0
2018-11-01,2018,11,4,가을,0,1,경부선,2964.0,96.0,4.0,0,여유없음,98.0,2.0,0,0,0,0,0,0,0,0
2018-11-01,2018,11,4,가을,0,1,호남선,934.0,79.0,21.0,0,공실있음,98.0,2.0,0,0,0,0,0,0,0,0
2018-11-01,2018,11,4,가을,0,1,경전선,531.0,107.0,-7.0,1,초과수요,98.0,2.0,0,0,0,0,0,0,0,0
2018-11-01,2018,11,4,가을,0,1,전라선,567.0,102.0,-2.0,1,초과수요,98.0,2.0,0,0,0,0,0,0,0,0
2018-11-01,2018,11,4,가을,0,1,동해선,647.0,155.0,-55.0,1,초과수요,98.0,2.0,0,0,0,0,0,0,0,0
2018-12-01,2018,12,4,겨울,0,1,경부선,2927.0,91.0,9.0,0,여유없음,92.0,8.0,0,1,0,0,0,0,0,0
2018-12-01,2018,12,4,겨울,0,1,호남선,889.0,72.0,28.0,0,공실있음,92.0,8.0,0,1,0,0,0,0,0,0
2018-12-01,2018,12,4,겨울,0,1,경전선,518.0,101.0,-1.0,1,초과수요,92.0,8.0,0,1,0,0,0,0,0,0
2018-12-01,2018,12,4,겨울,0,1,전라선,563.0,98.0,2.0,0,여유없음,92.0,8.0,0,1,0,0,0,0,0,0
2018-12-01,2018,12,4,겨울,0,1,동해선,613.0,142.0,-42.0,1,초과수요,92.0,8.0,0,1,0,0,0,0,0,0
2019-01-01,2019,1,1,겨울,0,1,경부선,2822.0,89.0,11.0,0,공실있음,86.0,14.0,0,1,0,0,0,1,0,0
2019-01-01,2019,1,1,겨울,0,1,호남선,805.0,68.0,32.0,0,공실있음,86.0,14.0,0,1,0,0,0,1,0,0
2019-01-01,2019,1,1,겨울,0,1,경전선,499.0,97.0,3.0,0,여유없음,86.0,14.0,0,1,0,0,0,1,0,0
2019-01-01,2019,1,1,겨울,0,1,전라선,533.0,93.0,7.0,0,여유없음,86.0,14.0,0,1,0,0,0,1,0,0
2019-01-01,2019,1,1,겨울,0,1,동해선,416.0,95.0,5.0,0,여유없음,86.0,14.0,0,1,0,0,0,1,0,0
2019-02-01,2019,2,1,겨울,0,1,경부선,2857.0,98.0,2.0,0,여유없음,96.0,4.0,0,3,1,0,1,0,0,1
2019-02-01,2019,2,1,겨울,0,1,호남선,848.0,79.0,21.0,0,공실있음,96.0,4.0,0,3,1,0,1,0,0,1
2019-02-01,2019,2,1,겨울,0,1,경전선,506.0,107.0,-7.0,1,초과수요,96.0,4.0,0,3,1,0,1,0,0,1
2019-02-01,2019,2,1,겨울,0,1,전라선,550.0,104.0,-4.0,1,초과수요,96.0,4.0,0,3,1,0,1,0,0,1
2019-02-01,2019,2,1,겨울,0,1,동해선,423.0,107.0,-7.0,1,초과수요,96.0,4.0,0,3,1,0,1,0,0,1
2019-03-01,2019,3,1,봄,0,1,경부선,2906.0,91.0,9.0,0,여유없음,90.0,10.0,0,1,0,0,0,0,1,0
2019-03-01,2019,3,1,봄,0,1,호남선,865.0,74.0,26.0,0,공실있음,90.0,10.0,0,1,0,0,0,0,1,0
2019-03-01,2019,3,1,봄,0,1,경전선,535.0,103.0,-3.0,1,초과수요,90.0,10.0,0,1,0,0,0,0,1,0
2019-03-01,2019,3,1,봄,0,1,전라선,561.0,97.0,3.0,0,여유없음,90.0,10.0,0,1,0,0,0,0,1,0
2019-03-01,2019,3,1,봄,0,1,동해선,425.0,97.0,3.0,0,여유없음,90.0,10.0,0,1,0,0,0,0,1,0
2019-04-01,2019,4,2,봄,0,1,경부선,2951.0,97.0,3.0,0,여유없음,95.0,5.0,0,0,0,0,0,0,0,0
2019-04-01,2019,4,2,봄,0,1,호남선,887.0,79.0,21.0,0,공실있음,95.0,5.0,0,0,0,0,0,0,0,0
2019-04-01,2019,4,2,봄,0,1,경전선,543.0,109.0,-9.0,1,초과수요,95.0,5.0,0,0,0,0,0,0,0,0
2019-04-01,2019,4,2,봄,0,1,전라선,568.0,102.0,-2.0,1,초과수요,95.0,5.0,0,0,0,0,0,0,0,0
2019-04-01,2019,4,2,봄,0,1,동해선,429.0,102.0,-2.0,1,초과수요,95.0,5.0,0,0,0,0,0,0,0,0
2019-05-01,2019,5,2,봄,0,1,경부선,3148.0,99.0,1.0,0,여유없음,98.0,2.0,0,3,0,0,0,0,0,0
2019-05-01,2019,5,2,봄,0,1,호남선,955.0,82.0,18.0,0,공실있음,98.0,2.0,0,3,0,0,0,0,0,0
2019-05-01,2019,5,2,봄,0,1,경전선,570.0,110.0,-10.0,1,초과수요,98.0,2.0,0,3,0,0,0,0,0,0
2019-05-01,2019,5,2,봄,0,1,전라선,623.0,108.0,-8.0,1,초과수요,98.0,2.0,0,3,0,0,0,0,0,0
2019-05-01,2019,5,2,봄,0,1,동해선,465.0,107.0,-7.0,1,초과수요,98.0,2.0,0,3,0,0,0,0,0,0
2019-06-01,2019,6,2,여름,0,1,경부선,2943.0,95.0,5.0,0,여유없음,94.0,6.0,0,1,0,0,0,0,0,0
2019-06-01,2019,6,2,여름,0,1,호남선,895.0,79.0,21.0,0,공실있음,94.0,6.0,0,1,0,0,0,0,0,0
2019-06-01,2019,6,2,여름,0,1,경전선,531.0,106.0,-6.0,1,초과수요,94.0,6.0,0,1,0,0,0,0,0,0
2019-06-01,2019,6,2,여름,0,1,전라선,576.0,102.0,-2.0,1,초과수요,94.0,6.0,0,1,0,0,0,0,0,0
2019-06-01,2019,6,2,여름,0,1,동해선,450.0,106.0,-6.0,1,초과수요,94.0,6.0,0,1,0,0,0,0,0,0
2019-07-01,2019,7,3,여름,0,1,경부선,2929.0,93.0,7.0,0,여유없음,93.0,7.0,0,0,0,0,0,0,0,0
2019-07-01,2019,7,3,여름,0,1,호남선,883.0,76.0,24.0,0,공실있음,93.0,7.0,0,0,0,0,0,0,0,0
2019-07-01,2019,7,3,여름,0,1,경전선,536.0,104.0,-4.0,1,초과수요,93.0,7.0,0,0,0,0,0,0,0,0
2019-07-01,2019,7,3,여름,0,1,전라선,564.0,99.0,1.0,0,여유없음,93.0,7.0,0,0,0,0,0,0,0,0
2019-07-01,2019,7,3,여름,0,1,동해선,453.0,116.0,-16.0,1,초과수요,93.0,7.0,0,0,0,0,0,0,0,0
2019-08-01,2019,8,3,여름,0,1,경부선,3088.0,97.0,3.0,0,여유없음,96.0,4.0,0,1,0,0,0,1,0,0
2019-08-01,2019,8,3,여름,0,1,호남선,930.0,79.0,21.0,0,공실있음,96.0,4.0,0,1,0,0,0,1,0,0
2019-08-01,2019,8,3,여름,0,1,경전선,554.0,107.0,-7.0,1,초과수요,96.0,4.0,0,1,0,0,0,1,0,0
2019-08-01,2019,8,3,여름,0,1,전라선,618.0,107.0,-7.0,1,초과수요,96.0,4.0,0,1,0,0,0,1,0,0
2019-08-01,2019,8,3,여름,0,1,동해선,495.0,114.0,-14.0,1,초과수요,96.0,4.0,0,1,0,0,0,1,0,0
2019-09-01,2019,9,3,가을,0,1,경부선,2931.0,94.0,6.0,0,여유없음,95.0,5.0,0,3,0,1,1,0,0,0
2019-09-01,2019,9,3,가을,0,1,호남선,932.0,82.0,18.0,0,공실있음,95.0,5.0,0,3,0,1,1,0,0,0
2019-09-01,2019,9,3,가을,0,1,경전선,558.0,109.0,-9.0,1,초과수요,95.0,5.0,0,3,0,1,1,0,0,0
2019-09-01,2019,9,3,가을,0,1,전라선,575.0,102.0,-2.0,1,초과수요,95.0,5.0,0,3,0,1,1,0,0,0
2019-09-01,2019,9,3,가을,0,1,동해선,470.0,109.0,-9.0,1,초과수요,95.0,5.0,0,3,0,1,1,0,0,0
2019-10-01,2019,10,4,가을,0,1,경부선,3095.0,98.0,2.0,0,여유없음,98.0,2.0,0,2,0,0,0,0,1,0
2019-10-01,2019,10,4,가을,0,1,호남선,954.0,84.0,16.0,0,공실있음,98.0,2.0,0,2,0,0,0,0,1,0
2019-10-01,2019,10,4,가을,0,1,경전선,584.0,109.0,-9.0,1,초과수요,98.0,2.0,0,2,0,0,0,0,1,0
2019-10-01,2019,10,4,가을,0,1,전라선,622.0,107.0,-7.0,1,초과수요,98.0,2.0,0,2,0,0,0,0,1,0
2019-10-01,2019,10,4,가을,0,1,동해선,497.0,110.0,-10.0,1,초과수요,98.0,2.0,0,2,0,0,0,0,1,0
2019-11-01,2019,11,4,가을,0,1,경부선,3106.0,107.0,-7.0,1,초과수요,107.0,-7.0,0,0,0,0,0,0,0,0
2019-11-01,2019,11,4,가을,0,1,호남선,964.0,92.0,8.0,0,여유없음,107.0,-7.0,0,0,0,0,0,0,0,0
2019-11-01,2019,11,4,가을,0,1,경전선,588.0,120.0,-20.0,1,초과수요,107.0,-7.0,0,0,0,0,0,0,0,0
2019-11-01,2019,11,4,가을,0,1,전라선,607.0,114.0,-14.0,1,초과수요,107.0,-7.0,0,0,0,0,0,0,0,0
2019-11-01,2019,11,4,가을,0,1,동해선,512.0,121.0,-21.0,1,초과수요,107.0,-7.0,0,0,0,0,0,0,0,0
2019-12-01,2019,12,4,겨울,0,1,경부선,3228.0,101.0,-1.0,1,초과수요,101.0,-1.0,0,1,0,0,0,1,0,0
2019-12-01,2019,12,4,겨울,0,1,호남선,965.0,84.0,16.0,0,공실있음,101.0,-1.0,0,1,0,0,0,1,0,0
2019-12-01,2019,12,4,겨울,0,1,경전선,612.0,114.0,-14.0,1,초과수요,101.0,-1.0,0,1,0,0,0,1,0,0
2019-12-01,2019,12,4,겨울,0,1,전라선,631.0,109.0,-9.0,1,초과수요,101.0,-1.0,0,1,0,0,0,1,0,0
2019-12-01,2019,12,4,겨울,0,1,동해선,531.0,118.0,-18.0,1,초과수요,101.0,-1.0,0,1,0,0,0,1,0,0
2020-01-01,2020,1,1,겨울,1,1,경부선,3055.0,95.0,5.0,0,여유없음,96.0,4.0,0,5,1,0,1,0,0,0
2020-01-01,2020,1,1,겨울,1,1,호남선,937.0,82.0,18.0,0,공실있음,96.0,4.0,0,5,1,0,1,0,0,0
2020-01-01,2020,1,1,겨울,1,1,경전선,589.0,108.0,-8.0,1,초과수요,96.0,4.0,0,5,1,0,1,0,0,0
2020-01-01,2020,1,1,겨울,1,1,전라선,612.0,105.0,-5.0,1,초과수요,96.0,4.0,0,5,1,0,1,0,0,0
2020-01-01,2020,1,1,겨울,1,1,동해선,494.0,111.0,-11.0,1,초과수요,96.0,4.0,0,5,1,0,1,0,0,0
2020-02-01,2020,2,1,겨울,1,1,경부선,1656.0,56.0,44.0,0,공실있음,58.0,42.0,0,0,0,0,0,0,0,0
2020-02-01,2020,2,1,겨울,1,1,호남선,537.0,51.0,49.0,0,공실있음,58.0,42.0,0,0,0,0,0,0,0,0
2020-02-01,2020,2,1,겨울,1,1,경전선,373.0,65.0,35.0,0,공실있음,58.0,42.0,0,0,0,0,0,0,0,0
2020-02-01,2020,2,1,겨울,1,1,전라선,330.0,69.0,31.0,0,공실있음,58.0,42.0,0,0,0,0,0,0,0,0
2020-02-01,2020,2,1,겨울,1,1,동해선,262.0,64.0,36.0,0,공실있음,58.0,42.0,0,0,0,0,0,0,0,0
2020-03-01,2020,3,1,봄,1,1,경부선,802.0,26.0,74.0,0,공실있음,29.0,71.0,0,1,0,0,0,0,0,0
2020-03-01,2020,3,1,봄,1,1,호남선,357.0,32.0,68.0,0,공실있음,29.0,71.0,0,1,0,0,0,0,0,0
2020-03-01,2020,3,1,봄,1,1,경전선,167.0,31.0,69.0,0,공실있음,29.0,71.0,0,1,0,0,0,0,0,0
2020-03-01,2020,3,1,봄,1,1,전라선,224.0,39.0,61.0,0,공실있음,29.0,71.0,0,1,0,0,0,0,0,0
2020-03-01,2020,3,1,봄,1,1,동해선,124.0,29.0,71.0,0,공실있음,29.0,71.0,0,1,0,0,0,0,0,0
2020-04-01,2020,4,2,봄,1,1,경부선,1169.0,40.0,60.0,0,공실있음,43.0,57.0,0,2,0,0,0,0,0,0
2020-04-01,2020,4,2,봄,1,1,호남선,455.0,42.0,58.0,0,공실있음,43.0,57.0,0,2,0,0,0,0,0,0
2020-04-01,2020,4,2,봄,1,1,경전선,247.0,48.0,52.0,0,공실있음,43.0,57.0,0,2,0,0,0,0,0,0
2020-04-01,2020,4,2,봄,1,1,전라선,292.0,54.0,46.0,0,공실있음,43.0,57.0,0,2,0,0,0,0,0,0
2020-04-01,2020,4,2,봄,1,1,동해선,196.0,47.0,53.0,0,공실있음,43.0,57.0,0,2,0,0,0,0,0,0
2020-05-01,2020,5,2,봄,1,1,경부선,1737.0,57.0,43.0,0,공실있음,61.0,39.0,0,1,0,0,0,0,0,0
2020-05-01,2020,5,2,봄,1,1,호남선,633.0,56.0,44.0,0,공실있음,61.0,39.0,0,1,0,0,0,0,0,0
2020-05-01,2020,5,2,봄,1,1,경전선,374.0,70.0,30.0,0,공실있음,61.0,39.0,0,1,0,0,0,0,0,0
2020-05-01,2020,5,2,봄,1,1,전라선,422.0,74.0,26.0,0,공실있음,61.0,39.0,0,1,0,0,0,0,0,0
2020-05-01,2020,5,2,봄,1,1,동해선,297.0,69.0,31.0,0,공실있음,61.0,39.0,0,1,0,0,0,0,0,0
2020-06-01,2020,6,2,여름,1,1,경부선,1806.0,60.0,40.0,0,공실있음,63.0,37.0,0,1,0,0,0,0,0,0
2020-06-01,2020,6,2,여름,1,1,호남선,609.0,56.0,44.0,0,공실있음,63.0,37.0,0,1,0,0,0,0,0,0
2020-06-01,2020,6,2,여름,1,1,경전선,374.0,73.0,27.0,0,공실있음,63.0,37.0,0,1,0,0,0,0,0,0
2020-06-01,2020,6,2,여름,1,1,전라선,403.0,73.0,27.0,0,공실있음,63.0,37.0,0,1,0,0,0,0,0,0
2020-06-01,2020,6,2,여름,1,1,동해선,309.0,73.0,27.0,0,공실있음,63.0,37.0,0,1,0,0,0,0,0,0
2020-07-01,2020,7,3,여름,1,1,경부선,2095.0,67.0,33.0,0,공실있음,67.0,33.0,0,0,0,0,0,0,0,0
2020-07-01,2020,7,3,여름,1,1,호남선,607.0,53.0,47.0,0,공실있음,67.0,33.0,0,0,0,0,0,0,0,0
2020-07-01,2020,7,3,여름,1,1,경전선,424.0,79.0,21.0,0,공실있음,67.0,33.0,0,0,0,0,0,0,0,0
2020-07-01,2020,7,3,여름,1,1,전라선,444.0,77.0,23.0,0,공실있음,67.0,33.0,0,0,0,0,0,0,0,0
2020-07-01,2020,7,3,여름,1,1,동해선,353.0,81.0,19.0,0,공실있음,67.0,33.0,0,0,0,0,0,0,0,0
2020-08-01,2020,8,3,여름,1,1,경부선,1948.0,61.0,39.0,0,공실있음,63.0,37.0,0,2,0,0,0,1,0,0
2020-08-01,2020,8,3,여름,1,1,호남선,599.0,52.0,48.0,0,공실있음,63.0,37.0,0,2,0,0,0,1,0,0
2020-08-01,2020,8,3,여름,1,1,경전선,382.0,71.0,29.0,0,공실있음,63.0,37.0,0,2,0,0,0,1,0,0
2020-08-01,2020,8,3,여름,1,1,전라선,424.0,73.0,27.0,0,공실있음,63.0,37.0,0,2,0,0,0,1,0,0
2020-08-01,2020,8,3,여름,1,1,동해선,334.0,76.0,24.0,0,공실있음,63.0,37.0,0,2,0,0,0,1,0,0
2020-09-01,2020,9,3,가을,1,1,경부선,1370.0,45.0,55.0,0,공실있음,46.0,54.0,0,1,0,1,1,1,0,1
2020-09-01,2020,9,3,가을,1,1,호남선,446.0,41.0,59.0,0,공실있음,46.0,54.0,0,1,0,1,1,1,0,1
2020-09-01,2020,9,3,가을,1,1,경전선,289.0,55.0,45.0,0,공실있음,46.0,54.0,0,1,0,1,1,1,0,1
2020-09-01,2020,9,3,가을,1,1,전라선,306.0,52.0,48.0,0,공실있음,46.0,54.0,0,1,0,1,1,1,0,1
2020-09-01,2020,9,3,가을,1,1,동해선,238.0,56.0,44.0,0,공실있음,46.0,54.0,0,1,0,1,1,1,0,1
2020-10-01,2020,10,4,가을,1,1,경부선,1909.0,60.0,40.0,0,공실있음,63.0,37.0,0,4,0,1,1,0,1,0
2020-10-01,2020,10,4,가을,1,1,호남선,629.0,56.0,44.0,0,공실있음,63.0,37.0,0,4,0,1,1,0,1,0
2020-10-01,2020,10,4,가을,1,1,경전선,404.0,74.0,26.0,0,공실있음,63.0,37.0,0,4,0,1,1,0,1,0
2020-10-01,2020,10,4,가을,1,1,전라선,439.0,72.0,28.0,0,공실있음,63.0,37.0,0,4,0,1,1,0,1,0
2020-10-01,2020,10,4,가을,1,1,동해선,323.0,73.0,27.0,0,공실있음,63.0,37.0,0,4,0,1,1,0,1,0
2020-11-01,2020,11,4,가을,1,1,경부선,2039.0,67.0,33.0,0,공실있음,69.0,31.0,0,0,0,0,0,0,0,0
2020-11-01,2020,11,4,가을,1,1,호남선,645.0,60.0,40.0,0,공실있음,69.0,31.0,0,0,0,0,0,0,0,0
2020-11-01,2020,11,4,가을,1,1,경전선,415.0,80.0,20.0,0,공실있음,69.0,31.0,0,0,0,0,0,0,0,0
2020-11-01,2020,11,4,가을,1,1,전라선,450.0,77.0,23.0,0,공실있음,69.0,31.0,0,0,0,0,0,0,0,0
2020-11-01,2020,11,4,가을,1,1,동해선,345.0,81.0,19.0,0,공실있음,69.0,31.0,0,0,0,0,0,0,0,0
2020-12-01,2020,12,4,겨울,1,1,경부선,1303.0,42.0,58.0,0,공실있음,44.0,56.0,0,1,0,0,0,0,0,0
2020-12-01,2020,12,4,겨울,1,1,호남선,435.0,39.0,61.0,0,공실있음,44.0,56.0,0,1,0,0,0,0,0,0
2020-12-01,2020,12,4,겨울,1,1,경전선,274.0,51.0,49.0,0,공실있음,44.0,56.0,0,1,0,0,0,0,0,0
2020-12-01,2020,12,4,겨울,1,1,전라선,286.0,48.0,52.0,0,공실있음,44.0,56.0,0,1,0,0,0,0,0,0
2020-12-01,2020,12,4,겨울,1,1,동해선,233.0,53.0,47.0,0,공실있음,44.0,56.0,0,1,0,0,0,0,0,0
2021-01-01,2021,1,1,겨울,1,1,경부선,1372.0,43.0,57.0,0,공실있음,45.0,55.0,0,1,0,0,0,1,0,0
2021-01-01,2021,1,1,겨울,1,1,호남선,458.0,41.0,59.0,0,공실있음,45.0,55.0,0,1,0,0,0,1,0,0
2021-01-01,2021,1,1,겨울,1,1,경전선,281.0,52.0,48.0,0,공실있음,45.0,55.0,0,1,0,0,0,1,0,0
2021-01-01,2021,1,1,겨울,1,1,전라선,294.0,48.0,52.0,0,공실있음,45.0,55.0,0,1,0,0,0,1,0,0
2021-01-01,2021,1,1,겨울,1,1,동해선,238.0,54.0,46.0,0,공실있음,45.0,55.0,0,1,0,0,0,1,0,0
2021-02-01,2021,2,1,겨울,1,1,경부선,1557.0,54.0,46.0,0,공실있음,56.0,44.0,0,3,1,0,1,0,0,0
2021-02-01,2021,2,1,겨울,1,1,호남선,498.0,54.0,46.0,0,공실있음,56.0,44.0,0,3,1,0,1,0,0,0
2021-02-01,2021,2,1,겨울,1,1,경전선,315.0,64.0,36.0,0,공실있음,56.0,44.0,0,3,1,0,1,0,0,0
2021-02-01,2021,2,1,겨울,1,1,전라선,343.0,62.0,38.0,0,공실있음,56.0,44.0,0,3,1,0,1,0,0,0
2021-02-01,2021,2,1,겨울,1,1,동해선,272.0,69.0,31.0,0,공실있음,56.0,44.0,0,3,1,0,1,0,0,0
2021-03-01,2021,3,1,봄,1,1,경부선,1846.0,59.0,41.0,0,공실있음,62.0,38.0,0,1,0,0,0,0,1,0
2021-03-01,2021,3,1,봄,1,1,호남선,606.0,59.0,41.0,0,공실있음,62.0,38.0,0,1,0,0,0,0,1,0
2021-03-01,2021,3,1,봄,1,1,경전선,387.0,73.0,27.0,0,공실있음,62.0,38.0,0,1,0,0,0,0,1,0
2021-03-01,2021,3,1,봄,1,1,전라선,422.0,70.0,30.0,0,공실있음,62.0,38.0,0,1,0,0,0,0,1,0
2021-03-01,2021,3,1,봄,1,1,동해선,322.0,73.0,27.0,0,공실있음,62.0,38.0,0,1,0,0,0,0,1,0
2021-04-01,2021,4,2,봄,1,1,경부선,1893.0,62.0,38.0,0,공실있음,65.0,35.0,0,0,0,0,0,0,0,0
2021-04-01,2021,4,2,봄,1,1,호남선,638.0,62.0,38.0,0,공실있음,65.0,35.0,0,0,0,0,0,0,0,0
2021-04-01,2021,4,2,봄,1,1,경전선,402.0,77.0,23.0,0,공실있음,65.0,35.0,0,0,0,0,0,0,0,0
2021-04-01,2021,4,2,봄,1,1,전라선,440.0,75.0,25.0,0,공실있음,65.0,35.0,0,0,0,0,0,0,0,0
2021-04-01,2021,4,2,봄,1,1,동해선,335.0,79.0,21.0,0,공실있음,65.0,35.0,0,0,0,0,0,0,0,0
2021-05-01,2021,5,2,봄,1,1,경부선,2102.0,66.0,34.0,0,공실있음,70.0,30.0,0,2,0,0,0,0,0,0
2021-05-01,2021,5,2,봄,1,1,호남선,701.0,66.0,34.0,0,공실있음,70.0,30.0,0,2,0,0,0,0,0,0
2021-05-01,2021,5,2,봄,1,1,경전선,437.0,81.0,19.0,0,공실있음,70.0,30.0,0,2,0,0,0,0,0,0
2021-05-01,2021,5,2,봄,1,1,전라선,495.0,82.0,18.0,0,공실있음,70.0,30.0,0,2,0,0,0,0,0,0
2021-05-01,2021,5,2,봄,1,1,동해선,375.0,85.0,15.0,0,공실있음,70.0,30.0,0,2,0,0,0,0,0,0
2021-06-01,2021,6,2,여름,1,1,경부선,2060.0,68.0,32.0,0,공실있음,71.0,29.0,0,1,0,0,0,0,0,0
2021-06-01,2021,6,2,여름,1,1,호남선,673.0,62.0,38.0,0,공실있음,71.0,29.0,0,1,0,0,0,0,0,0
2021-06-01,2021,6,2,여름,1,1,경전선,422.0,82.0,18.0,0,공실있음,71.0,29.0,0,1,0,0,0,0,0,0
2021-06-01,2021,6,2,여름,1,1,전라선,473.0,81.0,19.0,0,공실있음,71.0,29.0,0,1,0,0,0,0,0,0
2021-06-01,2021,6,2,여름,1,1,동해선,357.0,84.0,16.0,0,공실있음,71.0,29.0,0,1,0,0,0,0,0,0
2021-07-01,2021,7,3,여름,1,1,경부선,1770.0,56.0,44.0,0,공실있음,59.0,41.0,0,0,0,0,0,0,0,0
2021-07-01,2021,7,3,여름,1,1,호남선,578.0,52.0,48.0,0,공실있음,59.0,41.0,0,0,0,0,0,0,0,0
2021-07-01,2021,7,3,여름,1,1,경전선,366.0,68.0,32.0,0,공실있음,59.0,41.0,0,0,0,0,0,0,0,0
2021-07-01,2021,7,3,여름,1,1,전라선,424.0,70.0,30.0,0,공실있음,59.0,41.0,0,0,0,0,0,0,0,0
2021-07-01,2021,7,3,여름,1,1,동해선,329.0,73.0,27.0,0,공실있음,59.0,41.0,0,0,0,0,0,0,0,0
2021-08-01,2021,8,3,여름,1,1,경부선,1695.0,53.0,47.0,0,공실있음,57.0,43.0,0,2,0,0,0,1,0,0
2021-08-01,2021,8,3,여름,1,1,호남선,586.0,51.0,49.0,0,공실있음,57.0,43.0,0,2,0,0,0,1,0,0
2021-08-01,2021,8,3,여름,1,1,경전선,379.0,65.0,35.0,0,공실있음,57.0,43.0,0,2,0,0,0,1,0,0
2021-08-01,2021,8,3,여름,1,1,전라선,447.0,68.0,32.0,0,공실있음,57.0,43.0,0,2,0,0,0,1,0,0
2021-08-01,2021,8,3,여름,1,1,동해선,333.0,68.0,32.0,0,공실있음,57.0,43.0,0,2,0,0,0,1,0,0
2021-09-01,2021,9,3,가을,1,1,경부선,1799.0,58.0,42.0,0,공실있음,60.0,40.0,0,3,0,1,1,0,0,1
2021-09-01,2021,9,3,가을,1,1,호남선,611.0,55.0,45.0,0,공실있음,60.0,40.0,0,3,0,1,1,0,0,1
2021-09-01,2021,9,3,가을,1,1,경전선,405.0,71.0,29.0,0,공실있음,60.0,40.0,0,3,0,1,1,0,0,1
2021-09-01,2021,9,3,가을,1,1,전라선,435.0,67.0,33.0,0,공실있음,60.0,40.0,0,3,0,1,1,0,0,1
2021-09-01,2021,9,3,가을,1,1,동해선,335.0,70.0,30.0,0,공실있음,60.0,40.0,0,3,0,1,1,0,0,1
2021-10-01,2021,10,4,가을,1,1,경부선,2292.0,71.0,29.0,0,공실있음,74.0,26.0,0,4,0,0,0,0,1,0
2021-10-01,2021,10,4,가을,1,1,호남선,756.0,66.0,34.0,0,공실있음,74.0,26.0,0,4,0,0,0,0,1,0
2021-10-01,2021,10,4,가을,1,1,경전선,507.0,86.0,14.0,0,공실있음,74.0,26.0,0,4,0,0,0,0,1,0
2021-10-01,2021,10,4,가을,1,1,전라선,554.0,84.0,16.0,0,공실있음,74.0,26.0,0,4,0,0,0,0,1,0
2021-10-01,2021,10,4,가을,1,1,동해선,416.0,85.0,15.0,0,공실있음,74.0,26.0,0,4,0,0,0,0,1,0
2021-11-01,2021,11,4,가을,1,1,경부선,2521.0,82.0,18.0,0,공실있음,85.0,15.0,0,0,0,0,0,0,0,0
2021-11-01,2021,11,4,가을,1,1,호남선,821.0,74.0,26.0,0,공실있음,85.0,15.0,0,0,0,0,0,0,0,0
2021-11-01,2021,11,4,가을,1,1,경전선,546.0,97.0,3.0,0,여유없음,85.0,15.0,0,0,0,0,0,0,0,0
2021-11-01,2021,11,4,가을,1,1,전라선,586.0,93.0,7.0,0,여유없음,85.0,15.0,0,0,0,0,0,0,0,0
2021-11-01,2021,11,4,가을,1,1,동해선,457.0,96.0,4.0,0,여유없음,85.0,15.0,0,0,0,0,0,0,0,0
2021-12-01,2021,12,4,겨울,1,1,경부선,2280.0,72.0,28.0,0,공실있음,74.0,26.0,0,1,0,0,0,1,0,0
2021-12-01,2021,12,4,겨울,1,1,호남선,743.0,65.0,35.0,0,공실있음,74.0,26.0,0,1,0,0,0,1,0,0
2021-12-01,2021,12,4,겨울,1,1,경전선,501.0,86.0,14.0,0,공실있음,74.0,26.0,0,1,0,0,0,1,0,0
2021-12-01,2021,12,4,겨울,1,1,전라선,543.0,83.0,17.0,0,공실있음,74.0,26.0,0,1,0,0,0,1,0,0
2021-12-01,2021,12,4,겨울,1,1,동해선,418.0,85.0,15.0,0,공실있음,74.0,26.0,0,1,0,0,0,1,0,0
2022-01-01,2022,1,1,겨울,1,1,경부선,2079.0,65.0,35.0,0,공실있음,67.0,33.0,0,2,1,0,1,1,0,1
2022-01-01,2022,1,1,겨울,1,1,호남선,662.0,59.0,41.0,0,공실있음,67.0,33.0,0,2,1,0,1,1,0,1
2022-01-01,2022,1,1,겨울,1,1,경전선,460.0,79.0,21.0,0,공실있음,67.0,33.0,0,2,1,0,1,1,0,1
2022-01-01,2022,1,1,겨울,1,1,전라선,486.0,76.0,24.0,0,공실있음,67.0,33.0,0,2,1,0,1,1,0,1
2022-01-01,2022,1,1,겨울,1,1,동해선,370.0,79.0,21.0,0,공실있음,67.0,33.0,0,2,1,0,1,1,0,1
2022-02-01,2022,2,1,겨울,1,1,경부선,1754.0,60.0,40.0,0,공실있음,62.0,38.0,0,2,1,0,1,0,1,0
2022-02-01,2022,2,1,겨울,1,1,호남선,553.0,53.0,47.0,0,공실있음,62.0,38.0,0,2,1,0,1,0,1,0
2022-02-01,2022,2,1,겨울,1,1,경전선,381.0,71.0,29.0,0,공실있음,62.0,38.0,0,2,1,0,1,0,1,0
2022-02-01,2022,2,1,겨울,1,1,전라선,423.0,70.0,30.0,0,공실있음,62.0,38.0,0,2,1,0,1,0,1,0
2022-02-01,2022,2,1,겨울,1,1,동해선,318.0,72.0,28.0,0,공실있음,62.0,38.0,0,2,1,0,1,0,1,0
2022-03-01,2022,3,1,봄,1,1,경부선,1819.0,58.0,42.0,0,공실있음,60.0,40.0,0,2,0,0,0,0,1,0
2022-03-01,2022,3,1,봄,1,1,호남선,605.0,53.0,47.0,0,공실있음,60.0,40.0,0,2,0,0,0,0,1,0
2022-03-01,2022,3,1,봄,1,1,경전선,414.0,71.0,29.0,0,공실있음,60.0,40.0,0,2,0,0,0,0,1,0
2022-03-01,2022,3,1,봄,1,1,전라선,445.0,68.0,32.0,0,공실있음,60.0,40.0,0,2,0,0,0,0,1,0
2022-03-01,2022,3,1,봄,1,1,동해선,333.0,68.0,32.0,0,공실있음,60.0,40.0,0,2,0,0,0,0,1,0
2022-04-01,2022,4,2,봄,1,1,경부선,2428.0,78.0,22.0,0,공실있음,81.0,19.0,0,0,0,0,0,0,0,0
2022-04-01,2022,4,2,봄,1,1,호남선,785.0,71.0,29.0,0,공실있음,81.0,19.0,0,0,0,0,0,0,0,0
2022-04-01,2022,4,2,봄,1,1,경전선,535.0,94.0,6.0,0,여유없음,81.0,19.0,0,0,0,0,0,0,0,0
2022-04-01,2022,4,2,봄,1,1,전라선,579.0,91.0,9.0,0,여유없음,81.0,19.0,0,0,0,0,0,0,0,0
2022-04-01,2022,4,2,봄,1,1,동해선,427.0,90.0,10.0,0,공실있음,81.0,19.0,0,0,0,0,0,0,0,0
2022-05-01,2022,5,2,봄,1,1,경부선,3105.0,97.0,3.0,0,여유없음,98.0,2.0,0,2,0,0,0,0,0,0
2022-05-01,2022,5,2,봄,1,1,호남선,988.0,85.0,15.0,0,공실있음,98.0,2.0,0,2,0,0,0,0,0,0
2022-05-01,2022,5,2,봄,1,1,경전선,655.0,112.0,-12.0,1,초과수요,98.0,2.0,0,2,0,0,0,0,0,0
2022-05-01,2022,5,2,봄,1,1,전라선,708.0,108.0,-8.0,1,초과수요,98.0,2.0,0,2,0,0,0,0,0,0
2022-05-01,2022,5,2,봄,1,1,동해선,542.0,110.0,-10.0,1,초과수요,98.0,2.0,0,2,0,0,0,0,0,0
2022-06-01,2022,6,2,여름,1,1,경부선,2953.0,96.0,4.0,0,여유없음,96.0,4.0,0,2,0,0,0,0,0,0
2022-06-01,2022,6,2,여름,1,1,호남선,926.0,78.0,22.0,0,공실있음,96.0,4.0,0,2,0,0,0,0,0,0
2022-06-01,2022,6,2,여름,1,1,경전선,612.0,109.0,-9.0,1,초과수요,96.0,4.0,0,2,0,0,0,0,0,0
2022-06-01,2022,6,2,여름,1,1,전라선,665.0,105.0,-5.0,1,초과수요,96.0,4.0,0,2,0,0,0,0,0,0
2022-06-01,2022,6,2,여름,1,1,동해선,520.0,109.0,-9.0,1,초과수요,96.0,4.0,0,2,0,0,0,0,0,0
2022-07-01,2022,7,3,여름,0,1,경부선,3041.0,94.0,6.0,0,여유없음,93.0,7.0,0,0,0,0,0,0,0,0
2022-07-01,2022,7,3,여름,0,1,호남선,924.0,75.0,25.0,0,공실있음,93.0,7.0,0,0,0,0,0,0,0,0
2022-07-01,2022,7,3,여름,0,1,경전선,626.0,106.0,-6.0,1,초과수요,93.0,7.0,0,0,0,0,0,0,0,0
2022-07-01,2022,7,3,여름,0,1,전라선,694.0,105.0,-5.0,1,초과수요,93.0,7.0,0,0,0,0,0,0,0,0
2022-07-01,2022,7,3,여름,0,1,동해선,528.0,107.0,-7.0,1,초과수요,93.0,7.0,0,0,0,0,0,0,0,0
2022-08-01,2022,8,3,여름,0,1,경부선,3004.0,94.0,6.0,0,여유없음,93.0,7.0,0,1,0,0,0,1,0,0
2022-08-01,2022,8,3,여름,0,1,호남선,907.0,74.0,26.0,0,공실있음,93.0,7.0,0,1,0,0,0,1,0,0
2022-08-01,2022,8,3,여름,0,1,경전선,606.0,103.0,-3.0,1,초과수요,93.0,7.0,0,1,0,0,0,1,0,0
2022-08-01,2022,8,3,여름,0,1,전라선,687.0,106.0,-6.0,1,초과수요,93.0,7.0,0,1,0,0,0,1,0,0
2022-08-01,2022,8,3,여름,0,1,동해선,527.0,106.0,-6.0,1,초과수요,93.0,7.0,0,1,0,0,0,1,0,0
2022-09-01,2022,9,3,가을,0,1,경부선,2994.0,97.0,3.0,0,여유없음,97.0,3.0,0,4,0,1,1,0,0,0
2022-09-01,2022,9,3,가을,0,1,호남선,964.0,82.0,18.0,0,공실있음,97.0,3.0,0,4,0,1,1,0,0,0
2022-09-01,2022,9,3,가을,0,1,경전선,641.0,112.0,-12.0,1,초과수요,97.0,3.0,0,4,0,1,1,0,0,0
2022-09-01,2022,9,3,가을,0,1,전라선,672.0,106.0,-6.0,1,초과수요,97.0,3.0,0,4,0,1,1,0,0,0
2022-09-01,2022,9,3,가을,0,1,동해선,520.0,110.0,-10.0,1,초과수요,97.0,3.0,0,4,0,1,1,0,0,0
2022-10-01,2022,10,4,가을,0,1,경부선,3454.0,107.0,-7.0,1,초과수요,106.0,-6.0,0,3,0,0,0,0,1,0
2022-10-01,2022,10,4,가을,0,1,호남선,1072.0,87.0,13.0,0,공실있음,106.0,-6.0,0,3,0,0,0,0,1,0
2022-10-01,2022,10,4,가을,0,1,경전선,713.0,120.0,-20.0,1,초과수요,106.0,-6.0,0,3,0,0,0,0,1,0
2022-10-01,2022,10,4,가을,0,1,전라선,754.0,115.0,-15.0,1,초과수요,106.0,-6.0,0,3,0,0,0,0,1,0
2022-10-01,2022,10,4,가을,0,1,동해선,586.0,118.0,-18.0,1,초과수요,106.0,-6.0,0,3,0,0,0,0,1,0
2022-11-01,2022,11,4,가을,0,1,경부선,3194.0,106.0,-6.0,1,초과수요,104.0,-4.0,0,0,0,0,0,0,0,0
2022-11-01,2022,11,4,가을,0,1,호남선,992.0,85.0,15.0,0,공실있음,104.0,-4.0,0,0,0,0,0,0,0,0
2022-11-01,2022,11,4,가을,0,1,경전선,658.0,116.0,-16.0,1,초과수요,104.0,-4.0,0,0,0,0,0,0,0,0
2022-11-01,2022,11,4,가을,0,1,전라선,692.0,111.0,-11.0,1,초과수요,104.0,-4.0,0,0,0,0,0,0,0,0
2022-11-01,2022,11,4,가을,0,1,동해선,546.0,115.0,-15.0,1,초과수요,104.0,-4.0,0,0,0,0,0,0,0,0
2022-12-01,2022,12,4,겨울,0,1,경부선,3327.0,104.0,-4.0,1,초과수요,102.0,-2.0,0,1,0,0,0,1,0,0
2022-12-01,2022,12,4,겨울,0,1,호남선,1006.0,82.0,18.0,0,공실있음,102.0,-2.0,0,1,0,0,0,1,0,0
2022-12-01,2022,12,4,겨울,0,1,경전선,680.0,114.0,-14.0,1,초과수요,102.0,-2.0,0,1,0,0,0,1,0,0
2022-12-01,2022,12,4,겨울,0,1,전라선,717.0,110.0,-10.0,1,초과수요,102.0,-2.0,0,1,0,0,0,1,0,0
2022-12-01,2022,12,4,겨울,0,1,동해선,566.0,114.0,-14.0,1,초과수요,102.0,-2.0,0,1,0,0,0,1,0,0
2023-01-01,2023,1,1,겨울,0,1,경부선,3142.0,97.0,3.0,0,여유없음,97.0,3.0,0,5,1,0,1,0,0,0
2023-01-01,2023,1,1,겨울,0,1,호남선,969.0,79.0,21.0,0,공실있음,97.0,3.0,0,5,1,0,1,0,0,0
2023-01-01,2023,1,1,겨울,0,1,경전선,655.0,109.0,-9.0,1,초과수요,97.0,3.0,0,5,1,0,1,0,0,0
2023-01-01,2023,1,1,겨울,0,1,전라선,701.0,106.0,-6.0,1,초과수요,97.0,3.0,0,5,1,0,1,0,0,0
2023-01-01,2023,1,1,겨울,0,1,동해선,542.0,109.0,-9.0,1,초과수요,97.0,3.0,0,5,1,0,1,0,0,0
2023-02-01,2023,2,1,겨울,0,1,경부선,3114.0,108.0,-8.0,1,초과수요,106.0,-6.0,0,0,0,0,0,0,0,0
2023-02-01,2023,2,1,겨울,0,1,호남선,918.0,83.0,17.0,0,공실있음,106.0,-6.0,0,0,0,0,0,0,0,0
2023-02-01,2023,2,1,겨울,0,1,경전선,626.0,117.0,-17.0,1,초과수요,106.0,-6.0,0,0,0,0,0,0,0,0
2023-02-01,2023,2,1,겨울,0,1,전라선,675.0,115.0,-15.0,1,초과수요,106.0,-6.0,0,0,0,0,0,0,0,0
2023-02-01,2023,2,1,겨울,0,1,동해선,536.0,120.0,-20.0,1,초과수요,106.0,-6.0,0,0,0,0,0,0,0,0
2023-03-01,2023,3,1,봄,0,1,경부선,3153.0,99.0,1.0,0,여유없음,98.0,2.0,0,1,0,0,0,0,0,0
2023-03-01,2023,3,1,봄,0,1,호남선,963.0,79.0,21.0,0,공실있음,98.0,2.0,0,1,0,0,0,0,0,0
2023-03-01,2023,3,1,봄,0,1,경전선,673.0,114.0,-14.0,1,초과수요,98.0,2.0,0,1,0,0,0,0,0,0
2023-03-01,2023,3,1,봄,0,1,전라선,695.0,107.0,-7.0,1,초과수요,98.0,2.0,0,1,0,0,0,0,0,0
2023-03-01,2023,3,1,봄,0,1,동해선,543.0,109.0,-9.0,1,초과수요,98.0,2.0,0,1,0,0,0,0,0,0
2023-04-01,2023,4,2,봄,0,1,경부선,3281.0,106.0,-6.0,1,초과수요,105.0,-5.0,0,0,0,0,0,0,0,0
2023-04-01,2023,4,2,봄,0,1,호남선,1026.0,87.0,13.0,0,공실있음,105.0,-5.0,0,0,0,0,0,0,0,0
2023-04-01,2023,4,2,봄,0,1,경전선,689.0,119.0,-19.0,1,초과수요,105.0,-5.0,0,0,0,0,0,0,0,0
2023-04-01,2023,4,2,봄,0,1,전라선,733.0,116.0,-16.0,1,초과수요,105.0,-5.0,0,0,0,0,0,0,0,0
2023-04-01,2023,4,2,봄,0,1,동해선,566.0,118.0,-18.0,1,초과수요,105.0,-5.0,0,0,0,0,0,0,0,0
2023-05-01,2023,5,2,봄,0,1,경부선,3461.0,109.0,-9.0,1,초과수요,109.0,-9.0,0,3,0,0,0,0,0,0
2023-05-01,2023,5,2,봄,0,1,호남선,1088.0,89.0,11.0,0,공실있음,109.0,-9.0,0,3,0,0,0,0,0,0
2023-05-01,2023,5,2,봄,0,1,경전선,716.0,122.0,-22.0,1,초과수요,109.0,-9.0,0,3,0,0,0,0,0,0
2023-05-01,2023,5,2,봄,0,1,전라선,767.0,118.0,-18.0,1,초과수요,109.0,-9.0,0,3,0,0,0,0,0,0
2023-05-01,2023,5,2,봄,0,1,동해선,609.0,123.0,-23.0,1,초과수요,109.0,-9.0,0,3,0,0,0,0,0,0
2023-06-01,2023,6,2,여름,0,1,경부선,3274.0,106.0,-6.0,1,초과수요,104.0,-4.0,0,1,0,0,0,0,0,0
2023-06-01,2023,6,2,여름,0,1,호남선,1006.0,85.0,15.0,0,공실있음,104.0,-4.0,0,1,0,0,0,0,0,0
2023-06-01,2023,6,2,여름,0,1,경전선,668.0,116.0,-16.0,1,초과수요,104.0,-4.0,0,1,0,0,0,0,0,0
2023-06-01,2023,6,2,여름,0,1,전라선,712.0,113.0,-13.0,1,초과수요,104.0,-4.0,0,1,0,0,0,0,0,0
2023-06-01,2023,6,2,여름,0,1,동해선,568.0,118.0,-18.0,1,초과수요,104.0,-4.0,0,1,0,0,0,0,0,0
2023-07-01,2023,7,3,여름,0,1,경부선,3280.0,103.0,-3.0,1,초과수요,101.0,-1.0,0,0,0,0,0,0,0,0
2023-07-01,2023,7,3,여름,0,1,호남선,954.0,80.0,20.0,0,공실있음,101.0,-1.0,0,0,0,0,0,0,0,0
2023-07-01,2023,7,3,여름,0,1,경전선,651.0,112.0,-12.0,1,초과수요,101.0,-1.0,0,0,0,0,0,0,0,0
2023-07-01,2023,7,3,여름,0,1,전라선,648.0,107.0,-7.0,1,초과수요,101.0,-1.0,0,0,0,0,0,0,0,0
2023-07-01,2023,7,3,여름,0,1,동해선,570.0,115.0,-15.0,1,초과수요,101.0,-1.0,0,0,0,0,0,0,0,0
2023-08-01,2023,8,3,여름,0,1,경부선,3352.0,106.0,-6.0,1,초과수요,104.0,-4.0,0,1,0,0,0,1,0,0
2023-08-01,2023,8,3,여름,0,1,호남선,1003.0,83.0,17.0,0,공실있음,104.0,-4.0,0,1,0,0,0,1,0,0
2023-08-01,2023,8,3,여름,0,1,경전선,669.0,116.0,-16.0,1,초과수요,104.0,-4.0,0,1,0,0,0,1,0,0
2023-08-01,2023,8,3,여름,0,1,전라선,729.0,114.0,-14.0,1,초과수요,104.0,-4.0,0,1,0,0,0,1,0,0
2023-08-01,2023,8,3,여름,0,1,동해선,582.0,119.0,-19.0,1,초과수요,104.0,-4.0,0,1,0,0,0,1,0,0
2023-09-01,2023,9,3,가을,0,1,경부선,3291.0,106.0,-6.0,1,초과수요,105.0,-5.0,0,3,0,1,1,0,0,1
2023-09-01,2023,9,3,가을,0,1,호남선,991.0,90.0,10.0,0,공실있음,105.0,-5.0,0,3,0,1,1,0,0,1
2023-09-01,2023,9,3,가을,0,1,경전선,648.0,118.0,-18.0,1,초과수요,105.0,-5.0,0,3,0,1,1,0,0,1
2023-09-01,2023,9,3,가을,0,1,전라선,746.0,105.0,-5.0,1,초과수요,105.0,-5.0,0,3,0,1,1,0,0,1
2023-09-01,2023,9,3,가을,0,1,동해선,550.0,121.0,-21.0,1,초과수요,105.0,-5.0,0,3,0,1,1,0,0,1
2023-10-01,2023,10,4,가을,0,1,경부선,3643.0,110.0,-10.0,1,초과수요,109.0,-9.0,0,3,0,0,0,0,1,0
2023-10-01,2023,10,4,가을,0,1,호남선,1079.0,92.0,8.0,0,여유없음,109.0,-9.0,0,3,0,0,0,0,1,0
2023-10-01,2023,10,4,가을,0,1,경전선,717.0,121.0,-21.0,1,초과수요,109.0,-9.0,0,3,0,0,0,0,1,0
2023-10-01,2023,10,4,가을,0,1,전라선,841.0,110.0,-10.0,1,초과수요,109.0,-9.0,0,3,0,0,0,0,1,0
2023-10-01,2023,10,4,가을,0,1,동해선,605.0,123.0,-23.0,1,초과수요,109.0,-9.0,0,3,0,0,0,0,1,0
2023-11-01,2023,11,4,가을,0,1,경부선,3547.0,112.0,-12.0,1,초과수요,110.0,-10.0,0,0,0,0,0,0,0,0
2023-11-01,2023,11,4,가을,0,1,호남선,1046.0,93.0,7.0,0,여유없음,110.0,-10.0,0,0,0,0,0,0,0,0
2023-11-01,2023,11,4,가을,0,1,경전선,688.0,122.0,-22.0,1,초과수요,110.0,-10.0,0,0,0,0,0,0,0,0
2023-11-01,2023,11,4,가을,0,1,전라선,774.0,110.0,-10.0,1,초과수요,110.0,-10.0,0,0,0,0,0,0,0,0
2023-11-01,2023,11,4,가을,0,1,동해선,587.0,124.0,-24.0,1,초과수요,110.0,-10.0,0,0,0,0,0,0,0,0
2023-12-01,2023,12,4,겨울,0,1,경부선,3648.0,110.0,-10.0,1,초과수요,108.0,-8.0,0,1,0,0,0,0,0,0
2023-12-01,2023,12,4,겨울,0,1,호남선,1060.0,90.0,10.0,0,공실있음,108.0,-8.0,0,1,0,0,0,0,0,0
2023-12-01,2023,12,4,겨울,0,1,경전선,714.0,121.0,-21.0,1,초과수요,108.0,-8.0,0,1,0,0,0,0,0,0
2023-12-01,2023,12,4,겨울,0,1,전라선,806.0,111.0,-11.0,1,초과수요,108.0,-8.0,0,1,0,0,0,0,0,0
2023-12-01,2023,12,4,겨울,0,1,동해선,612.0,125.0,-25.0,1,초과수요,108.0,-8.0,0,1,0,0,0,0,0,0
2024-01-01,2024,1,1,겨울,0,1,경부선,3319.0,102.0,-2.0,1,초과수요,99.0,1.0,0,1,0,0,0,1,0,0
2024-01-01,2024,1,1,겨울,0,1,호남선,958.0,82.0,18.0,0,공실있음,99.0,1.0,0,1,0,0,0,1,0,0
2024-01-01,2024,1,1,겨울,0,1,경전선,645.0,111.0,-11.0,1,초과수요,99.0,1.0,0,1,0,0,0,1,0,0
2024-01-01,2024,1,1,겨울,0,1,전라선,732.0,101.0,-1.0,1,초과수요,99.0,1.0,0,1,0,0,0,1,0,0
2024-01-01,2024,1,1,겨울,0,1,동해선,559.0,114.0,-14.0,1,초과수요,99.0,1.0,0,1,0,0,0,1,0,0
2024-02-01,2024,2,1,겨울,0,1,경부선,3464.0,112.0,-12.0,1,초과수요,109.0,-9.0,0,4,1,0,1,0,0,0
2024-02-01,2024,2,1,겨울,0,1,호남선,1013.0,92.0,8.0,0,여유없음,109.0,-9.0,0,4,1,0,1,0,0,0
2024-02-01,2024,2,1,겨울,0,1,경전선,679.0,123.0,-23.0,1,초과수요,109.0,-9.0,0,4,1,0,1,0,0,0
2024-02-01,2024,2,1,겨울,0,1,전라선,772.0,113.0,-13.0,1,초과수요,109.0,-9.0,0,4,1,0,1,0,0,0
2024-02-01,2024,2,1,겨울,0,1,동해선,583.0,127.0,-27.0,1,초과수요,109.0,-9.0,0,4,1,0,1,0,0,0
2024-03-01,2024,3,1,봄,0,1,경부선,3474.0,105.0,-5.0,1,초과수요,102.0,-2.0,0,1,0,0,0,0,1,0
2024-03-01,2024,3,1,봄,0,1,호남선,1014.0,86.0,14.0,0,공실있음,102.0,-2.0,0,1,0,0,0,0,1,0
2024-03-01,2024,3,1,봄,0,1,경전선,702.0,119.0,-19.0,1,초과수요,102.0,-2.0,0,1,0,0,0,0,1,0
2024-03-01,2024,3,1,봄,0,1,전라선,774.0,106.0,-6.0,1,초과수요,102.0,-2.0,0,1,0,0,0,0,1,0
2024-03-01,2024,3,1,봄,0,1,동해선,578.0,118.0,-18.0,1,초과수요,102.0,-2.0,0,1,0,0,0,0,1,0
2024-04-01,2024,4,2,봄,0,1,경부선,3500.0,111.0,-11.0,1,초과수요,108.0,-8.0,0,1,0,0,0,0,0,0
2024-04-01,2024,4,2,봄,0,1,호남선,1033.0,91.0,9.0,0,여유없음,108.0,-8.0,0,1,0,0,0,0,0,0
2024-04-01,2024,4,2,봄,0,1,경전선,693.0,123.0,-23.0,1,초과수요,108.0,-8.0,0,1,0,0,0,0,0,0
2024-04-01,2024,4,2,봄,0,1,전라선,780.0,111.0,-11.0,1,초과수요,108.0,-8.0,0,1,0,0,0,0,0,0
2024-04-01,2024,4,2,봄,0,1,동해선,585.0,124.0,-24.0,1,초과수요,108.0,-8.0,0,1,0,0,0,0,0,0
2024-05-01,2024,5,2,봄,0,1,경부선,3827.0,115.0,-15.0,1,초과수요,112.0,-12.0,0,3,0,0,0,0,0,0
2024-05-01,2024,5,2,봄,0,1,호남선,1119.0,94.0,6.0,0,여유없음,112.0,-12.0,0,3,0,0,0,0,0,0
2024-05-01,2024,5,2,봄,0,1,경전선,747.0,128.0,-28.0,1,초과수요,112.0,-12.0,0,3,0,0,0,0,0,0
2024-05-01,2024,5,2,봄,0,1,전라선,863.0,119.0,-19.0,1,초과수요,112.0,-12.0,0,3,0,0,0,0,0,0
2024-05-01,2024,5,2,봄,0,1,동해선,632.0,129.0,-29.0,1,초과수요,112.0,-12.0,0,3,0,0,0,0,0,0
2024-06-01,2024,6,2,여름,0,1,경부선,3595.0,110.0,-10.0,1,초과수요,107.0,-7.0,0,1,0,0,0,0,0,0
2024-06-01,2024,6,2,여름,0,1,호남선,1051.0,91.0,9.0,0,여유없음,107.0,-7.0,0,1,0,0,0,0,0,0
2024-06-01,2024,6,2,여름,0,1,경전선,704.0,123.0,-23.0,1,초과수요,107.0,-7.0,0,1,0,0,0,0,0,0
2024-06-01,2024,6,2,여름,0,1,전라선,787.0,111.0,-11.0,1,초과수요,107.0,-7.0,0,1,0,0,0,0,0,0
2024-06-01,2024,6,2,여름,0,1,동해선,592.0,125.0,-25.0,1,초과수요,107.0,-7.0,0,1,0,0,0,0,0,0
2024-07-01,2024,7,3,여름,0,1,경부선,3556.0,107.0,-7.0,1,초과수요,102.0,-2.0,0,0,0,0,0,0,0,0
2024-07-01,2024,7,3,여름,0,1,호남선,1005.0,85.0,15.0,0,공실있음,102.0,-2.0,0,0,0,0,0,0,0,0
2024-07-01,2024,7,3,여름,0,1,경전선,691.0,119.0,-19.0,1,초과수요,102.0,-2.0,0,0,0,0,0,0,0,0
2024-07-01,2024,7,3,여름,0,1,전라선,758.0,105.0,-5.0,1,초과수요,102.0,-2.0,0,0,0,0,0,0,0,0
2024-07-01,2024,7,3,여름,0,1,동해선,590.0,121.0,-21.0,1,초과수요,102.0,-2.0,0,0,0,0,0,0,0,0
2024-08-01,2024,8,3,여름,0,1,경부선,3706.0,109.0,-9.0,1,초과수요,106.0,-6.0,0,1,0,0,0,1,0,0
2024-08-01,2024,8,3,여름,0,1,호남선,1053.0,88.0,12.0,0,공실있음,106.0,-6.0,0,1,0,0,0,1,0,0
2024-08-01,2024,8,3,여름,0,1,경전선,715.0,122.0,-22.0,1,초과수요,106.0,-6.0,0,1,0,0,0,1,0,0
2024-08-01,2024,8,3,여름,0,1,전라선,819.0,112.0,-12.0,1,초과수요,106.0,-6.0,0,1,0,0,0,1,0,0
2024-08-01,2024,8,3,여름,0,1,동해선,608.0,124.0,-24.0,1,초과수요,106.0,-6.0,0,1,0,0,0,1,0,0
2024-09-01,2024,9,3,가을,0,1,경부선,3615.0,110.0,-10.0,1,초과수요,1106.0,-1006.0,0,3,0,1,1,0,0,1
2024-09-01,2024,9,3,가을,0,1,호남선,1073.0,93.0,7.0,0,여유없음,1106.0,-1006.0,0,3,0,1,1,0,0,1
2024-09-01,2024,9,3,가을,0,1,경전선,707.0,123.0,-23.0,1,초과수요,1106.0,-1006.0,0,3,0,1,1,0,0,1
2024-09-01,2024,9,3,가을,0,1,전라선,795.0,111.0,-11.0,1,초과수요,1106.0,-1006.0,0,3,0,1,1,0,0,1
2024-09-01,2024,9,3,가을,0,1,동해선,579.0,125.0,-25.0,1,초과수요,1106.0,-1006.0,0,3,0,1,1,0,0,1
2024-10-01,2024,10,4,가을,0,1,경부선,3800.0,115.0,-15.0,1,초과수요,110.0,-10.0,0,3,0,0,0,0,1,0
2024-10-01,2024,10,4,가을,0,1,호남선,1115.0,94.0,6.0,0,여유없음,110.0,-10.0,0,3,0,0,0,0,1,0
2024-10-01,2024,10,4,가을,0,1,경전선,735.0,126.0,-26.0,1,초과수요,110.0,-10.0,0,3,0,0,0,0,1,0
2024-10-01,2024,10,4,가을,0,1,전라선,833.0,115.0,-15.0,1,초과수요,110.0,-10.0,0,3,0,0,0,0,1,0
2024-10-01,2024,10,4,가을,0,1,동해선,607.0,128.0,-28.0,1,초과수요,110.0,-10.0,0,3,0,0,0,0,1,0
2024-11-01,2024,11,4,가을,0,1,경부선,3930.0,121.0,-21.0,1,초과수요,116.0,-16.0,0,0,0,0,0,0,0,0
2024-11-01,2024,11,4,가을,0,1,호남선,1153.0,100.0,0.0,0,여유없음,116.0,-16.0,0,0,0,0,0,0,0,0
2024-11-01,2024,11,4,가을,0,1,경전선,756.0,133.0,-33.0,1,초과수요,116.0,-16.0,0,0,0,0,0,0,0,0
2024-11-01,2024,11,4,가을,0,1,전라선,851.0,120.0,-20.0,1,초과수요,116.0,-16.0,0,0,0,0,0,0,0,0
2024-11-01,2024,11,4,가을,0,1,동해선,619.0,134.0,-34.0,1,초과수요,116.0,-16.0,0,0,0,0,0,0,0,0
2024-12-01,2024,12,4,겨울,0,1,경부선,3364.0,117.0,-17.0,1,초과수요,112.0,-12.0,0,1,0,0,0,0,0,0
2024-12-01,2024,12,4,겨울,0,1,호남선,1040.0,93.0,7.0,0,여유없음,112.0,-12.0,0,1,0,0,0,0,0,0
2024-12-01,2024,12,4,겨울,0,1,경전선,682.0,128.0,-28.0,1,초과수요,112.0,-12.0,0,1,0,0,0,0,0,0
2024-12-01,2024,12,4,겨울,0,1,전라선,768.0,115.0,-15.0,1,초과수요,112.0,-12.0,0,1,0,0,0,0,0,0
2024-12-01,2024,12,4,겨울,0,1,동해선,586.0,131.0,-31.0,1,초과수요,112.0,-12.0,0,1,0,0,0,0,0,0
