Unnamed: 0,yearmonth,연도,월,분기,계절,코로나기간,SRT개통후,노선,여객수_천명,KTX이용률,공실률,초과수요,공실상태,KTX전체이용률,KTX전체공실률,개통전,공실률_lag1,공실률_lag12,공실률_ma3,공휴일수,명절연휴포함,황금연휴포함,명절전달,명절후달
24,2005-04-01,2005,4,2,봄,0,0,경부선,2123.0,78.0,22.0,0,공실있음,68.0,32.0,0,27.0,30.0,24.33333333333333,1,0,0,0,0
26,2005-05-01,2005,5,2,봄,0,0,경부선,2247.0,79.0,21.0,0,공실있음,70.0,30.0,0,22.0,25.0,23.33333333333333,2,0,0,0,0
28,2005-06-01,2005,6,2,여름,0,0,경부선,2129.0,77.0,23.0,0,공실있음,68.0,32.0,0,21.0,33.0,23.33333333333333,1,0,0,0,0
30,2005-07-01,2005,7,3,여름,0,0,경부선,2227.0,77.0,23.0,0,공실있음,68.0,32.0,0,23.0,28.0,22.0,1,0,0,0,0
32,2005-08-01,2005,8,3,여름,0,0,경부선,2415.0,84.0,16.0,0,공실있음,74.0,26.0,0,23.0,25.0,22.33333333333333,1,0,0,1,0
34,2005-09-01,2005,9,3,가을,0,0,경부선,2227.0,79.0,21.0,0,공실있음,70.0,30.0,0,16.0,27.0,20.666666666666668,3,1,0,0,0
36,2005-10-01,2005,10,4,가을,0,0,경부선,2462.0,84.0,16.0,0,공실있음,75.0,25.0,0,21.0,24.0,20.0,1,0,0,0,1
38,2005-11-01,2005,11,4,가을,0,0,경부선,2390.0,82.0,18.0,0,공실있음,74.0,26.0,0,16.0,24.0,17.666666666666668,0,0,0,0,0
40,2005-12-01,2005,12,4,겨울,0,0,경부선,2590.0,85.0,15.0,0,공실있음,80.0,20.0,0,18.0,25.0,18.33333333333333,1,0,0,1,0
42,2006-01-01,2006,1,1,겨울,0,0,경부선,2617.0,84.0,16.0,0,공실있음,77.0,23.0,0,15.0,25.0,16.333333333333332,4,1,0,0,0
44,2006-02-01,2006,2,1,겨울,0,0,경부선,2347.0,86.0,14.0,0,공실있음,77.0,23.0,0,16.0,21.0,16.333333333333332,0,0,0,0,0
46,2006-03-01,2006,3,1,봄,0,0,경부선,2230.0,74.0,26.0,0,공실있음,66.0,34.0,0,14.0,27.0,15.0,1,0,0,0,0
48,2006-04-01,2006,4,2,봄,0,0,경부선,2488.0,84.0,16.0,0,공실있음,76.0,24.0,0,26.0,22.0,18.666666666666668,0,0,0,0,0
50,2006-05-01,2006,5,2,봄,0,0,경부선,2587.0,85.0,15.0,0,공실있음,77.0,23.0,0,16.0,21.0,18.666666666666668,2,0,0,0,0
52,2006-06-01,2006,6,2,여름,0,0,경부선,2369.0,81.0,19.0,0,공실있음,72.0,28.0,0,15.0,23.0,19.0,1,0,0,0,0
54,2006-07-01,2006,7,3,여름,0,0,경부선,2473.0,80.0,20.0,0,공실있음,72.0,28.0,0,19.0,23.0,16.666666666666668,1,0,0,0,0
56,2006-08-01,2006,8,3,여름,0,0,경부선,2600.0,85.0,15.0,0,공실있음,77.0,23.0,0,20.0,16.0,18.0,1,0,0,0,0
58,2006-09-01,2006,9,3,가을,0,0,경부선,2338.0,79.0,21.0,0,공실있음,71.0,29.0,0,15.0,21.0,18.0,0,0,0,0,0
60,2006-10-01,2006,10,4,가을,0,0,경부선,2763.0,88.0,12.0,0,공실있음,81.0,19.0,0,21.0,16.0,18.666666666666668,4,1,0,0,0
62,2006-11-01,2006,11,4,가을,0,0,경부선,2606.0,86.0,14.0,0,공실있음,78.0,22.0,0,12.0,18.0,16.0,0,0,0,0,0
64,2006-12-01,2006,12,4,겨울,0,0,경부선,2773.0,87.0,13.0,0,공실있음,79.0,21.0,0,14.0,15.0,15.666666666666666,1,0,0,0,0
66,2007-01-01,2007,1,1,겨울,0,0,경부선,2667.0,85.0,15.0,0,공실있음,77.0,23.0,0,13.0,16.0,13.0,1,0,0,1,0
68,2007-02-01,2007,2,1,겨울,0,0,경부선,2541.0,87.0,13.0,0,공실있음,79.0,21.0,0,15.0,14.0,14.0,3,1,0,0,0
70,2007-03-01,2007,3,1,봄,0,0,경부선,2479.0,78.0,22.0,0,공실있음,71.0,29.0,0,13.0,26.0,13.666666666666666,1,0,0,0,1
72,2007-04-01,2007,4,2,봄,0,0,경부선,2495.0,82.0,18.0,0,공실있음,74.0,26.0,0,22.0,16.0,16.666666666666668,0,0,0,0,0
74,2007-05-01,2007,5,2,봄,0,0,경부선,2691.0,86.0,14.0,0,공실있음,78.0,22.0,0,18.0,15.0,17.666666666666668,2,0,0,0,0
76,2007-06-01,2007,6,2,여름,0,0,경부선,2486.0,80.0,20.0,0,공실있음,72.0,28.0,0,14.0,19.0,18.0,1,0,0,0,0
78,2007-07-01,2007,7,3,여름,0,0,경부선,2489.0,78.0,22.0,0,공실있음,70.0,30.0,0,20.0,20.0,17.333333333333332,1,0,0,0,0
80,2007-08-01,2007,8,3,여름,0,0,경부선,2635.0,82.0,18.0,0,공실있음,75.0,25.0,0,22.0,15.0,18.666666666666668,1,0,0,1,0
82,2007-09-01,2007,9,3,가을,0,0,경부선,2475.0,76.0,24.0,0,공실있음,71.0,29.0,0,18.0,21.0,20.0,3,1,1,0,0
84,2007-10-01,2007,10,4,가을,0,0,경부선,2654.0,84.0,16.0,0,공실있음,76.0,24.0,0,24.0,12.0,21.33333333333333,1,0,0,0,1
86,2007-11-01,2007,11,4,가을,0,0,경부선,2637.0,86.0,14.0,0,공실있음,78.0,22.0,0,16.0,14.0,19.33333333333333,0,0,0,0,0
88,2007-12-01,2007,12,4,겨울,0,0,경부선,2729.0,85.0,15.0,0,공실있음,77.0,23.0,0,14.0,13.0,18.0,1,0,0,0,0
90,2008-01-01,2008,1,1,겨울,0,0,경부선,2616.0,79.0,21.0,0,공실있음,72.0,28.0,0,15.0,15.0,15.0,1,0,0,1,0
92,2008-02-01,2008,2,1,겨울,0,0,경부선,2596.0,80.0,20.0,0,공실있음,74.0,26.0,0,21.0,13.0,16.666666666666668,3,1,1,0,0
94,2008-03-01,2008,3,1,봄,0,0,경부선,2497.0,74.0,26.0,0,공실있음,68.0,32.0,0,20.0,22.0,18.666666666666668,1,0,0,0,1
96,2008-04-01,2008,4,2,봄,0,0,경부선,2544.0,79.0,21.0,0,공실있음,73.0,27.0,0,26.0,18.0,22.33333333333333,0,0,0,0,0
98,2008-05-01,2008,5,2,봄,0,0,경부선,2826.0,84.0,16.0,0,공실있음,78.0,22.0,0,21.0,14.0,22.33333333333333,2,0,0,0,0
100,2008-06-01,2008,6,2,여름,0,0,경부선,2511.0,77.0,23.0,0,공실있음,71.0,29.0,0,16.0,20.0,21.0,1,0,0,0,0
102,2008-07-01,2008,7,3,여름,0,0,경부선,2531.0,77.0,23.0,0,공실있음,70.0,30.0,0,23.0,22.0,20.0,0,0,0,0,0
104,2008-08-01,2008,8,3,여름,0,0,경부선,2755.0,81.0,19.0,0,공실있음,75.0,25.0,0,23.0,18.0,20.666666666666668,1,0,0,1,0
106,2008-09-01,2008,9,3,가을,0,0,경부선,2595.0,79.0,21.0,0,공실있음,74.0,26.0,0,19.0,24.0,21.666666666666668,3,1,0,0,0
108,2008-10-01,2008,10,4,가을,0,0,경부선,2739.0,82.0,18.0,0,공실있음,76.0,24.0,0,21.0,16.0,21.0,1,0,0,0,1
110,2008-11-01,2008,11,4,가을,0,0,경부선,2700.0,82.0,18.0,0,공실있음,76.0,24.0,0,18.0,14.0,19.33333333333333,0,0,0,0,0
112,2008-12-01,2008,12,4,겨울,0,0,경부선,2622.0,79.0,21.0,0,공실있음,73.0,27.0,0,18.0,15.0,19.0,1,0,0,1,0
114,2009-01-01,2009,1,1,겨울,0,0,경부선,2669.0,77.0,23.0,0,공실있음,72.0,28.0,0,21.0,21.0,19.0,4,1,0,0,0
116,2009-02-01,2009,2,1,겨울,0,0,경부선,2375.0,78.0,22.0,0,공실있음,71.0,29.0,0,23.0,20.0,20.666666666666668,0,0,0,0,0
118,2009-03-01,2009,3,1,봄,0,0,경부선,2451.0,73.0,27.0,0,공실있음,67.0,33.0,0,22.0,26.0,22.0,1,0,0,0,0
120,2009-04-01,2009,4,2,봄,0,0,경부선,2533.0,79.0,21.0,0,공실있음,73.0,27.0,0,27.0,21.0,24.0,0,0,0,0,0
122,2009-05-01,2009,5,2,봄,0,0,경부선,2749.0,80.0,20.0,0,공실있음,74.0,26.0,0,21.0,16.0,23.33333333333333,2,0,0,0,0
124,2009-06-01,2009,6,2,여름,0,0,경부선,2446.0,75.0,25.0,0,공실있음,69.0,31.0,0,20.0,23.0,22.666666666666668,1,0,0,0,0
126,2009-07-01,2009,7,3,여름,0,0,경부선,2503.0,75.0,25.0,0,공실있음,69.0,31.0,0,25.0,23.0,22.0,0,0,0,0,0
128,2009-08-01,2009,8,3,여름,0,0,경부선,2760.0,81.0,19.0,0,공실있음,75.0,25.0,0,25.0,19.0,23.33333333333333,1,0,0,0,0
130,2009-09-01,2009,9,3,가을,0,0,경부선,2370.0,73.0,27.0,0,공실있음,67.0,33.0,0,19.0,21.0,23.0,0,0,0,0,0
132,2009-10-01,2009,10,4,가을,0,0,경부선,2879.0,83.0,17.0,0,공실있음,77.0,23.0,0,27.0,18.0,23.666666666666668,4,1,0,0,0
134,2009-11-01,2009,11,4,가을,0,0,경부선,2574.0,78.0,22.0,0,공실있음,72.0,28.0,0,17.0,18.0,21.0,0,0,0,0,0
136,2009-12-01,2009,12,4,겨울,0,0,경부선,2702.0,81.0,19.0,0,공실있음,74.0,26.0,0,22.0,21.0,22.0,1,0,0,0,0
138,2010-01-01,2010,1,1,겨울,0,0,경부선,2725.0,79.0,21.0,0,공실있음,74.0,26.0,0,19.0,23.0,19.33333333333333,1,0,0,1,0
141,2010-02-01,2010,2,1,겨울,0,0,경부선,2644.0,84.0,16.0,0,공실있음,78.0,22.0,0,21.0,22.0,20.666666666666668,3,1,0,0,0
144,2010-03-01,2010,3,1,봄,0,0,경부선,2587.0,78.0,22.0,0,공실있음,72.0,28.0,0,16.0,27.0,18.666666666666668,1,0,0,0,1
147,2010-04-01,2010,4,2,봄,0,0,경부선,2640.0,82.0,18.0,0,공실있음,77.0,23.0,0,22.0,21.0,19.666666666666668,0,0,0,0,0
150,2010-05-01,2010,5,2,봄,0,0,경부선,2943.0,87.0,13.0,0,공실있음,82.0,18.0,0,18.0,20.0,18.666666666666668,2,0,0,0,0
153,2010-06-01,2010,6,2,여름,0,0,경부선,2552.0,80.0,20.0,0,공실있음,74.0,26.0,0,13.0,25.0,17.666666666666668,1,0,0,0,0
156,2010-07-01,2010,7,3,여름,0,0,경부선,2750.0,81.0,19.0,0,공실있음,76.0,24.0,0,20.0,25.0,17.0,0,0,0,0,0
159,2010-08-01,2010,8,3,여름,0,0,경부선,2907.0,88.0,12.0,0,공실있음,82.0,18.0,0,19.0,19.0,17.333333333333332,1,0,0,1,0
162,2010-09-01,2010,9,3,가을,0,0,경부선,2723.0,83.0,17.0,0,공실있음,79.0,21.0,0,12.0,27.0,17.0,3,1,0,0,0
165,2010-10-01,2010,10,4,가을,0,0,경부선,3056.0,92.0,8.0,0,여유없음,86.0,14.0,0,17.0,17.0,16.0,1,0,0,0,1
168,2010-11-01,2010,11,4,가을,0,0,경부선,3321.0,102.0,-2.0,1,초과수요,93.0,7.0,0,8.0,22.0,12.333333333333334,0,0,0,0,0
171,2010-12-01,2010,12,4,겨울,0,0,경부선,3485.0,102.0,-2.0,1,초과수요,95.0,5.0,0,-2.0,19.0,7.666666666666667,1,0,0,0,0
174,2011-01-01,2011,1,1,겨울,0,0,경부선,3277.0,96.0,4.0,0,여유없음,89.0,11.0,0,-2.0,21.0,1.3333333333333333,1,0,0,1,0
177,2011-02-01,2011,2,1,겨울,0,0,경부선,3184.0,101.0,-1.0,1,초과수요,94.0,6.0,0,4.0,16.0,0.0,3,1,1,0,0
180,2011-03-01,2011,3,1,봄,0,0,경부선,3056.0,95.0,5.0,0,여유없음,88.0,12.0,0,-1.0,22.0,0.3333333333333333,1,0,0,0,1
183,2011-04-01,2011,4,2,봄,0,0,경부선,3254.0,102.0,-2.0,1,초과수요,94.0,6.0,0,5.0,18.0,2.6666666666666665,0,0,0,0,0
186,2011-05-01,2011,5,2,봄,0,0,경부선,3379.0,104.0,-4.0,1,초과수요,97.0,3.0,0,-2.0,13.0,0.6666666666666666,2,0,0,0,0
189,2011-06-01,2011,6,2,여름,0,0,경부선,3105.0,104.0,-4.0,1,초과수요,95.0,5.0,0,-4.0,20.0,-0.3333333333333333,1,0,0,0,0
192,2011-07-01,2011,7,3,여름,0,0,경부선,3226.0,100.0,0.0,0,여유없음,92.0,8.0,0,-4.0,19.0,-3.333333333333333,0,0,0,0,0
195,2011-08-01,2011,8,3,여름,0,0,경부선,3391.0,107.0,-7.0,1,초과수요,99.0,1.0,0,0.0,12.0,-2.6666666666666665,1,0,0,1,0
198,2011-09-01,2011,9,3,가을,0,0,경부선,3199.0,102.0,-2.0,1,초과수요,95.0,5.0,0,-7.0,17.0,-3.6666666666666665,3,1,0,0,0
201,2011-10-01,2011,10,4,가을,0,0,경부선,3421.0,111.0,-11.0,1,초과수요,103.0,-3.0,0,-2.0,8.0,-3.0,1,0,0,0,1
205,2011-11-01,2011,11,4,가을,0,0,경부선,3264.0,111.0,-11.0,1,초과수요,103.0,-3.0,0,-11.0,-2.0,-6.666666666666667,0,0,0,0,0
209,2011-12-01,2011,12,4,겨울,0,0,경부선,3303.0,107.0,-7.0,1,초과수요,100.0,0.0,0,-11.0,-2.0,-8.0,1,0,0,1,0
213,2012-01-01,2012,1,1,겨울,0,0,경부선,3236.0,101.0,-1.0,1,초과수요,95.0,5.0,0,-7.0,4.0,-9.666666666666666,4,1,0,0,0
217,2012-02-01,2012,2,1,겨울,0,0,경부선,3115.0,107.0,-7.0,1,초과수요,99.0,1.0,0,-1.0,-1.0,-6.333333333333333,0,0,0,0,0
221,2012-03-01,2012,3,1,봄,0,0,경부선,3162.0,99.0,1.0,0,여유없음,92.0,8.0,0,-7.0,5.0,-5.0,1,0,0,0,0
225,2012-04-01,2012,4,2,봄,0,0,경부선,3222.0,104.0,-4.0,1,초과수요,98.0,2.0,0,1.0,-2.0,-2.333333333333333,1,0,0,0,0
229,2012-05-01,2012,5,2,봄,0,0,경부선,3370.0,108.0,-8.0,1,초과수요,101.0,-1.0,0,-4.0,-4.0,-3.333333333333333,2,0,0,0,0
233,2012-06-01,2012,6,2,여름,0,0,경부선,3190.0,103.0,-3.0,1,초과수요,96.0,4.0,0,-8.0,-4.0,-3.6666666666666665,1,0,0,0,0
237,2012-07-01,2012,7,3,여름,0,0,경부선,3210.0,97.0,3.0,0,여유없음,91.0,9.0,0,-3.0,0.0,-5.0,0,0,0,0,0
241,2012-08-01,2012,8,3,여름,0,0,경부선,3326.0,96.0,4.0,0,여유없음,91.0,9.0,0,3.0,-7.0,-2.6666666666666665,1,0,0,1,0
245,2012-09-01,2012,9,3,가을,0,0,경부선,3211.0,97.0,3.0,0,여유없음,92.0,8.0,0,4.0,-2.0,1.3333333333333333,2,1,0,1,0
249,2012-10-01,2012,10,4,가을,0,0,경부선,3564.0,104.0,-4.0,1,초과수요,98.0,2.0,0,3.0,-11.0,3.333333333333333,2,1,0,0,1
253,2012-11-01,2012,11,4,가을,0,0,경부선,3566.0,101.0,-1.0,1,초과수요,96.0,4.0,0,-4.0,-11.0,1.0,0,0,0,0,0
257,2012-12-01,2012,12,4,겨울,0,0,경부선,3723.0,100.0,0.0,0,여유없음,96.0,4.0,0,-1.0,-7.0,-0.6666666666666666,2,0,0,0,0
261,2013-01-01,2013,1,1,겨울,0,0,경부선,3389.0,93.0,7.0,0,여유없음,88.0,12.0,0,0.0,-1.0,-1.6666666666666667,1,0,0,1,0
265,2013-02-01,2013,2,1,겨울,0,0,경부선,3357.0,99.0,1.0,0,여유없음,94.0,6.0,0,7.0,-7.0,2.0,3,1,0,0,0
269,2013-03-01,2013,3,1,봄,0,0,경부선,3401.0,91.0,9.0,0,여유없음,87.0,13.0,0,1.0,1.0,2.6666666666666665,1,0,0,0,1
273,2013-04-01,2013,4,2,봄,0,0,경부선,3398.0,95.0,5.0,0,여유없음,91.0,9.0,0,9.0,-4.0,5.666666666666667,0,0,0,0,0
277,2013-05-01,2013,5,2,봄,0,0,경부선,3693.0,98.0,2.0,0,여유없음,95.0,5.0,0,5.0,-8.0,5.0,2,0,0,0,0
281,2013-06-01,2013,6,2,여름,0,0,경부선,3379.0,93.0,7.0,0,여유없음,89.0,11.0,0,2.0,-3.0,5.333333333333333,1,0,0,0,0
285,2013-07-01,2013,7,3,여름,0,0,경부선,3376.0,91.0,9.0,0,여유없음,87.0,13.0,0,7.0,3.0,4.666666666666667,0,0,0,0,0
289,2013-08-01,2013,8,3,여름,0,0,경부선,3535.0,94.0,6.0,0,여유없음,90.0,10.0,0,9.0,4.0,6.0,1,0,0,1,0
293,2013-09-01,2013,9,3,가을,0,0,경부선,3538.0,96.0,4.0,0,여유없음,93.0,7.0,0,6.0,3.0,7.333333333333333,3,1,1,0,0
297,2013-10-01,2013,10,4,가을,0,0,경부선,3671.0,99.0,1.0,0,여유없음,95.0,5.0,0,4.0,-4.0,6.333333333333333,2,0,0,0,1
301,2013-11-01,2013,11,4,가을,0,0,경부선,3733.0,103.0,-3.0,1,초과수요,98.0,2.0,0,1.0,-1.0,3.6666666666666665,0,0,0,0,0
305,2013-12-01,2013,12,4,겨울,0,0,경부선,3533.0,96.0,4.0,0,여유없음,91.0,9.0,0,-3.0,0.0,0.6666666666666666,1,0,0,1,0
309,2014-01-01,2014,1,1,겨울,0,0,경부선,3422.0,101.0,-1.0,1,초과수요,96.0,4.0,0,4.0,7.0,0.6666666666666666,3,1,0,1,0
313,2014-02-01,2014,2,1,겨울,0,0,경부선,3450.0,100.0,0.0,0,여유없음,94.0,6.0,0,-1.0,1.0,0.0,1,1,0,0,1
317,2014-03-01,2014,3,1,봄,0,0,경부선,3456.0,93.0,7.0,0,여유없음,88.0,12.0,0,0.0,9.0,1.0,1,0,0,0,1
321,2014-04-01,2014,4,2,봄,0,0,경부선,3529.0,99.0,1.0,0,여유없음,94.0,6.0,0,7.0,5.0,2.0,0,0,0,0,0
325,2014-05-01,2014,5,2,봄,0,0,경부선,3822.0,102.0,-2.0,1,초과수요,97.0,3.0,0,1.0,2.0,2.6666666666666665,2,0,0,0,0
329,2014-06-01,2014,6,2,여름,0,0,경부선,3551.0,99.0,1.0,0,여유없음,93.0,7.0,0,-2.0,7.0,2.0,2,0,0,0,0
333,2014-07-01,2014,7,3,여름,0,0,경부선,3525.0,101.0,-1.0,1,초과수요,95.0,5.0,0,1.0,9.0,0.0,0,0,0,0,0
337,2014-08-01,2014,8,3,여름,0,0,경부선,3809.0,108.0,-8.0,1,초과수요,102.0,-2.0,0,-1.0,6.0,-0.6666666666666666,1,0,0,1,0
341,2014-09-01,2014,9,3,가을,0,0,경부선,3600.0,104.0,-4.0,1,초과수요,99.0,1.0,0,-8.0,4.0,-2.6666666666666665,4,1,1,0,0
345,2014-10-01,2014,10,4,가을,0,0,경부선,3904.0,111.0,-11.0,1,초과수요,105.0,-5.0,0,-4.0,1.0,-4.333333333333333,2,0,0,0,1
349,2014-11-01,2014,11,4,가을,0,0,경부선,3747.0,109.0,-9.0,1,초과수요,104.0,-4.0,0,-11.0,-3.0,-7.666666666666667,0,0,0,0,0
353,2014-12-01,2014,12,4,겨울,0,0,경부선,3907.0,111.0,-11.0,1,초과수요,106.0,-6.0,0,-9.0,4.0,-8.0,1,0,0,0,0
357,2015-01-01,2015,1,1,겨울,0,0,경부선,3667.0,104.0,-4.0,1,초과수요,98.0,2.0,0,-11.0,-1.0,-10.333333333333334,1,0,0,1,0
361,2015-02-01,2015,2,1,겨울,0,0,경부선,3323.0,106.0,-6.0,1,초과수요,101.0,-1.0,0,-4.0,0.0,-8.0,3,1,1,0,0
365,2015-03-01,2015,3,1,봄,0,0,경부선,3565.0,102.0,-2.0,1,초과수요,96.0,4.0,0,-6.0,7.0,-7.0,1,0,0,0,1
369,2015-04-01,2015,4,2,봄,0,0,경부선,3524.0,104.0,-4.0,1,초과수요,100.0,0.0,0,-2.0,1.0,-4.0,0,0,0,0,0
374,2015-05-01,2015,5,2,봄,0,0,경부선,3894.0,108.0,-8.0,1,초과수요,105.0,-5.0,0,-4.0,-2.0,-4.0,2,0,0,0,0
379,2015-06-01,2015,6,2,여름,0,0,경부선,2554.0,75.0,25.0,0,공실있음,73.0,27.0,0,-8.0,1.0,-4.666666666666667,1,0,0,0,0
384,2015-07-01,2015,7,3,여름,0,0,경부선,3266.0,93.0,7.0,0,여유없음,90.0,10.0,0,25.0,-1.0,4.333333333333333,0,0,0,0,0
389,2015-08-01,2015,8,3,여름,0,0,경부선,3554.0,105.0,-5.0,1,초과수요,97.0,3.0,0,7.0,-8.0,8.0,1,0,0,1,0
394,2015-09-01,2015,9,3,가을,0,0,경부선,3386.0,101.0,-1.0,1,초과수요,96.0,4.0,0,-5.0,-4.0,9.0,4,1,0,0,0
399,2015-10-01,2015,10,4,가을,0,0,경부선,3700.0,108.0,-8.0,1,초과수요,102.0,-2.0,0,-1.0,-11.0,0.3333333333333333,2,0,0,0,1
404,2015-11-01,2015,11,4,가을,0,0,경부선,3609.0,109.0,-9.0,1,초과수요,103.0,-3.0,0,-8.0,-9.0,-4.666666666666667,0,0,0,0,0
409,2015-12-01,2015,12,4,겨울,0,0,경부선,3556.0,105.0,-5.0,1,초과수요,99.0,1.0,0,-9.0,-11.0,-6.0,1,0,0,0,0
414,2016-01-01,2016,1,1,겨울,0,0,경부선,3398.0,99.0,1.0,0,여유없음,94.0,6.0,0,-5.0,-4.0,-7.333333333333333,1,0,0,1,0
419,2016-02-01,2016,2,1,겨울,0,0,경부선,3363.0,103.0,-3.0,1,초과수요,98.0,2.0,0,1.0,-6.0,-4.333333333333333,4,1,1,0,0
424,2016-03-01,2016,3,1,봄,0,0,경부선,3246.0,96.0,4.0,0,여유없음,91.0,9.0,0,-3.0,-2.0,-2.333333333333333,1,0,0,0,1
429,2016-04-01,2016,4,2,봄,0,0,경부선,3438.0,104.0,-4.0,1,초과수요,100.0,0.0,0,4.0,-4.0,0.6666666666666666,1,0,0,0,0
434,2016-05-01,2016,5,2,봄,0,0,경부선,3638.0,106.0,-6.0,1,초과수요,102.0,-2.0,0,-4.0,-8.0,-1.0,3,0,0,0,0
439,2016-06-01,2016,6,2,여름,0,0,경부선,3421.0,104.0,-4.0,1,초과수요,98.0,2.0,0,-6.0,25.0,-2.0,1,0,0,0,0
444,2016-07-01,2016,7,3,여름,0,0,경부선,3514.0,102.0,-2.0,1,초과수요,96.0,4.0,0,-4.0,7.0,-4.666666666666667,0,0,0,0,0
449,2016-08-01,2016,8,3,여름,0,0,경부선,3498.0,103.0,-3.0,1,초과수요,98.0,2.0,0,-2.0,-5.0,-4.0,1,0,0,1,0
454,2016-09-01,2016,9,3,가을,0,0,경부선,3400.0,101.0,-1.0,1,초과수요,97.0,3.0,0,-3.0,-1.0,-3.0,3,1,1,0,0
459,2016-10-01,2016,10,4,가을,0,0,경부선,3770.0,111.0,-11.0,1,초과수요,106.0,-6.0,0,-1.0,-8.0,-2.0,2,0,0,0,1
464,2016-11-01,2016,11,4,가을,0,0,경부선,3615.0,114.0,-14.0,1,초과수요,109.0,-9.0,0,-11.0,-9.0,-5.0,0,0,0,0,0
469,2016-12-01,2016,12,4,겨울,0,1,경부선,2965.0,103.0,-3.0,1,초과수요,96.0,4.0,0,-14.0,-5.0,-8.666666666666666,1,0,0,1,0
474,2017-01-01,2017,1,1,겨울,0,1,경부선,2746.0,92.0,8.0,0,여유없음,89.0,11.0,0,-3.0,1.0,-9.333333333333334,5,1,0,0,0
479,2017-02-01,2017,2,1,겨울,0,1,경부선,2483.0,95.0,5.0,0,여유없음,91.0,9.0,0,8.0,-3.0,-3.0,0,0,0,0,0
484,2017-03-01,2017,3,1,봄,0,1,경부선,2543.0,83.0,17.0,0,공실있음,83.0,17.0,0,5.0,4.0,3.333333333333333,1,0,0,0,0
489,2017-04-01,2017,4,2,봄,0,1,경부선,2722.0,91.0,9.0,0,여유없음,91.0,9.0,0,17.0,-4.0,10.0,0,0,0,0,0
494,2017-05-01,2017,5,2,봄,0,1,경부선,2834.0,92.0,8.0,0,여유없음,92.0,8.0,0,9.0,-6.0,10.333333333333334,3,0,0,0,0
499,2017-06-01,2017,6,2,여름,0,1,경부선,2602.0,87.0,13.0,0,공실있음,86.0,14.0,0,8.0,-4.0,11.333333333333334,1,0,0,0,0
504,2017-07-01,2017,7,3,여름,0,1,경부선,2601.0,84.0,16.0,0,공실있음,83.0,17.0,0,13.0,-2.0,10.0,0,0,0,0,0
509,2017-08-01,2017,8,3,여름,0,1,경부선,2747.0,90.0,10.0,0,공실있음,88.0,12.0,0,16.0,-3.0,12.333333333333334,1,0,0,0,0
514,2017-09-01,2017,9,3,가을,0,1,경부선,2611.0,88.0,12.0,0,공실있음,88.0,12.0,0,10.0,-1.0,13.0,0,0,0,0,0
519,2017-10-01,2017,10,4,가을,0,1,경부선,2878.0,91.0,9.0,0,여유없음,91.0,9.0,0,12.0,-11.0,12.666666666666666,7,1,0,0,0
524,2017-11-01,2017,11,4,가을,0,1,경부선,2755.0,93.0,7.0,0,여유없음,94.0,6.0,0,9.0,-14.0,10.333333333333334,0,0,0,0,0
529,2017-12-01,2017,12,4,겨울,0,1,경부선,2903.0,94.0,6.0,0,여유없음,94.0,6.0,0,7.0,-3.0,9.333333333333334,1,0,0,0,0
534,2018-01-01,2018,1,1,겨울,0,1,경부선,2626.0,87.0,13.0,0,공실있음,86.0,14.0,0,6.0,8.0,7.333333333333333,1,0,0,1,0
539,2018-02-01,2018,2,1,겨울,0,1,경부선,2607.0,93.0,7.0,0,여유없음,86.0,14.0,0,13.0,5.0,8.666666666666666,3,1,0,0,0
544,2018-03-01,2018,3,1,봄,0,1,경부선,2567.0,85.0,15.0,0,공실있음,83.0,17.0,0,7.0,17.0,8.666666666666666,1,0,0,0,1
549,2018-04-01,2018,4,2,봄,0,1,경부선,2693.0,92.0,8.0,0,여유없음,91.0,9.0,0,15.0,9.0,11.666666666666666,0,0,0,0,0
554,2018-05-01,2018,5,2,봄,0,1,경부선,2891.0,95.0,5.0,0,여유없음,94.0,6.0,0,8.0,8.0,10.0,3,0,0,0,0
559,2018-06-01,2018,6,2,여름,0,1,경부선,2664.0,91.0,9.0,0,여유없음,91.0,9.0,0,5.0,13.0,9.333333333333334,2,0,0,0,0
564,2018-07-01,2018,7,3,여름,0,1,경부선,2647.0,87.0,13.0,0,공실있음,87.0,13.0,0,9.0,16.0,7.333333333333333,0,0,0,0,0
569,2018-08-01,2018,8,3,여름,0,1,경부선,2734.0,89.0,11.0,0,공실있음,89.0,11.0,0,13.0,10.0,9.0,1,0,0,1,0
574,2018-09-01,2018,9,3,가을,0,1,경부선,2777.0,88.0,12.0,0,공실있음,91.0,9.0,0,11.0,12.0,11.0,4,1,1,0,0
579,2018-10-01,2018,10,4,가을,0,1,경부선,2917.0,92.0,8.0,0,여유없음,93.0,7.0,0,12.0,9.0,12.0,2,0,0,0,1
584,2018-11-01,2018,11,4,가을,0,1,경부선,2964.0,96.0,4.0,0,여유없음,98.0,2.0,0,8.0,7.0,10.333333333333334,0,0,0,0,0
589,2018-12-01,2018,12,4,겨울,0,1,경부선,2927.0,91.0,9.0,0,여유없음,92.0,8.0,0,4.0,6.0,8.0,1,0,0,0,0
594,2019-01-01,2019,1,1,겨울,0,1,경부선,2822.0,89.0,11.0,0,공실있음,86.0,14.0,0,9.0,13.0,7.0,1,0,0,1,0
599,2019-02-01,2019,2,1,겨울,0,1,경부선,2857.0,98.0,2.0,0,여유없음,96.0,4.0,0,11.0,7.0,8.0,3,1,1,0,0
604,2019-03-01,2019,3,1,봄,0,1,경부선,2906.0,91.0,9.0,0,여유없음,90.0,10.0,0,2.0,15.0,7.333333333333333,1,0,0,0,1
609,2019-04-01,2019,4,2,봄,0,1,경부선,2951.0,97.0,3.0,0,여유없음,95.0,5.0,0,9.0,8.0,7.333333333333333,0,0,0,0,0
614,2019-05-01,2019,5,2,봄,0,1,경부선,3148.0,99.0,1.0,0,여유없음,98.0,2.0,0,3.0,5.0,4.666666666666667,3,0,0,0,0
619,2019-06-01,2019,6,2,여름,0,1,경부선,2943.0,95.0,5.0,0,여유없음,94.0,6.0,0,1.0,9.0,4.333333333333333,1,0,0,0,0
624,2019-07-01,2019,7,3,여름,0,1,경부선,2929.0,93.0,7.0,0,여유없음,93.0,7.0,0,5.0,13.0,3.0,0,0,0,0,0
629,2019-08-01,2019,8,3,여름,0,1,경부선,3088.0,97.0,3.0,0,여유없음,96.0,4.0,0,7.0,11.0,4.333333333333333,1,0,0,1,0
634,2019-09-01,2019,9,3,가을,0,1,경부선,2931.0,94.0,6.0,0,여유없음,95.0,5.0,0,3.0,12.0,5.0,3,1,0,0,0
639,2019-10-01,2019,10,4,가을,0,1,경부선,3095.0,98.0,2.0,0,여유없음,98.0,2.0,0,6.0,8.0,5.333333333333333,2,0,0,0,1
644,2019-11-01,2019,11,4,가을,0,1,경부선,3106.0,107.0,-7.0,1,초과수요,107.0,-7.0,0,2.0,4.0,3.6666666666666665,0,0,0,0,0
649,2019-12-01,2019,12,4,겨울,0,1,경부선,3228.0,101.0,-1.0,1,초과수요,101.0,-1.0,0,-7.0,9.0,0.3333333333333333,1,0,0,1,0
654,2020-01-01,2020,1,1,겨울,1,1,경부선,3055.0,95.0,5.0,0,여유없음,96.0,4.0,0,-1.0,11.0,-2.0,5,1,0,0,0
659,2020-02-01,2020,2,1,겨울,1,1,경부선,1656.0,56.0,44.0,0,공실있음,58.0,42.0,0,5.0,2.0,-1.0,0,0,0,0,0
664,2020-03-01,2020,3,1,봄,1,1,경부선,802.0,26.0,74.0,0,공실있음,29.0,71.0,0,44.0,9.0,16.0,1,0,0,0,0
669,2020-04-01,2020,4,2,봄,1,1,경부선,1169.0,40.0,60.0,0,공실있음,43.0,57.0,0,74.0,3.0,41.0,2,0,0,0,0
674,2020-05-01,2020,5,2,봄,1,1,경부선,1737.0,57.0,43.0,0,공실있음,61.0,39.0,0,60.0,1.0,59.333333333333336,1,0,0,0,0
679,2020-06-01,2020,6,2,여름,1,1,경부선,1806.0,60.0,40.0,0,공실있음,63.0,37.0,0,43.0,5.0,59.0,1,0,0,0,0
684,2020-07-01,2020,7,3,여름,1,1,경부선,2095.0,67.0,33.0,0,공실있음,67.0,33.0,0,40.0,7.0,47.66666666666666,0,0,0,0,0
689,2020-08-01,2020,8,3,여름,1,1,경부선,1948.0,61.0,39.0,0,공실있음,63.0,37.0,0,33.0,3.0,38.66666666666666,2,0,0,1,0
694,2020-09-01,2020,9,3,가을,1,1,경부선,1370.0,45.0,55.0,0,공실있음,46.0,54.0,0,39.0,6.0,37.333333333333336,1,1,1,1,0
699,2020-10-01,2020,10,4,가을,1,1,경부선,1909.0,60.0,40.0,0,공실있음,63.0,37.0,0,55.0,2.0,42.333333333333336,4,1,0,0,1
704,2020-11-01,2020,11,4,가을,1,1,경부선,2039.0,67.0,33.0,0,공실있음,69.0,31.0,0,40.0,-7.0,44.66666666666666,0,0,0,0,0
709,2020-12-01,2020,12,4,겨울,1,1,경부선,1303.0,42.0,58.0,0,공실있음,44.0,56.0,0,33.0,-1.0,42.66666666666666,1,0,0,0,0
714,2021-01-01,2021,1,1,겨울,1,1,경부선,1372.0,43.0,57.0,0,공실있음,45.0,55.0,0,58.0,5.0,43.66666666666666,1,0,0,1,0
719,2021-02-01,2021,2,1,겨울,1,1,경부선,1557.0,54.0,46.0,0,공실있음,56.0,44.0,0,57.0,44.0,49.333333333333336,3,1,0,0,0
724,2021-03-01,2021,3,1,봄,1,1,경부선,1846.0,59.0,41.0,0,공실있음,62.0,38.0,0,46.0,74.0,53.66666666666666,1,0,0,0,1
729,2021-04-01,2021,4,2,봄,1,1,경부선,1893.0,62.0,38.0,0,공실있음,65.0,35.0,0,41.0,60.0,48.0,0,0,0,0,0
734,2021-05-01,2021,5,2,봄,1,1,경부선,2102.0,66.0,34.0,0,공실있음,70.0,30.0,0,38.0,43.0,41.66666666666666,2,0,0,0,0
739,2021-06-01,2021,6,2,여름,1,1,경부선,2060.0,68.0,32.0,0,공실있음,71.0,29.0,0,34.0,40.0,37.66666666666666,1,0,0,0,0
744,2021-07-01,2021,7,3,여름,1,1,경부선,1770.0,56.0,44.0,0,공실있음,59.0,41.0,0,32.0,33.0,34.666666666666664,0,0,0,0,0
749,2021-08-01,2021,8,3,여름,1,1,경부선,1695.0,53.0,47.0,0,공실있음,57.0,43.0,0,44.0,39.0,36.66666666666666,2,0,0,1,0
754,2021-09-01,2021,9,3,가을,1,1,경부선,1799.0,58.0,42.0,0,공실있음,60.0,40.0,0,47.0,55.0,41.0,3,1,1,0,0
759,2021-10-01,2021,10,4,가을,1,1,경부선,2292.0,71.0,29.0,0,공실있음,74.0,26.0,0,42.0,40.0,44.333333333333336,4,0,0,0,1
764,2021-11-01,2021,11,4,가을,1,1,경부선,2521.0,82.0,18.0,0,공실있음,85.0,15.0,0,29.0,33.0,39.333333333333336,0,0,0,0,0
769,2021-12-01,2021,12,4,겨울,1,1,경부선,2280.0,72.0,28.0,0,공실있음,74.0,26.0,0,18.0,58.0,29.666666666666668,1,0,0,1,0
774,2022-01-01,2022,1,1,겨울,1,1,경부선,2079.0,65.0,35.0,0,공실있음,67.0,33.0,0,28.0,57.0,25.0,2,1,1,1,0
779,2022-02-01,2022,2,1,겨울,1,1,경부선,1754.0,60.0,40.0,0,공실있음,62.0,38.0,0,35.0,46.0,27.0,2,1,0,0,1
784,2022-03-01,2022,3,1,봄,1,1,경부선,1819.0,58.0,42.0,0,공실있음,60.0,40.0,0,40.0,41.0,34.333333333333336,2,0,0,0,1
789,2022-04-01,2022,4,2,봄,1,1,경부선,2428.0,78.0,22.0,0,공실있음,81.0,19.0,0,42.0,38.0,39.0,0,0,0,0,0
794,2022-05-01,2022,5,2,봄,1,1,경부선,3105.0,97.0,3.0,0,여유없음,98.0,2.0,0,22.0,34.0,34.666666666666664,2,0,0,0,0
799,2022-06-01,2022,6,2,여름,1,1,경부선,2953.0,96.0,4.0,0,여유없음,96.0,4.0,0,3.0,32.0,22.33333333333333,2,0,0,0,0
804,2022-07-01,2022,7,3,여름,0,1,경부선,3041.0,94.0,6.0,0,여유없음,93.0,7.0,0,4.0,44.0,9.666666666666666,0,0,0,0,0
809,2022-08-01,2022,8,3,여름,0,1,경부선,3004.0,94.0,6.0,0,여유없음,93.0,7.0,0,6.0,47.0,4.333333333333333,1,0,0,1,0
814,2022-09-01,2022,9,3,가을,0,1,경부선,2994.0,97.0,3.0,0,여유없음,97.0,3.0,0,6.0,42.0,5.333333333333333,4,1,0,0,0
819,2022-10-01,2022,10,4,가을,0,1,경부선,3454.0,107.0,-7.0,1,초과수요,106.0,-6.0,0,3.0,29.0,5.0,3,0,0,0,1
824,2022-11-01,2022,11,4,가을,0,1,경부선,3194.0,106.0,-6.0,1,초과수요,104.0,-4.0,0,-7.0,18.0,0.6666666666666666,0,0,0,0,0
829,2022-12-01,2022,12,4,겨울,0,1,경부선,3327.0,104.0,-4.0,1,초과수요,102.0,-2.0,0,-6.0,28.0,-3.333333333333333,1,0,0,1,0
834,2023-01-01,2023,1,1,겨울,0,1,경부선,3142.0,97.0,3.0,0,여유없음,97.0,3.0,0,-4.0,35.0,-5.666666666666667,5,1,0,0,0
839,2023-02-01,2023,2,1,겨울,0,1,경부선,3114.0,108.0,-8.0,1,초과수요,106.0,-6.0,0,3.0,40.0,-2.333333333333333,0,0,0,0,0
844,2023-03-01,2023,3,1,봄,0,1,경부선,3153.0,99.0,1.0,0,여유없음,98.0,2.0,0,-8.0,42.0,-3.0,1,0,0,0,0
849,2023-04-01,2023,4,2,봄,0,1,경부선,3281.0,106.0,-6.0,1,초과수요,105.0,-5.0,0,1.0,22.0,-1.3333333333333333,0,0,0,0,0
854,2023-05-01,2023,5,2,봄,0,1,경부선,3461.0,109.0,-9.0,1,초과수요,109.0,-9.0,0,-6.0,3.0,-4.333333333333333,3,0,0,0,0
859,2023-06-01,2023,6,2,여름,0,1,경부선,3274.0,106.0,-6.0,1,초과수요,104.0,-4.0,0,-9.0,4.0,-4.666666666666667,1,0,0,0,0
864,2023-07-01,2023,7,3,여름,0,1,경부선,3280.0,103.0,-3.0,1,초과수요,101.0,-1.0,0,-6.0,6.0,-7.0,0,0,0,0,0
869,2023-08-01,2023,8,3,여름,0,1,경부선,3352.0,106.0,-6.0,1,초과수요,104.0,-4.0,0,-3.0,6.0,-6.0,1,0,0,1,0
874,2023-09-01,2023,9,3,가을,0,1,경부선,3291.0,106.0,-6.0,1,초과수요,105.0,-5.0,0,-6.0,3.0,-5.0,3,1,1,0,0
879,2023-10-01,2023,10,4,가을,0,1,경부선,3643.0,110.0,-10.0,1,초과수요,109.0,-9.0,0,-6.0,-7.0,-5.0,3,0,0,0,1
884,2023-11-01,2023,11,4,가을,0,1,경부선,3547.0,112.0,-12.0,1,초과수요,110.0,-10.0,0,-10.0,-6.0,-7.333333333333333,0,0,0,0,0
889,2023-12-01,2023,12,4,겨울,0,1,경부선,3648.0,110.0,-10.0,1,초과수요,108.0,-8.0,0,-12.0,-4.0,-9.333333333333334,1,0,0,0,0
894,2024-01-01,2024,1,1,겨울,0,1,경부선,3319.0,102.0,-2.0,1,초과수요,99.0,1.0,0,-10.0,3.0,-10.666666666666666,1,0,0,1,0
899,2024-02-01,2024,2,1,겨울,0,1,경부선,3464.0,112.0,-12.0,1,초과수요,109.0,-9.0,0,-2.0,-8.0,-8.0,4,1,0,0,0
904,2024-03-01,2024,3,1,봄,0,1,경부선,3474.0,105.0,-5.0,1,초과수요,102.0,-2.0,0,-12.0,1.0,-8.0,1,0,0,0,1
909,2024-04-01,2024,4,2,봄,0,1,경부선,3500.0,111.0,-11.0,1,초과수요,108.0,-8.0,0,-5.0,-6.0,-6.333333333333333,1,0,0,0,0
914,2024-05-01,2024,5,2,봄,0,1,경부선,3827.0,115.0,-15.0,1,초과수요,112.0,-12.0,0,-11.0,-9.0,-9.333333333333334,3,0,0,0,0
919,2024-06-01,2024,6,2,여름,0,1,경부선,3595.0,110.0,-10.0,1,초과수요,107.0,-7.0,0,-15.0,-6.0,-10.333333333333334,1,0,0,0,0
924,2024-07-01,2024,7,3,여름,0,1,경부선,3556.0,107.0,-7.0,1,초과수요,102.0,-2.0,0,-10.0,-3.0,-12.0,0,0,0,0,0
929,2024-08-01,2024,8,3,여름,0,1,경부선,3706.0,109.0,-9.0,1,초과수요,106.0,-6.0,0,-7.0,-6.0,-10.666666666666666,1,0,0,1,0
934,2024-09-01,2024,9,3,가을,0,1,경부선,3615.0,110.0,-10.0,1,초과수요,1106.0,-1006.0,0,-9.0,-6.0,-8.666666666666666,3,1,1,0,0
939,2024-10-01,2024,10,4,가을,0,1,경부선,3800.0,115.0,-15.0,1,초과수요,110.0,-10.0,0,-10.0,-10.0,-8.666666666666666,3,0,0,0,1
944,2024-11-01,2024,11,4,가을,0,1,경부선,3930.0,121.0,-21.0,1,초과수요,116.0,-16.0,0,-15.0,-12.0,-11.333333333333334,0,0,0,0,0
949,2024-12-01,2024,12,4,겨울,0,1,경부선,3364.0,117.0,-17.0,1,초과수요,112.0,-12.0,0,-21.0,-10.0,-15.333333333333334,1,0,0,0,0
211,2011-12-01,2011,12,4,겨울,0,0,경전선,363.0,107.0,-7.0,1,초과수요,100.0,0.0,0,-9.0,-7.0,-8.666666666666666,1,0,0,1,0
215,2012-01-01,2012,1,1,겨울,0,0,경전선,351.0,102.0,-2.0,1,초과수요,95.0,5.0,0,-7.0,-1.0,-8.333333333333334,4,1,0,0,0
219,2012-02-01,2012,2,1,겨울,0,0,경전선,337.0,106.0,-6.0,1,초과수요,99.0,1.0,0,-2.0,-4.0,-6.0,0,0,0,0,0
223,2012-03-01,2012,3,1,봄,0,0,경전선,341.0,100.0,0.0,0,여유없음,92.0,8.0,0,-6.0,-5.0,-5.0,1,0,0,0,0
227,2012-04-01,2012,4,2,봄,0,0,경전선,351.0,106.0,-6.0,1,초과수요,98.0,2.0,0,0.0,-8.0,-2.6666666666666665,1,0,0,0,0
231,2012-05-01,2012,5,2,봄,0,0,경전선,362.0,107.0,-7.0,1,초과수요,101.0,-1.0,0,-6.0,5.0,-4.0,2,0,0,0,0
235,2012-06-01,2012,6,2,여름,0,0,경전선,345.0,104.0,-4.0,1,초과수요,96.0,4.0,0,-7.0,2.0,-4.333333333333333,1,0,0,0,0
239,2012-07-01,2012,7,3,여름,0,0,경전선,338.0,99.0,1.0,0,여유없음,91.0,9.0,0,-4.0,-4.0,-5.666666666666667,0,0,0,0,0
243,2012-08-01,2012,8,3,여름,0,0,경전선,330.0,97.0,3.0,0,여유없음,91.0,9.0,0,1.0,-9.0,-3.333333333333333,1,0,0,1,0
247,2012-09-01,2012,9,3,가을,0,0,경전선,336.0,101.0,-1.0,1,초과수요,92.0,8.0,0,3.0,-8.0,0.0,2,1,0,1,0
251,2012-10-01,2012,10,4,가을,0,0,경전선,369.0,106.0,-6.0,1,초과수요,98.0,2.0,0,-1.0,-9.0,1.0,2,1,0,0,1
255,2012-11-01,2012,11,4,가을,0,0,경전선,337.0,99.0,1.0,0,여유없음,96.0,4.0,0,-6.0,-9.0,-1.3333333333333333,0,0,0,0,0
259,2012-12-01,2012,12,4,겨울,0,0,경전선,369.0,103.0,-3.0,1,초과수요,96.0,4.0,0,1.0,-7.0,-2.0,2,0,0,0,0
263,2013-01-01,2013,1,1,겨울,0,0,경전선,332.0,95.0,5.0,0,여유없음,88.0,12.0,0,-3.0,-2.0,-2.6666666666666665,1,0,0,1,0
267,2013-02-01,2013,2,1,겨울,0,0,경전선,331.0,101.0,-1.0,1,초과수요,94.0,6.0,0,5.0,-6.0,1.0,3,1,0,0,0
271,2013-03-01,2013,3,1,봄,0,0,경전선,340.0,94.0,6.0,0,여유없음,87.0,13.0,0,-1.0,0.0,0.3333333333333333,1,0,0,0,1
275,2013-04-01,2013,4,2,봄,0,0,경전선,342.0,99.0,1.0,0,여유없음,91.0,9.0,0,6.0,-6.0,3.333333333333333,0,0,0,0,0
279,2013-05-01,2013,5,2,봄,0,0,경전선,366.0,101.0,-1.0,1,초과수요,95.0,5.0,0,1.0,-7.0,2.0,2,0,0,0,0
283,2013-06-01,2013,6,2,여름,0,0,경전선,321.0,92.0,8.0,0,여유없음,89.0,11.0,0,-1.0,-4.0,2.0,1,0,0,0,0
287,2013-07-01,2013,7,3,여름,0,0,경전선,319.0,90.0,10.0,0,공실있음,87.0,13.0,0,8.0,1.0,2.6666666666666665,0,0,0,0,0
291,2013-08-01,2013,8,3,여름,0,0,경전선,325.0,90.0,10.0,0,공실있음,90.0,10.0,0,10.0,3.0,5.666666666666667,1,0,0,1,0
295,2013-09-01,2013,9,3,가을,0,0,경전선,353.0,98.0,2.0,0,여유없음,93.0,7.0,0,10.0,-1.0,9.333333333333334,3,1,1,0,0
299,2013-10-01,2013,10,4,가을,0,0,경전선,349.0,99.0,1.0,0,여유없음,95.0,5.0,0,2.0,-6.0,7.333333333333333,2,0,0,0,1
303,2013-11-01,2013,11,4,가을,0,0,경전선,359.0,103.0,-3.0,1,초과수요,98.0,2.0,0,1.0,1.0,4.333333333333333,0,0,0,0,0
307,2013-12-01,2013,12,4,겨울,0,0,경전선,351.0,97.0,3.0,0,여유없음,91.0,9.0,0,-3.0,-3.0,0.0,1,0,0,1,0
311,2014-01-01,2014,1,1,겨울,0,0,경전선,337.0,100.0,0.0,0,여유없음,96.0,4.0,0,3.0,5.0,0.3333333333333333,3,1,0,1,0
315,2014-02-01,2014,2,1,겨울,0,0,경전선,324.0,100.0,0.0,0,여유없음,94.0,6.0,0,0.0,-1.0,0.0,1,1,0,0,1
319,2014-03-01,2014,3,1,봄,0,0,경전선,334.0,92.0,8.0,0,여유없음,88.0,12.0,0,0.0,6.0,1.0,1,0,0,0,1
323,2014-04-01,2014,4,2,봄,0,0,경전선,349.0,102.0,-2.0,1,초과수요,94.0,6.0,0,8.0,1.0,2.6666666666666665,0,0,0,0,0
327,2014-05-01,2014,5,2,봄,0,0,경전선,364.0,100.0,0.0,0,여유없음,97.0,3.0,0,-2.0,-1.0,2.0,2,0,0,0,0
331,2014-06-01,2014,6,2,여름,0,0,경전선,342.0,97.0,3.0,0,여유없음,93.0,7.0,0,0.0,8.0,2.0,2,0,0,0,0
335,2014-07-01,2014,7,3,여름,0,0,경전선,363.0,94.0,6.0,0,여유없음,95.0,5.0,0,3.0,10.0,0.3333333333333333,0,0,0,0,0
339,2014-08-01,2014,8,3,여름,0,0,경전선,397.0,101.0,-1.0,1,초과수요,102.0,-2.0,0,6.0,10.0,3.0,1,0,0,1,0
343,2014-09-01,2014,9,3,가을,0,0,경전선,389.0,100.0,0.0,0,여유없음,99.0,1.0,0,-1.0,2.0,2.6666666666666665,4,1,1,0,0
347,2014-10-01,2014,10,4,가을,0,0,경전선,416.0,107.0,-7.0,1,초과수요,105.0,-5.0,0,0.0,1.0,1.6666666666666667,2,0,0,0,1
351,2014-11-01,2014,11,4,가을,0,0,경전선,397.0,104.0,-4.0,1,초과수요,104.0,-4.0,0,-7.0,-3.0,-2.6666666666666665,0,0,0,0,0
355,2014-12-01,2014,12,4,겨울,0,0,경전선,413.0,107.0,-7.0,1,초과수요,106.0,-6.0,0,-4.0,3.0,-3.6666666666666665,1,0,0,0,0
359,2015-01-01,2015,1,1,겨울,0,0,경전선,383.0,98.0,2.0,0,여유없음,98.0,2.0,0,-7.0,0.0,-6.0,1,0,0,1,0
363,2015-02-01,2015,2,1,겨울,0,0,경전선,360.0,103.0,-3.0,1,초과수요,101.0,-1.0,0,2.0,0.0,-3.0,3,1,1,0,0
367,2015-03-01,2015,3,1,봄,0,0,경전선,378.0,97.0,3.0,0,여유없음,96.0,4.0,0,-3.0,8.0,-2.6666666666666665,1,0,0,0,1
371,2015-04-01,2015,4,2,봄,0,0,경전선,384.0,114.0,-14.0,1,초과수요,100.0,0.0,0,3.0,-2.0,0.6666666666666666,0,0,0,0,0
376,2015-05-01,2015,5,2,봄,0,0,경전선,418.0,118.0,-18.0,1,초과수요,105.0,-5.0,0,-14.0,0.0,-4.666666666666667,2,0,0,0,0
381,2015-06-01,2015,6,2,여름,0,0,경전선,288.0,87.0,13.0,0,공실있음,73.0,27.0,0,-18.0,3.0,-9.666666666666666,1,0,0,0,0
386,2015-07-01,2015,7,3,여름,0,0,경전선,360.0,104.0,-4.0,1,초과수요,90.0,10.0,0,13.0,6.0,-6.333333333333333,0,0,0,0,0
391,2015-08-01,2015,8,3,여름,0,0,경전선,395.0,106.0,-6.0,1,초과수요,97.0,3.0,0,-4.0,-1.0,-3.0,1,0,0,1,0
396,2015-09-01,2015,9,3,가을,0,0,경전선,397.0,109.0,-9.0,1,초과수요,96.0,4.0,0,-6.0,0.0,1.0,4,1,0,0,0
401,2015-10-01,2015,10,4,가을,0,0,경전선,420.0,113.0,-13.0,1,초과수요,102.0,-2.0,0,-9.0,-7.0,-6.333333333333333,2,0,0,0,1
406,2015-11-01,2015,11,4,가을,0,0,경전선,417.0,116.0,-16.0,1,초과수요,103.0,-3.0,0,-13.0,-4.0,-9.333333333333334,0,0,0,0,0
411,2015-12-01,2015,12,4,겨울,0,0,경전선,406.0,111.0,-11.0,1,초과수요,99.0,1.0,0,-16.0,-7.0,-12.666666666666666,1,0,0,0,0
416,2016-01-01,2016,1,1,겨울,0,0,경전선,386.0,103.0,-3.0,1,초과수요,94.0,6.0,0,-11.0,2.0,-13.333333333333334,1,0,0,1,0
421,2016-02-01,2016,2,1,겨울,0,0,경전선,391.0,107.0,-7.0,1,초과수요,98.0,2.0,0,-3.0,-3.0,-10.0,4,1,1,0,0
426,2016-03-01,2016,3,1,봄,0,0,경전선,385.0,104.0,-4.0,1,초과수요,91.0,9.0,0,-7.0,3.0,-7.0,1,0,0,0,1
431,2016-04-01,2016,4,2,봄,0,0,경전선,422.0,115.0,-15.0,1,초과수요,100.0,0.0,0,-4.0,-14.0,-4.666666666666667,1,0,0,0,0
436,2016-05-01,2016,5,2,봄,0,0,경전선,431.0,115.0,-15.0,1,초과수요,102.0,-2.0,0,-15.0,-18.0,-8.666666666666666,3,0,0,0,0
441,2016-06-01,2016,6,2,여름,0,0,경전선,399.0,111.0,-11.0,1,초과수요,98.0,2.0,0,-15.0,13.0,-11.333333333333334,1,0,0,0,0
446,2016-07-01,2016,7,3,여름,0,0,경전선,408.0,107.0,-7.0,1,초과수요,96.0,4.0,0,-11.0,-4.0,-13.666666666666666,0,0,0,0,0
451,2016-08-01,2016,8,3,여름,0,0,경전선,397.0,109.0,-9.0,1,초과수요,98.0,2.0,0,-7.0,-6.0,-11.0,1,0,0,1,0
456,2016-09-01,2016,9,3,가을,0,0,경전선,419.0,108.0,-8.0,1,초과수요,97.0,3.0,0,-9.0,-9.0,-9.0,3,1,1,0,0
461,2016-10-01,2016,10,4,가을,0,0,경전선,444.0,119.0,-19.0,1,초과수요,106.0,-6.0,0,-8.0,-13.0,-8.0,2,0,0,0,1
466,2016-11-01,2016,11,4,가을,0,0,경전선,418.0,124.0,-24.0,1,초과수요,109.0,-9.0,0,-19.0,-16.0,-12.0,0,0,0,0,0
471,2016-12-01,2016,12,4,겨울,0,1,경전선,482.0,102.0,-2.0,1,초과수요,96.0,4.0,0,-24.0,-11.0,-17.0,1,0,0,1,0
476,2017-01-01,2017,1,1,겨울,0,1,경전선,496.0,94.0,6.0,0,여유없음,89.0,11.0,0,-2.0,-3.0,-15.0,5,1,0,0,0
481,2017-02-01,2017,2,1,겨울,0,1,경전선,441.0,96.0,4.0,0,여유없음,91.0,9.0,0,6.0,-7.0,-6.666666666666667,0,0,0,0,0
486,2017-03-01,2017,3,1,봄,0,1,경전선,433.0,87.0,13.0,0,공실있음,83.0,17.0,0,4.0,-4.0,2.6666666666666665,1,0,0,0,0
491,2017-04-01,2017,4,2,봄,0,1,경전선,475.0,98.0,2.0,0,여유없음,91.0,9.0,0,13.0,-15.0,7.666666666666667,0,0,0,0,0
496,2017-05-01,2017,5,2,봄,0,1,경전선,485.0,95.0,5.0,0,여유없음,92.0,8.0,0,2.0,-15.0,6.333333333333333,3,0,0,0,0
501,2017-06-01,2017,6,2,여름,0,1,경전선,438.0,90.0,10.0,0,공실있음,86.0,14.0,0,5.0,-11.0,6.666666666666667,1,0,0,0,0
506,2017-07-01,2017,7,3,여름,0,1,경전선,433.0,86.0,14.0,0,공실있음,83.0,17.0,0,10.0,-7.0,5.666666666666667,0,0,0,0,0
511,2017-08-01,2017,8,3,여름,0,1,경전선,435.0,90.0,10.0,0,공실있음,88.0,12.0,0,14.0,-9.0,9.666666666666666,1,0,0,0,0
516,2017-09-01,2017,9,3,가을,0,1,경전선,450.0,94.0,6.0,0,여유없음,88.0,12.0,0,10.0,-8.0,11.333333333333334,0,0,0,0,0
521,2017-10-01,2017,10,4,가을,0,1,경전선,500.0,99.0,1.0,0,여유없음,91.0,9.0,0,6.0,-19.0,10.0,7,1,0,0,0
526,2017-11-01,2017,11,4,가을,0,1,경전선,477.0,102.0,-2.0,1,초과수요,94.0,6.0,0,1.0,-24.0,5.666666666666667,0,0,0,0,0
531,2017-12-01,2017,12,4,겨울,0,1,경전선,508.0,101.0,-1.0,1,초과수요,94.0,6.0,0,-2.0,-2.0,1.6666666666666667,1,0,0,0,0
536,2018-01-01,2018,1,1,겨울,0,1,경전선,467.0,91.0,9.0,0,여유없음,86.0,14.0,0,-1.0,6.0,-0.6666666666666666,1,0,0,1,0
541,2018-02-01,2018,2,1,겨울,0,1,경전선,466.0,100.0,0.0,0,여유없음,86.0,14.0,0,9.0,4.0,2.0,3,1,0,0,0
546,2018-03-01,2018,3,1,봄,0,1,경전선,473.0,92.0,8.0,0,여유없음,83.0,17.0,0,0.0,13.0,2.6666666666666665,1,0,0,0,1
551,2018-04-01,2018,4,2,봄,0,1,경전선,505.0,102.0,-2.0,1,초과수요,91.0,9.0,0,8.0,2.0,5.666666666666667,0,0,0,0,0
556,2018-05-01,2018,5,2,봄,0,1,경전선,527.0,102.0,-2.0,1,초과수요,94.0,6.0,0,-2.0,5.0,2.0,3,0,0,0,0
561,2018-06-01,2018,6,2,여름,0,1,경전선,477.0,96.0,4.0,0,여유없음,91.0,9.0,0,-2.0,10.0,1.3333333333333333,2,0,0,0,0
566,2018-07-01,2018,7,3,여름,0,1,경전선,486.0,95.0,5.0,0,여유없음,87.0,13.0,0,4.0,14.0,0.0,0,0,0,0,0
571,2018-08-01,2018,8,3,여름,0,1,경전선,487.0,95.0,5.0,0,여유없음,89.0,11.0,0,5.0,10.0,2.333333333333333,1,0,0,1,0
576,2018-09-01,2018,9,3,가을,0,1,경전선,505.0,101.0,-1.0,1,초과수요,91.0,9.0,0,5.0,6.0,4.666666666666667,4,1,1,0,0
581,2018-10-01,2018,10,4,가을,0,1,경전선,519.0,101.0,-1.0,1,초과수요,93.0,7.0,0,-1.0,1.0,3.0,2,0,0,0,1
586,2018-11-01,2018,11,4,가을,0,1,경전선,531.0,107.0,-7.0,1,초과수요,98.0,2.0,0,-1.0,-2.0,1.0,0,0,0,0,0
591,2018-12-01,2018,12,4,겨울,0,1,경전선,518.0,101.0,-1.0,1,초과수요,92.0,8.0,0,-7.0,-1.0,-3.0,1,0,0,0,0
596,2019-01-01,2019,1,1,겨울,0,1,경전선,499.0,97.0,3.0,0,여유없음,86.0,14.0,0,-1.0,9.0,-3.0,1,0,0,1,0
601,2019-02-01,2019,2,1,겨울,0,1,경전선,506.0,107.0,-7.0,1,초과수요,96.0,4.0,0,3.0,0.0,-1.6666666666666667,3,1,1,0,0
606,2019-03-01,2019,3,1,봄,0,1,경전선,535.0,103.0,-3.0,1,초과수요,90.0,10.0,0,-7.0,8.0,-1.6666666666666667,1,0,0,0,1
611,2019-04-01,2019,4,2,봄,0,1,경전선,543.0,109.0,-9.0,1,초과수요,95.0,5.0,0,-3.0,-2.0,-2.333333333333333,0,0,0,0,0
616,2019-05-01,2019,5,2,봄,0,1,경전선,570.0,110.0,-10.0,1,초과수요,98.0,2.0,0,-9.0,-2.0,-6.333333333333333,3,0,0,0,0
621,2019-06-01,2019,6,2,여름,0,1,경전선,531.0,106.0,-6.0,1,초과수요,94.0,6.0,0,-10.0,4.0,-7.333333333333333,1,0,0,0,0
626,2019-07-01,2019,7,3,여름,0,1,경전선,536.0,104.0,-4.0,1,초과수요,93.0,7.0,0,-6.0,5.0,-8.333333333333334,0,0,0,0,0
631,2019-08-01,2019,8,3,여름,0,1,경전선,554.0,107.0,-7.0,1,초과수요,96.0,4.0,0,-4.0,5.0,-6.666666666666667,1,0,0,1,0
636,2019-09-01,2019,9,3,가을,0,1,경전선,558.0,109.0,-9.0,1,초과수요,95.0,5.0,0,-7.0,-1.0,-5.666666666666667,3,1,0,0,0
641,2019-10-01,2019,10,4,가을,0,1,경전선,584.0,109.0,-9.0,1,초과수요,98.0,2.0,0,-9.0,-1.0,-6.666666666666667,2,0,0,0,1
646,2019-11-01,2019,11,4,가을,0,1,경전선,588.0,120.0,-20.0,1,초과수요,107.0,-7.0,0,-9.0,-7.0,-8.333333333333334,0,0,0,0,0
651,2019-12-01,2019,12,4,겨울,0,1,경전선,612.0,114.0,-14.0,1,초과수요,101.0,-1.0,0,-20.0,-1.0,-12.666666666666666,1,0,0,1,0
656,2020-01-01,2020,1,1,겨울,1,1,경전선,589.0,108.0,-8.0,1,초과수요,96.0,4.0,0,-14.0,3.0,-14.333333333333334,5,1,0,0,0
661,2020-02-01,2020,2,1,겨울,1,1,경전선,373.0,65.0,35.0,0,공실있음,58.0,42.0,0,-8.0,-7.0,-14.0,0,0,0,0,0
666,2020-03-01,2020,3,1,봄,1,1,경전선,167.0,31.0,69.0,0,공실있음,29.0,71.0,0,35.0,-3.0,4.333333333333333,1,0,0,0,0
671,2020-04-01,2020,4,2,봄,1,1,경전선,247.0,48.0,52.0,0,공실있음,43.0,57.0,0,69.0,-9.0,32.0,2,0,0,0,0
676,2020-05-01,2020,5,2,봄,1,1,경전선,374.0,70.0,30.0,0,공실있음,61.0,39.0,0,52.0,-10.0,52.0,1,0,0,0,0
681,2020-06-01,2020,6,2,여름,1,1,경전선,374.0,73.0,27.0,0,공실있음,63.0,37.0,0,30.0,-6.0,50.333333333333336,1,0,0,0,0
686,2020-07-01,2020,7,3,여름,1,1,경전선,424.0,79.0,21.0,0,공실있음,67.0,33.0,0,27.0,-4.0,36.333333333333336,0,0,0,0,0
691,2020-08-01,2020,8,3,여름,1,1,경전선,382.0,71.0,29.0,0,공실있음,63.0,37.0,0,21.0,-7.0,26.0,2,0,0,1,0
696,2020-09-01,2020,9,3,가을,1,1,경전선,289.0,55.0,45.0,0,공실있음,46.0,54.0,0,29.0,-9.0,25.666666666666668,1,1,1,1,0
701,2020-10-01,2020,10,4,가을,1,1,경전선,404.0,74.0,26.0,0,공실있음,63.0,37.0,0,45.0,-9.0,31.666666666666668,4,1,0,0,1
706,2020-11-01,2020,11,4,가을,1,1,경전선,415.0,80.0,20.0,0,공실있음,69.0,31.0,0,26.0,-20.0,33.333333333333336,0,0,0,0,0
711,2020-12-01,2020,12,4,겨울,1,1,경전선,274.0,51.0,49.0,0,공실있음,44.0,56.0,0,20.0,-14.0,30.33333333333333,1,0,0,0,0
716,2021-01-01,2021,1,1,겨울,1,1,경전선,281.0,52.0,48.0,0,공실있음,45.0,55.0,0,49.0,-8.0,31.666666666666668,1,0,0,1,0
721,2021-02-01,2021,2,1,겨울,1,1,경전선,315.0,64.0,36.0,0,공실있음,56.0,44.0,0,48.0,35.0,39.0,3,1,0,0,0
726,2021-03-01,2021,3,1,봄,1,1,경전선,387.0,73.0,27.0,0,공실있음,62.0,38.0,0,36.0,69.0,44.333333333333336,1,0,0,0,1
731,2021-04-01,2021,4,2,봄,1,1,경전선,402.0,77.0,23.0,0,공실있음,65.0,35.0,0,27.0,52.0,37.0,0,0,0,0,0
736,2021-05-01,2021,5,2,봄,1,1,경전선,437.0,81.0,19.0,0,공실있음,70.0,30.0,0,23.0,30.0,28.666666666666668,2,0,0,0,0
741,2021-06-01,2021,6,2,여름,1,1,경전선,422.0,82.0,18.0,0,공실있음,71.0,29.0,0,19.0,27.0,23.0,1,0,0,0,0
746,2021-07-01,2021,7,3,여름,1,1,경전선,366.0,68.0,32.0,0,공실있음,59.0,41.0,0,18.0,21.0,20.0,0,0,0,0,0
751,2021-08-01,2021,8,3,여름,1,1,경전선,379.0,65.0,35.0,0,공실있음,57.0,43.0,0,32.0,29.0,23.0,2,0,0,1,0
756,2021-09-01,2021,9,3,가을,1,1,경전선,405.0,71.0,29.0,0,공실있음,60.0,40.0,0,35.0,45.0,28.33333333333333,3,1,1,0,0
761,2021-10-01,2021,10,4,가을,1,1,경전선,507.0,86.0,14.0,0,공실있음,74.0,26.0,0,29.0,26.0,32.0,4,0,0,0,1
766,2021-11-01,2021,11,4,가을,1,1,경전선,546.0,97.0,3.0,0,여유없음,85.0,15.0,0,14.0,20.0,26.0,0,0,0,0,0
771,2021-12-01,2021,12,4,겨울,1,1,경전선,501.0,86.0,14.0,0,공실있음,74.0,26.0,0,3.0,49.0,15.333333333333334,1,0,0,1,0
776,2022-01-01,2022,1,1,겨울,1,1,경전선,460.0,79.0,21.0,0,공실있음,67.0,33.0,0,14.0,48.0,10.333333333333334,2,1,1,1,0
781,2022-02-01,2022,2,1,겨울,1,1,경전선,381.0,71.0,29.0,0,공실있음,62.0,38.0,0,21.0,36.0,12.666666666666666,2,1,0,0,1
786,2022-03-01,2022,3,1,봄,1,1,경전선,414.0,71.0,29.0,0,공실있음,60.0,40.0,0,29.0,27.0,21.33333333333333,2,0,0,0,1
791,2022-04-01,2022,4,2,봄,1,1,경전선,535.0,94.0,6.0,0,여유없음,81.0,19.0,0,29.0,23.0,26.33333333333333,0,0,0,0,0
796,2022-05-01,2022,5,2,봄,1,1,경전선,655.0,112.0,-12.0,1,초과수요,98.0,2.0,0,6.0,19.0,21.33333333333333,2,0,0,0,0
801,2022-06-01,2022,6,2,여름,1,1,경전선,612.0,109.0,-9.0,1,초과수요,96.0,4.0,0,-12.0,18.0,7.666666666666667,2,0,0,0,0
806,2022-07-01,2022,7,3,여름,0,1,경전선,626.0,106.0,-6.0,1,초과수요,93.0,7.0,0,-9.0,32.0,-5.0,0,0,0,0,0
811,2022-08-01,2022,8,3,여름,0,1,경전선,606.0,103.0,-3.0,1,초과수요,93.0,7.0,0,-6.0,35.0,-9.0,1,0,0,1,0
816,2022-09-01,2022,9,3,가을,0,1,경전선,641.0,112.0,-12.0,1,초과수요,97.0,3.0,0,-3.0,29.0,-6.0,4,1,0,0,0
821,2022-10-01,2022,10,4,가을,0,1,경전선,713.0,120.0,-20.0,1,초과수요,106.0,-6.0,0,-12.0,14.0,-7.0,3,0,0,0,1
826,2022-11-01,2022,11,4,가을,0,1,경전선,658.0,116.0,-16.0,1,초과수요,104.0,-4.0,0,-20.0,3.0,-11.666666666666666,0,0,0,0,0
831,2022-12-01,2022,12,4,겨울,0,1,경전선,680.0,114.0,-14.0,1,초과수요,102.0,-2.0,0,-16.0,14.0,-16.0,1,0,0,1,0
836,2023-01-01,2023,1,1,겨울,0,1,경전선,655.0,109.0,-9.0,1,초과수요,97.0,3.0,0,-14.0,21.0,-16.666666666666668,5,1,0,0,0
841,2023-02-01,2023,2,1,겨울,0,1,경전선,626.0,117.0,-17.0,1,초과수요,106.0,-6.0,0,-9.0,29.0,-13.0,0,0,0,0,0
846,2023-03-01,2023,3,1,봄,0,1,경전선,673.0,114.0,-14.0,1,초과수요,98.0,2.0,0,-17.0,29.0,-13.333333333333334,1,0,0,0,0
851,2023-04-01,2023,4,2,봄,0,1,경전선,689.0,119.0,-19.0,1,초과수요,105.0,-5.0,0,-14.0,6.0,-13.333333333333334,0,0,0,0,0
856,2023-05-01,2023,5,2,봄,0,1,경전선,716.0,122.0,-22.0,1,초과수요,109.0,-9.0,0,-19.0,-12.0,-16.666666666666668,3,0,0,0,0
861,2023-06-01,2023,6,2,여름,0,1,경전선,668.0,116.0,-16.0,1,초과수요,104.0,-4.0,0,-22.0,-9.0,-18.33333333333333,1,0,0,0,0
866,2023-07-01,2023,7,3,여름,0,1,경전선,651.0,112.0,-12.0,1,초과수요,101.0,-1.0,0,-16.0,-6.0,-19.0,0,0,0,0,0
871,2023-08-01,2023,8,3,여름,0,1,경전선,669.0,116.0,-16.0,1,초과수요,104.0,-4.0,0,-12.0,-3.0,-16.666666666666668,1,0,0,1,0
876,2023-09-01,2023,9,3,가을,0,1,경전선,648.0,118.0,-18.0,1,초과수요,105.0,-5.0,0,-16.0,-12.0,-14.666666666666666,3,1,1,0,0
881,2023-10-01,2023,10,4,가을,0,1,경전선,717.0,121.0,-21.0,1,초과수요,109.0,-9.0,0,-18.0,-20.0,-15.333333333333334,3,0,0,0,1
886,2023-11-01,2023,11,4,가을,0,1,경전선,688.0,122.0,-22.0,1,초과수요,110.0,-10.0,0,-21.0,-16.0,-18.33333333333333,0,0,0,0,0
891,2023-12-01,2023,12,4,겨울,0,1,경전선,714.0,121.0,-21.0,1,초과수요,108.0,-8.0,0,-22.0,-14.0,-20.33333333333333,1,0,0,0,0
896,2024-01-01,2024,1,1,겨울,0,1,경전선,645.0,111.0,-11.0,1,초과수요,99.0,1.0,0,-21.0,-9.0,-21.33333333333333,1,0,0,1,0
901,2024-02-01,2024,2,1,겨울,0,1,경전선,679.0,123.0,-23.0,1,초과수요,109.0,-9.0,0,-11.0,-17.0,-18.0,4,1,0,0,0
906,2024-03-01,2024,3,1,봄,0,1,경전선,702.0,119.0,-19.0,1,초과수요,102.0,-2.0,0,-23.0,-14.0,-18.33333333333333,1,0,0,0,1
911,2024-04-01,2024,4,2,봄,0,1,경전선,693.0,123.0,-23.0,1,초과수요,108.0,-8.0,0,-19.0,-19.0,-17.666666666666668,1,0,0,0,0
916,2024-05-01,2024,5,2,봄,0,1,경전선,747.0,128.0,-28.0,1,초과수요,112.0,-12.0,0,-23.0,-22.0,-21.666666666666668,3,0,0,0,0
921,2024-06-01,2024,6,2,여름,0,1,경전선,704.0,123.0,-23.0,1,초과수요,107.0,-7.0,0,-28.0,-16.0,-23.33333333333333,1,0,0,0,0
926,2024-07-01,2024,7,3,여름,0,1,경전선,691.0,119.0,-19.0,1,초과수요,102.0,-2.0,0,-23.0,-12.0,-24.666666666666668,0,0,0,0,0
931,2024-08-01,2024,8,3,여름,0,1,경전선,715.0,122.0,-22.0,1,초과수요,106.0,-6.0,0,-19.0,-16.0,-23.33333333333333,1,0,0,1,0
936,2024-09-01,2024,9,3,가을,0,1,경전선,707.0,123.0,-23.0,1,초과수요,1106.0,-1006.0,0,-22.0,-18.0,-21.33333333333333,3,1,1,0,0
941,2024-10-01,2024,10,4,가을,0,1,경전선,735.0,126.0,-26.0,1,초과수요,110.0,-10.0,0,-23.0,-21.0,-21.33333333333333,3,0,0,0,1
946,2024-11-01,2024,11,4,가을,0,1,경전선,756.0,133.0,-33.0,1,초과수요,116.0,-16.0,0,-26.0,-22.0,-23.666666666666668,0,0,0,0,0
951,2024-12-01,2024,12,4,겨울,0,1,경전선,682.0,128.0,-28.0,1,초과수요,112.0,-12.0,0,-33.0,-21.0,-27.33333333333333,1,0,0,0,0
433,2016-04-01,2016,4,2,봄,0,0,동해선,299.0,92.0,8.0,0,여유없음,100.0,0.0,0,17.0,-1.0,11.333333333333334,1,0,0,0,0
438,2016-05-01,2016,5,2,봄,0,0,동해선,327.0,96.0,4.0,0,여유없음,102.0,-2.0,0,8.0,-8.0,10.333333333333334,3,0,0,0,0
443,2016-06-01,2016,6,2,여름,0,0,동해선,287.0,89.0,11.0,0,공실있음,98.0,2.0,0,4.0,24.0,9.666666666666666,1,0,0,0,0
448,2016-07-01,2016,7,3,여름,0,0,동해선,303.0,91.0,9.0,0,여유없음,96.0,4.0,0,11.0,3.0,7.666666666666667,0,0,0,0,0
453,2016-08-01,2016,8,3,여름,0,0,동해선,314.0,95.0,5.0,0,여유없음,98.0,2.0,0,9.0,8.0,8.0,1,0,0,1,0
458,2016-09-01,2016,9,3,가을,0,0,동해선,312.0,92.0,8.0,0,여유없음,97.0,3.0,0,5.0,10.0,8.333333333333334,3,1,1,0,0
463,2016-10-01,2016,10,4,가을,0,0,동해선,326.0,97.0,3.0,0,여유없음,106.0,-6.0,0,8.0,6.0,7.333333333333333,2,0,0,0,1
468,2016-11-01,2016,11,4,가을,0,0,동해선,315.0,100.0,0.0,0,여유없음,109.0,-9.0,0,3.0,4.0,5.333333333333333,0,0,0,0,0
473,2016-12-01,2016,12,4,겨울,0,1,동해선,432.0,116.0,-16.0,1,초과수요,96.0,4.0,0,0.0,7.0,3.6666666666666665,1,0,0,1,0
478,2017-01-01,2017,1,1,겨울,0,1,동해선,515.0,123.0,-23.0,1,초과수요,89.0,11.0,0,-16.0,11.0,-4.333333333333333,5,1,0,0,0
483,2017-02-01,2017,2,1,겨울,0,1,동해선,488.0,129.0,-29.0,1,초과수요,91.0,9.0,0,-23.0,6.0,-13.0,0,0,0,0,0
488,2017-03-01,2017,3,1,봄,0,1,동해선,537.0,129.0,-29.0,1,초과수요,83.0,17.0,0,-29.0,17.0,-22.666666666666668,1,0,0,0,0
493,2017-04-01,2017,4,2,봄,0,1,동해선,558.0,124.0,-24.0,1,초과수요,91.0,9.0,0,-29.0,8.0,-27.0,0,0,0,0,0
498,2017-05-01,2017,5,2,봄,0,1,동해선,580.0,124.0,-24.0,1,초과수요,92.0,8.0,0,-24.0,4.0,-27.33333333333333,3,0,0,0,0
503,2017-06-01,2017,6,2,여름,0,1,동해선,547.0,121.0,-21.0,1,초과수요,86.0,14.0,0,-24.0,11.0,-25.666666666666668,1,0,0,0,0
508,2017-07-01,2017,7,3,여름,0,1,동해선,530.0,113.0,-13.0,1,초과수요,83.0,17.0,0,-21.0,9.0,-23.0,0,0,0,0,0
513,2017-08-01,2017,8,3,여름,0,1,동해선,550.0,118.0,-18.0,1,초과수요,88.0,12.0,0,-13.0,5.0,-19.33333333333333,1,0,0,0,0
518,2017-09-01,2017,9,3,가을,0,1,동해선,573.0,126.0,-26.0,1,초과수요,88.0,12.0,0,-18.0,8.0,-17.333333333333332,0,0,0,0,0
523,2017-10-01,2017,10,4,가을,0,1,동해선,570.0,120.0,-20.0,1,초과수요,91.0,9.0,0,-26.0,3.0,-19.0,7,1,0,0,0
528,2017-11-01,2017,11,4,가을,0,1,동해선,604.0,132.0,-32.0,1,초과수요,94.0,6.0,0,-20.0,0.0,-21.33333333333333,0,0,0,0,0
533,2017-12-01,2017,12,4,겨울,0,1,동해선,615.0,134.0,-34.0,1,초과수요,94.0,6.0,0,-32.0,-16.0,-26.0,1,0,0,0,0
538,2018-01-01,2018,1,1,겨울,0,1,동해선,562.0,131.0,-31.0,1,초과수요,86.0,14.0,0,-34.0,-23.0,-28.666666666666668,1,0,0,1,0
543,2018-02-01,2018,2,1,겨울,0,1,동해선,522.0,134.0,-34.0,1,초과수요,86.0,14.0,0,-31.0,-29.0,-32.333333333333336,3,1,0,0,0
548,2018-03-01,2018,3,1,봄,0,1,동해선,588.0,141.0,-41.0,1,초과수요,83.0,17.0,0,-34.0,-29.0,-33.0,1,0,0,0,1
553,2018-04-01,2018,4,2,봄,0,1,동해선,573.0,149.0,-49.0,1,초과수요,91.0,9.0,0,-41.0,-24.0,-35.333333333333336,0,0,0,0,0
558,2018-05-01,2018,5,2,봄,0,1,동해선,611.0,155.0,-55.0,1,초과수요,94.0,6.0,0,-49.0,-24.0,-41.333333333333336,3,0,0,0,0
563,2018-06-01,2018,6,2,여름,0,1,동해선,554.0,145.0,-45.0,1,초과수요,91.0,9.0,0,-55.0,-21.0,-48.333333333333336,2,0,0,0,0
568,2018-07-01,2018,7,3,여름,0,1,동해선,553.0,140.0,-40.0,1,초과수요,87.0,13.0,0,-45.0,-13.0,-49.66666666666666,0,0,0,0,0
573,2018-08-01,2018,8,3,여름,0,1,동해선,560.0,142.0,-42.0,1,초과수요,89.0,11.0,0,-40.0,-18.0,-46.66666666666666,1,0,0,1,0
578,2018-09-01,2018,9,3,가을,0,1,동해선,572.0,137.0,-37.0,1,초과수요,91.0,9.0,0,-42.0,-26.0,-42.333333333333336,4,1,1,0,0
583,2018-10-01,2018,10,4,가을,0,1,동해선,617.0,143.0,-43.0,1,초과수요,93.0,7.0,0,-37.0,-20.0,-39.66666666666666,2,0,0,0,1
588,2018-11-01,2018,11,4,가을,0,1,동해선,647.0,155.0,-55.0,1,초과수요,98.0,2.0,0,-43.0,-32.0,-40.66666666666666,0,0,0,0,0
593,2018-12-01,2018,12,4,겨울,0,1,동해선,613.0,142.0,-42.0,1,초과수요,92.0,8.0,0,-55.0,-34.0,-45.0,1,0,0,0,0
598,2019-01-01,2019,1,1,겨울,0,1,동해선,416.0,95.0,5.0,0,여유없음,86.0,14.0,0,-42.0,-31.0,-46.66666666666666,1,0,0,1,0
603,2019-02-01,2019,2,1,겨울,0,1,동해선,423.0,107.0,-7.0,1,초과수요,96.0,4.0,0,5.0,-34.0,-30.666666666666668,3,1,1,0,0
608,2019-03-01,2019,3,1,봄,0,1,동해선,425.0,97.0,3.0,0,여유없음,90.0,10.0,0,-7.0,-41.0,-14.666666666666666,1,0,0,0,1
613,2019-04-01,2019,4,2,봄,0,1,동해선,429.0,102.0,-2.0,1,초과수요,95.0,5.0,0,3.0,-49.0,0.3333333333333333,0,0,0,0,0
618,2019-05-01,2019,5,2,봄,0,1,동해선,465.0,107.0,-7.0,1,초과수요,98.0,2.0,0,-2.0,-55.0,-2.0,3,0,0,0,0
623,2019-06-01,2019,6,2,여름,0,1,동해선,450.0,106.0,-6.0,1,초과수요,94.0,6.0,0,-7.0,-45.0,-2.0,1,0,0,0,0
628,2019-07-01,2019,7,3,여름,0,1,동해선,453.0,116.0,-16.0,1,초과수요,93.0,7.0,0,-6.0,-40.0,-5.0,0,0,0,0,0
633,2019-08-01,2019,8,3,여름,0,1,동해선,495.0,114.0,-14.0,1,초과수요,96.0,4.0,0,-16.0,-42.0,-9.666666666666666,1,0,0,1,0
638,2019-09-01,2019,9,3,가을,0,1,동해선,470.0,109.0,-9.0,1,초과수요,95.0,5.0,0,-14.0,-37.0,-12.0,3,1,0,0,0
643,2019-10-01,2019,10,4,가을,0,1,동해선,497.0,110.0,-10.0,1,초과수요,98.0,2.0,0,-9.0,-43.0,-13.0,2,0,0,0,1
648,2019-11-01,2019,11,4,가을,0,1,동해선,512.0,121.0,-21.0,1,초과수요,107.0,-7.0,0,-10.0,-55.0,-11.0,0,0,0,0,0
653,2019-12-01,2019,12,4,겨울,0,1,동해선,531.0,118.0,-18.0,1,초과수요,101.0,-1.0,0,-21.0,-42.0,-13.333333333333334,1,0,0,1,0
658,2020-01-01,2020,1,1,겨울,1,1,동해선,494.0,111.0,-11.0,1,초과수요,96.0,4.0,0,-18.0,5.0,-16.333333333333332,5,1,0,0,0
663,2020-02-01,2020,2,1,겨울,1,1,동해선,262.0,64.0,36.0,0,공실있음,58.0,42.0,0,-11.0,-7.0,-16.666666666666668,0,0,0,0,0
668,2020-03-01,2020,3,1,봄,1,1,동해선,124.0,29.0,71.0,0,공실있음,29.0,71.0,0,36.0,3.0,2.333333333333333,1,0,0,0,0
673,2020-04-01,2020,4,2,봄,1,1,동해선,196.0,47.0,53.0,0,공실있음,43.0,57.0,0,71.0,-2.0,32.0,2,0,0,0,0
678,2020-05-01,2020,5,2,봄,1,1,동해선,297.0,69.0,31.0,0,공실있음,61.0,39.0,0,53.0,-7.0,53.333333333333336,1,0,0,0,0
683,2020-06-01,2020,6,2,여름,1,1,동해선,309.0,73.0,27.0,0,공실있음,63.0,37.0,0,31.0,-6.0,51.66666666666666,1,0,0,0,0
688,2020-07-01,2020,7,3,여름,1,1,동해선,353.0,81.0,19.0,0,공실있음,67.0,33.0,0,27.0,-16.0,37.0,0,0,0,0,0
693,2020-08-01,2020,8,3,여름,1,1,동해선,334.0,76.0,24.0,0,공실있음,63.0,37.0,0,19.0,-14.0,25.666666666666668,2,0,0,1,0
698,2020-09-01,2020,9,3,가을,1,1,동해선,238.0,56.0,44.0,0,공실있음,46.0,54.0,0,24.0,-9.0,23.33333333333333,1,1,1,1,0
703,2020-10-01,2020,10,4,가을,1,1,동해선,323.0,73.0,27.0,0,공실있음,63.0,37.0,0,44.0,-10.0,29.0,4,1,0,0,1
708,2020-11-01,2020,11,4,가을,1,1,동해선,345.0,81.0,19.0,0,공실있음,69.0,31.0,0,27.0,-21.0,31.666666666666668,0,0,0,0,0
713,2020-12-01,2020,12,4,겨울,1,1,동해선,233.0,53.0,47.0,0,공실있음,44.0,56.0,0,19.0,-18.0,30.0,1,0,0,0,0
718,2021-01-01,2021,1,1,겨울,1,1,동해선,238.0,54.0,46.0,0,공실있음,45.0,55.0,0,47.0,-11.0,31.0,1,0,0,1,0
723,2021-02-01,2021,2,1,겨울,1,1,동해선,272.0,69.0,31.0,0,공실있음,56.0,44.0,0,46.0,36.0,37.333333333333336,3,1,0,0,0
728,2021-03-01,2021,3,1,봄,1,1,동해선,322.0,73.0,27.0,0,공실있음,62.0,38.0,0,31.0,71.0,41.333333333333336,1,0,0,0,1
733,2021-04-01,2021,4,2,봄,1,1,동해선,335.0,79.0,21.0,0,공실있음,65.0,35.0,0,27.0,53.0,34.666666666666664,0,0,0,0,0
738,2021-05-01,2021,5,2,봄,1,1,동해선,375.0,85.0,15.0,0,공실있음,70.0,30.0,0,21.0,31.0,26.33333333333333,2,0,0,0,0
743,2021-06-01,2021,6,2,여름,1,1,동해선,357.0,84.0,16.0,0,공실있음,71.0,29.0,0,15.0,27.0,21.0,1,0,0,0,0
748,2021-07-01,2021,7,3,여름,1,1,동해선,329.0,73.0,27.0,0,공실있음,59.0,41.0,0,16.0,19.0,17.333333333333332,0,0,0,0,0
753,2021-08-01,2021,8,3,여름,1,1,동해선,333.0,68.0,32.0,0,공실있음,57.0,43.0,0,27.0,24.0,19.33333333333333,2,0,0,1,0
758,2021-09-01,2021,9,3,가을,1,1,동해선,335.0,70.0,30.0,0,공실있음,60.0,40.0,0,32.0,44.0,25.0,3,1,1,0,0
763,2021-10-01,2021,10,4,가을,1,1,동해선,416.0,85.0,15.0,0,공실있음,74.0,26.0,0,30.0,27.0,29.666666666666668,4,0,0,0,1
768,2021-11-01,2021,11,4,가을,1,1,동해선,457.0,96.0,4.0,0,여유없음,85.0,15.0,0,15.0,19.0,25.666666666666668,0,0,0,0,0
773,2021-12-01,2021,12,4,겨울,1,1,동해선,418.0,85.0,15.0,0,공실있음,74.0,26.0,0,4.0,47.0,16.333333333333332,1,0,0,1,0
778,2022-01-01,2022,1,1,겨울,1,1,동해선,370.0,79.0,21.0,0,공실있음,67.0,33.0,0,15.0,46.0,11.333333333333334,2,1,1,1,0
783,2022-02-01,2022,2,1,겨울,1,1,동해선,318.0,72.0,28.0,0,공실있음,62.0,38.0,0,21.0,31.0,13.333333333333334,2,1,0,0,1
788,2022-03-01,2022,3,1,봄,1,1,동해선,333.0,68.0,32.0,0,공실있음,60.0,40.0,0,28.0,27.0,21.33333333333333,2,0,0,0,1
793,2022-04-01,2022,4,2,봄,1,1,동해선,427.0,90.0,10.0,0,공실있음,81.0,19.0,0,32.0,21.0,27.0,0,0,0,0,0
798,2022-05-01,2022,5,2,봄,1,1,동해선,542.0,110.0,-10.0,1,초과수요,98.0,2.0,0,10.0,15.0,23.33333333333333,2,0,0,0,0
803,2022-06-01,2022,6,2,여름,1,1,동해선,520.0,109.0,-9.0,1,초과수요,96.0,4.0,0,-10.0,16.0,10.666666666666666,2,0,0,0,0
808,2022-07-01,2022,7,3,여름,0,1,동해선,528.0,107.0,-7.0,1,초과수요,93.0,7.0,0,-9.0,27.0,-3.0,0,0,0,0,0
813,2022-08-01,2022,8,3,여름,0,1,동해선,527.0,106.0,-6.0,1,초과수요,93.0,7.0,0,-7.0,32.0,-8.666666666666666,1,0,0,1,0
818,2022-09-01,2022,9,3,가을,0,1,동해선,520.0,110.0,-10.0,1,초과수요,97.0,3.0,0,-6.0,30.0,-7.333333333333333,4,1,0,0,0
823,2022-10-01,2022,10,4,가을,0,1,동해선,586.0,118.0,-18.0,1,초과수요,106.0,-6.0,0,-10.0,15.0,-7.666666666666667,3,0,0,0,1
828,2022-11-01,2022,11,4,가을,0,1,동해선,546.0,115.0,-15.0,1,초과수요,104.0,-4.0,0,-18.0,4.0,-11.333333333333334,0,0,0,0,0
833,2022-12-01,2022,12,4,겨울,0,1,동해선,566.0,114.0,-14.0,1,초과수요,102.0,-2.0,0,-15.0,15.0,-14.333333333333334,1,0,0,1,0
838,2023-01-01,2023,1,1,겨울,0,1,동해선,542.0,109.0,-9.0,1,초과수요,97.0,3.0,0,-14.0,21.0,-15.666666666666666,5,1,0,0,0
843,2023-02-01,2023,2,1,겨울,0,1,동해선,536.0,120.0,-20.0,1,초과수요,106.0,-6.0,0,-9.0,28.0,-12.666666666666666,0,0,0,0,0
848,2023-03-01,2023,3,1,봄,0,1,동해선,543.0,109.0,-9.0,1,초과수요,98.0,2.0,0,-20.0,32.0,-14.333333333333334,1,0,0,0,0
853,2023-04-01,2023,4,2,봄,0,1,동해선,566.0,118.0,-18.0,1,초과수요,105.0,-5.0,0,-9.0,10.0,-12.666666666666666,0,0,0,0,0
858,2023-05-01,2023,5,2,봄,0,1,동해선,609.0,123.0,-23.0,1,초과수요,109.0,-9.0,0,-18.0,-10.0,-15.666666666666666,3,0,0,0,0
863,2023-06-01,2023,6,2,여름,0,1,동해선,568.0,118.0,-18.0,1,초과수요,104.0,-4.0,0,-23.0,-9.0,-16.666666666666668,1,0,0,0,0
868,2023-07-01,2023,7,3,여름,0,1,동해선,570.0,115.0,-15.0,1,초과수요,101.0,-1.0,0,-18.0,-7.0,-19.666666666666668,0,0,0,0,0
873,2023-08-01,2023,8,3,여름,0,1,동해선,582.0,119.0,-19.0,1,초과수요,104.0,-4.0,0,-15.0,-6.0,-18.666666666666668,1,0,0,1,0
878,2023-09-01,2023,9,3,가을,0,1,동해선,550.0,121.0,-21.0,1,초과수요,105.0,-5.0,0,-19.0,-10.0,-17.333333333333332,3,1,1,0,0
883,2023-10-01,2023,10,4,가을,0,1,동해선,605.0,123.0,-23.0,1,초과수요,109.0,-9.0,0,-21.0,-18.0,-18.33333333333333,3,0,0,0,1
888,2023-11-01,2023,11,4,가을,0,1,동해선,587.0,124.0,-24.0,1,초과수요,110.0,-10.0,0,-23.0,-15.0,-21.0,0,0,0,0,0
893,2023-12-01,2023,12,4,겨울,0,1,동해선,612.0,125.0,-25.0,1,초과수요,108.0,-8.0,0,-24.0,-14.0,-22.666666666666668,1,0,0,0,0
898,2024-01-01,2024,1,1,겨울,0,1,동해선,559.0,114.0,-14.0,1,초과수요,99.0,1.0,0,-25.0,-9.0,-24.0,1,0,0,1,0
903,2024-02-01,2024,2,1,겨울,0,1,동해선,583.0,127.0,-27.0,1,초과수요,109.0,-9.0,0,-14.0,-20.0,-21.0,4,1,0,0,0
908,2024-03-01,2024,3,1,봄,0,1,동해선,578.0,118.0,-18.0,1,초과수요,102.0,-2.0,0,-27.0,-9.0,-22.0,1,0,0,0,1
913,2024-04-01,2024,4,2,봄,0,1,동해선,585.0,124.0,-24.0,1,초과수요,108.0,-8.0,0,-18.0,-18.0,-19.666666666666668,1,0,0,0,0
918,2024-05-01,2024,5,2,봄,0,1,동해선,632.0,129.0,-29.0,1,초과수요,112.0,-12.0,0,-24.0,-23.0,-23.0,3,0,0,0,0
923,2024-06-01,2024,6,2,여름,0,1,동해선,592.0,125.0,-25.0,1,초과수요,107.0,-7.0,0,-29.0,-18.0,-23.666666666666668,1,0,0,0,0
928,2024-07-01,2024,7,3,여름,0,1,동해선,590.0,121.0,-21.0,1,초과수요,102.0,-2.0,0,-25.0,-15.0,-26.0,0,0,0,0,0
933,2024-08-01,2024,8,3,여름,0,1,동해선,608.0,124.0,-24.0,1,초과수요,106.0,-6.0,0,-21.0,-19.0,-25.0,1,0,0,1,0
938,2024-09-01,2024,9,3,가을,0,1,동해선,579.0,125.0,-25.0,1,초과수요,1106.0,-1006.0,0,-24.0,-21.0,-23.33333333333333,3,1,1,0,0
943,2024-10-01,2024,10,4,가을,0,1,동해선,607.0,128.0,-28.0,1,초과수요,110.0,-10.0,0,-25.0,-23.0,-23.33333333333333,3,0,0,0,1
948,2024-11-01,2024,11,4,가을,0,1,동해선,619.0,134.0,-34.0,1,초과수요,116.0,-16.0,0,-28.0,-24.0,-25.666666666666668,0,0,0,0,0
953,2024-12-01,2024,12,4,겨울,0,1,동해선,586.0,131.0,-31.0,1,초과수요,112.0,-12.0,0,-34.0,-25.0,-29.0,1,0,0,0,0
252,2012-10-01,2012,10,4,가을,0,0,전라선,129.0,107.0,-7.0,1,초과수요,98.0,2.0,0,1.0,0.0,1.0,2,1,0,0,1
256,2012-11-01,2012,11,4,가을,0,0,전라선,122.0,95.0,5.0,0,여유없음,96.0,4.0,0,-7.0,-1.0,-3.0,0,0,0,0,0
260,2012-12-01,2012,12,4,겨울,0,0,전라선,135.0,102.0,-2.0,1,초과수요,96.0,4.0,0,5.0,1.0,-0.3333333333333333,2,0,0,0,0
264,2013-01-01,2013,1,1,겨울,0,0,전라선,129.0,94.0,6.0,0,여유없음,88.0,12.0,0,-2.0,-1.0,-1.3333333333333333,1,0,0,1,0
268,2013-02-01,2013,2,1,겨울,0,0,전라선,130.0,100.0,0.0,0,여유없음,94.0,6.0,0,6.0,-1.0,3.0,3,1,0,0,0
272,2013-03-01,2013,3,1,봄,0,0,전라선,122.0,91.0,9.0,0,여유없음,87.0,13.0,0,0.0,3.0,1.3333333333333333,1,0,0,0,1
276,2013-04-01,2013,4,2,봄,0,0,전라선,140.0,91.0,9.0,0,여유없음,91.0,9.0,0,9.0,-6.0,5.0,0,0,0,0,0
280,2013-05-01,2013,5,2,봄,0,0,전라선,188.0,93.0,7.0,0,여유없음,95.0,5.0,0,9.0,3.0,6.0,2,0,0,0,0
284,2013-06-01,2013,6,2,여름,0,0,전라선,170.0,87.0,13.0,0,공실있음,89.0,11.0,0,7.0,5.0,8.333333333333334,1,0,0,0,0
288,2013-07-01,2013,7,3,여름,0,0,전라선,165.0,82.0,18.0,0,공실있음,87.0,13.0,0,13.0,5.0,9.666666666666666,0,0,0,0,0
292,2013-08-01,2013,8,3,여름,0,0,전라선,189.0,93.0,7.0,0,여유없음,90.0,10.0,0,18.0,-3.0,12.666666666666666,1,0,0,1,0
296,2013-09-01,2013,9,3,가을,0,0,전라선,183.0,93.0,7.0,0,여유없음,93.0,7.0,0,7.0,1.0,12.666666666666666,3,1,1,0,0
300,2013-10-01,2013,10,4,가을,0,0,전라선,190.0,94.0,6.0,0,여유없음,95.0,5.0,0,7.0,-7.0,10.666666666666666,2,0,0,0,1
304,2013-11-01,2013,11,4,가을,0,0,전라선,180.0,92.0,8.0,0,여유없음,98.0,2.0,0,6.0,5.0,6.666666666666667,0,0,0,0,0
308,2013-12-01,2013,12,4,겨울,0,0,전라선,168.0,83.0,17.0,0,공실있음,91.0,9.0,0,8.0,-2.0,7.0,1,0,0,1,0
312,2014-01-01,2014,1,1,겨울,0,0,전라선,171.0,98.0,2.0,0,여유없음,96.0,4.0,0,17.0,6.0,10.333333333333334,3,1,0,1,0
316,2014-02-01,2014,2,1,겨울,0,0,전라선,162.0,89.0,11.0,0,공실있음,94.0,6.0,0,2.0,0.0,9.0,1,1,0,0,1
320,2014-03-01,2014,3,1,봄,0,0,전라선,166.0,82.0,18.0,0,공실있음,88.0,12.0,0,11.0,9.0,10.0,1,0,0,0,1
324,2014-04-01,2014,4,2,봄,0,0,전라선,169.0,87.0,13.0,0,공실있음,94.0,6.0,0,18.0,9.0,10.333333333333334,0,0,0,0,0
328,2014-05-01,2014,5,2,봄,0,0,전라선,186.0,92.0,8.0,0,여유없음,97.0,3.0,0,13.0,7.0,14.0,2,0,0,0,0
332,2014-06-01,2014,6,2,여름,0,0,전라선,176.0,91.0,9.0,0,여유없음,93.0,7.0,0,8.0,13.0,13.0,2,0,0,0,0
336,2014-07-01,2014,7,3,여름,0,0,전라선,179.0,90.0,10.0,0,공실있음,95.0,5.0,0,9.0,18.0,10.0,0,0,0,0,0
340,2014-08-01,2014,8,3,여름,0,0,전라선,214.0,108.0,-8.0,1,초과수요,102.0,-2.0,0,10.0,7.0,9.0,1,0,0,1,0
344,2014-09-01,2014,9,3,가을,0,0,전라선,198.0,97.0,3.0,0,여유없음,99.0,1.0,0,-8.0,7.0,3.6666666666666665,4,1,1,0,0
348,2014-10-01,2014,10,4,가을,0,0,전라선,207.0,104.0,-4.0,1,초과수요,105.0,-5.0,0,3.0,6.0,1.6666666666666667,2,0,0,0,1
352,2014-11-01,2014,11,4,가을,0,0,전라선,196.0,102.0,-2.0,1,초과수요,104.0,-4.0,0,-4.0,8.0,-3.0,0,0,0,0,0
356,2014-12-01,2014,12,4,겨울,0,0,전라선,220.0,104.0,-4.0,1,초과수요,106.0,-6.0,0,-2.0,17.0,-1.0,1,0,0,0,0
360,2015-01-01,2015,1,1,겨울,0,0,전라선,206.0,100.0,0.0,0,여유없음,98.0,2.0,0,-4.0,2.0,-3.333333333333333,1,0,0,1,0
364,2015-02-01,2015,2,1,겨울,0,0,전라선,190.0,106.0,-6.0,1,초과수요,101.0,-1.0,0,0.0,11.0,-2.0,3,1,1,0,0
368,2015-03-01,2015,3,1,봄,0,0,전라선,187.0,94.0,6.0,0,여유없음,96.0,4.0,0,-6.0,18.0,-3.333333333333333,1,0,0,0,1
372,2015-04-01,2015,4,2,봄,0,0,전라선,258.0,81.0,19.0,0,공실있음,100.0,0.0,0,6.0,13.0,0.0,0,0,0,0,0
377,2015-05-01,2015,5,2,봄,0,0,전라선,318.0,95.0,5.0,0,여유없음,105.0,-5.0,0,19.0,8.0,6.333333333333333,2,0,0,0,0
382,2015-06-01,2015,6,2,여름,0,0,전라선,190.0,59.0,41.0,0,공실있음,73.0,27.0,0,5.0,9.0,10.0,1,0,0,0,0
387,2015-07-01,2015,7,3,여름,0,0,전라선,264.0,79.0,21.0,0,공실있음,90.0,10.0,0,41.0,10.0,21.666666666666668,0,0,0,0,0
392,2015-08-01,2015,8,3,여름,0,0,전라선,308.0,90.0,10.0,0,공실있음,97.0,3.0,0,21.0,-8.0,22.33333333333333,1,0,0,1,0
397,2015-09-01,2015,9,3,가을,0,0,전라선,287.0,85.0,15.0,0,공실있음,96.0,4.0,0,10.0,3.0,24.0,4,1,0,0,0
402,2015-10-01,2015,10,4,가을,0,0,전라선,319.0,93.0,7.0,0,여유없음,102.0,-2.0,0,15.0,-4.0,15.333333333333334,2,0,0,0,1
407,2015-11-01,2015,11,4,가을,0,0,전라선,306.0,92.0,8.0,0,여유없음,103.0,-3.0,0,7.0,-2.0,10.666666666666666,0,0,0,0,0
412,2015-12-01,2015,12,4,겨울,0,0,전라선,308.0,90.0,10.0,0,공실있음,99.0,1.0,0,8.0,-4.0,10.0,1,0,0,0,0
417,2016-01-01,2016,1,1,겨울,0,0,전라선,308.0,90.0,10.0,0,공실있음,94.0,6.0,0,10.0,0.0,8.333333333333334,1,0,0,1,0
422,2016-02-01,2016,2,1,겨울,0,0,전라선,304.0,94.0,6.0,0,여유없음,98.0,2.0,0,10.0,-6.0,9.333333333333334,4,1,1,0,0
427,2016-03-01,2016,3,1,봄,0,0,전라선,285.0,84.0,16.0,0,공실있음,91.0,9.0,0,6.0,6.0,8.666666666666666,1,0,0,0,1
432,2016-04-01,2016,4,2,봄,0,0,전라선,311.0,93.0,7.0,0,여유없음,100.0,0.0,0,16.0,19.0,10.666666666666666,1,0,0,0,0
437,2016-05-01,2016,5,2,봄,0,0,전라선,341.0,98.0,2.0,0,여유없음,102.0,-2.0,0,7.0,5.0,9.666666666666666,3,0,0,0,0
442,2016-06-01,2016,6,2,여름,0,0,전라선,302.0,92.0,8.0,0,여유없음,98.0,2.0,0,2.0,41.0,8.333333333333334,1,0,0,0,0
447,2016-07-01,2016,7,3,여름,0,0,전라선,318.0,93.0,7.0,0,여유없음,96.0,4.0,0,8.0,21.0,5.666666666666667,0,0,0,0,0
452,2016-08-01,2016,8,3,여름,0,0,전라선,333.0,99.0,1.0,0,여유없음,98.0,2.0,0,7.0,10.0,5.666666666666667,1,0,0,1,0
457,2016-09-01,2016,9,3,가을,0,0,전라선,324.0,95.0,5.0,0,여유없음,97.0,3.0,0,1.0,15.0,5.333333333333333,3,1,1,0,0
462,2016-10-01,2016,10,4,가을,0,0,전라선,360.0,105.0,-5.0,1,초과수요,106.0,-6.0,0,5.0,7.0,4.333333333333333,2,0,0,0,1
467,2016-11-01,2016,11,4,가을,0,0,전라선,329.0,104.0,-4.0,1,초과수요,109.0,-9.0,0,-5.0,8.0,0.3333333333333333,0,0,0,0,0
472,2016-12-01,2016,12,4,겨울,0,1,전라선,427.0,98.0,2.0,0,여유없음,96.0,4.0,0,-4.0,10.0,-1.3333333333333333,1,0,0,1,0
477,2017-01-01,2017,1,1,겨울,0,1,전라선,451.0,84.0,16.0,0,공실있음,89.0,11.0,0,2.0,10.0,-2.333333333333333,5,1,0,0,0
482,2017-02-01,2017,2,1,겨울,0,1,전라선,411.0,87.0,13.0,0,공실있음,91.0,9.0,0,16.0,6.0,4.666666666666667,0,0,0,0,0
487,2017-03-01,2017,3,1,봄,0,1,전라선,422.0,79.0,21.0,0,공실있음,83.0,17.0,0,13.0,16.0,10.333333333333334,1,0,0,0,0
492,2017-04-01,2017,4,2,봄,0,1,전라선,476.0,89.0,11.0,0,공실있음,91.0,9.0,0,21.0,7.0,16.666666666666668,0,0,0,0,0
497,2017-05-01,2017,5,2,봄,0,1,전라선,513.0,93.0,7.0,0,여유없음,92.0,8.0,0,11.0,2.0,15.0,3,0,0,0,0
502,2017-06-01,2017,6,2,여름,0,1,전라선,445.0,83.0,17.0,0,공실있음,86.0,14.0,0,7.0,8.0,13.0,1,0,0,0,0
507,2017-07-01,2017,7,3,여름,0,1,전라선,443.0,80.0,20.0,0,공실있음,83.0,17.0,0,17.0,7.0,11.666666666666666,0,0,0,0,0
512,2017-08-01,2017,8,3,여름,0,1,전라선,494.0,89.0,11.0,0,공실있음,88.0,12.0,0,20.0,1.0,14.666666666666666,1,0,0,0,0
517,2017-09-01,2017,9,3,가을,0,1,전라선,477.0,84.0,16.0,0,공실있음,88.0,12.0,0,11.0,5.0,16.0,0,0,0,0,0
522,2017-10-01,2017,10,4,가을,0,1,전라선,567.0,95.0,5.0,0,여유없음,91.0,9.0,0,16.0,-5.0,15.666666666666666,7,1,0,0,0
527,2017-11-01,2017,11,4,가을,0,1,전라선,520.0,92.0,8.0,0,여유없음,94.0,6.0,0,5.0,-4.0,10.666666666666666,0,0,0,0,0
532,2017-12-01,2017,12,4,겨울,0,1,전라선,547.0,95.0,5.0,0,여유없음,94.0,6.0,0,8.0,2.0,9.666666666666666,1,0,0,0,0
537,2018-01-01,2018,1,1,겨울,0,1,전라선,490.0,87.0,13.0,0,공실있음,86.0,14.0,0,5.0,16.0,6.0,1,0,0,1,0
542,2018-02-01,2018,2,1,겨울,0,1,전라선,483.0,94.0,6.0,0,여유없음,86.0,14.0,0,13.0,13.0,8.666666666666666,3,1,0,0,0
547,2018-03-01,2018,3,1,봄,0,1,전라선,492.0,87.0,13.0,0,공실있음,83.0,17.0,0,6.0,21.0,8.0,1,0,0,0,1
552,2018-04-01,2018,4,2,봄,0,1,전라선,515.0,94.0,6.0,0,여유없음,91.0,9.0,0,13.0,11.0,10.666666666666666,0,0,0,0,0
557,2018-05-01,2018,5,2,봄,0,1,전라선,579.0,102.0,-2.0,1,초과수요,94.0,6.0,0,6.0,7.0,8.333333333333334,3,0,0,0,0
562,2018-06-01,2018,6,2,여름,0,1,전라선,514.0,93.0,7.0,0,여유없음,91.0,9.0,0,-2.0,17.0,5.666666666666667,2,0,0,0,0
567,2018-07-01,2018,7,3,여름,0,1,전라선,509.0,91.0,9.0,0,여유없음,87.0,13.0,0,7.0,20.0,3.6666666666666665,0,0,0,0,0
572,2018-08-01,2018,8,3,여름,0,1,전라선,539.0,96.0,4.0,0,여유없음,89.0,11.0,0,9.0,11.0,4.666666666666667,1,0,0,1,0
577,2018-09-01,2018,9,3,가을,0,1,전라선,544.0,96.0,4.0,0,여유없음,91.0,9.0,0,4.0,16.0,6.666666666666667,4,1,1,0,0
582,2018-10-01,2018,10,4,가을,0,1,전라선,570.0,100.0,0.0,0,여유없음,93.0,7.0,0,4.0,5.0,5.666666666666667,2,0,0,0,1
587,2018-11-01,2018,11,4,가을,0,1,전라선,567.0,102.0,-2.0,1,초과수요,98.0,2.0,0,0.0,8.0,2.6666666666666665,0,0,0,0,0
592,2018-12-01,2018,12,4,겨울,0,1,전라선,563.0,98.0,2.0,0,여유없음,92.0,8.0,0,-2.0,5.0,0.6666666666666666,1,0,0,0,0
597,2019-01-01,2019,1,1,겨울,0,1,전라선,533.0,93.0,7.0,0,여유없음,86.0,14.0,0,2.0,13.0,0.0,1,0,0,1,0
602,2019-02-01,2019,2,1,겨울,0,1,전라선,550.0,104.0,-4.0,1,초과수요,96.0,4.0,0,7.0,6.0,2.333333333333333,3,1,1,0,0
607,2019-03-01,2019,3,1,봄,0,1,전라선,561.0,97.0,3.0,0,여유없음,90.0,10.0,0,-4.0,13.0,1.6666666666666667,1,0,0,0,1
612,2019-04-01,2019,4,2,봄,0,1,전라선,568.0,102.0,-2.0,1,초과수요,95.0,5.0,0,3.0,6.0,2.0,0,0,0,0,0
617,2019-05-01,2019,5,2,봄,0,1,전라선,623.0,108.0,-8.0,1,초과수요,98.0,2.0,0,-2.0,-2.0,-1.0,3,0,0,0,0
622,2019-06-01,2019,6,2,여름,0,1,전라선,576.0,102.0,-2.0,1,초과수요,94.0,6.0,0,-8.0,7.0,-2.333333333333333,1,0,0,0,0
627,2019-07-01,2019,7,3,여름,0,1,전라선,564.0,99.0,1.0,0,여유없음,93.0,7.0,0,-2.0,9.0,-4.0,0,0,0,0,0
632,2019-08-01,2019,8,3,여름,0,1,전라선,618.0,107.0,-7.0,1,초과수요,96.0,4.0,0,1.0,4.0,-3.0,1,0,0,1,0
637,2019-09-01,2019,9,3,가을,0,1,전라선,575.0,102.0,-2.0,1,초과수요,95.0,5.0,0,-7.0,4.0,-2.6666666666666665,3,1,0,0,0
642,2019-10-01,2019,10,4,가을,0,1,전라선,622.0,107.0,-7.0,1,초과수요,98.0,2.0,0,-2.0,0.0,-2.6666666666666665,2,0,0,0,1
647,2019-11-01,2019,11,4,가을,0,1,전라선,607.0,114.0,-14.0,1,초과수요,107.0,-7.0,0,-7.0,-2.0,-5.333333333333333,0,0,0,0,0
652,2019-12-01,2019,12,4,겨울,0,1,전라선,631.0,109.0,-9.0,1,초과수요,101.0,-1.0,0,-14.0,2.0,-7.666666666666667,1,0,0,1,0
657,2020-01-01,2020,1,1,겨울,1,1,전라선,612.0,105.0,-5.0,1,초과수요,96.0,4.0,0,-9.0,7.0,-10.0,5,1,0,0,0
662,2020-02-01,2020,2,1,겨울,1,1,전라선,330.0,69.0,31.0,0,공실있음,58.0,42.0,0,-5.0,-4.0,-9.333333333333334,0,0,0,0,0
667,2020-03-01,2020,3,1,봄,1,1,전라선,224.0,39.0,61.0,0,공실있음,29.0,71.0,0,31.0,3.0,5.666666666666667,1,0,0,0,0
672,2020-04-01,2020,4,2,봄,1,1,전라선,292.0,54.0,46.0,0,공실있음,43.0,57.0,0,61.0,-2.0,29.0,2,0,0,0,0
677,2020-05-01,2020,5,2,봄,1,1,전라선,422.0,74.0,26.0,0,공실있음,61.0,39.0,0,46.0,-8.0,46.0,1,0,0,0,0
682,2020-06-01,2020,6,2,여름,1,1,전라선,403.0,73.0,27.0,0,공실있음,63.0,37.0,0,26.0,-2.0,44.333333333333336,1,0,0,0,0
687,2020-07-01,2020,7,3,여름,1,1,전라선,444.0,77.0,23.0,0,공실있음,67.0,33.0,0,27.0,1.0,33.0,0,0,0,0,0
692,2020-08-01,2020,8,3,여름,1,1,전라선,424.0,73.0,27.0,0,공실있음,63.0,37.0,0,23.0,-7.0,25.33333333333333,2,0,0,1,0
697,2020-09-01,2020,9,3,가을,1,1,전라선,306.0,52.0,48.0,0,공실있음,46.0,54.0,0,27.0,-2.0,25.666666666666668,1,1,1,1,0
702,2020-10-01,2020,10,4,가을,1,1,전라선,439.0,72.0,28.0,0,공실있음,63.0,37.0,0,48.0,-7.0,32.666666666666664,4,1,0,0,1
707,2020-11-01,2020,11,4,가을,1,1,전라선,450.0,77.0,23.0,0,공실있음,69.0,31.0,0,28.0,-14.0,34.333333333333336,0,0,0,0,0
712,2020-12-01,2020,12,4,겨울,1,1,전라선,286.0,48.0,52.0,0,공실있음,44.0,56.0,0,23.0,-9.0,33.0,1,0,0,0,0
717,2021-01-01,2021,1,1,겨울,1,1,전라선,294.0,48.0,52.0,0,공실있음,45.0,55.0,0,52.0,-5.0,34.333333333333336,1,0,0,1,0
722,2021-02-01,2021,2,1,겨울,1,1,전라선,343.0,62.0,38.0,0,공실있음,56.0,44.0,0,52.0,31.0,42.333333333333336,3,1,0,0,0
727,2021-03-01,2021,3,1,봄,1,1,전라선,422.0,70.0,30.0,0,공실있음,62.0,38.0,0,38.0,61.0,47.333333333333336,1,0,0,0,1
732,2021-04-01,2021,4,2,봄,1,1,전라선,440.0,75.0,25.0,0,공실있음,65.0,35.0,0,30.0,46.0,40.0,0,0,0,0,0
737,2021-05-01,2021,5,2,봄,1,1,전라선,495.0,82.0,18.0,0,공실있음,70.0,30.0,0,25.0,26.0,31.0,2,0,0,0,0
742,2021-06-01,2021,6,2,여름,1,1,전라선,473.0,81.0,19.0,0,공실있음,71.0,29.0,0,18.0,27.0,24.33333333333333,1,0,0,0,0
747,2021-07-01,2021,7,3,여름,1,1,전라선,424.0,70.0,30.0,0,공실있음,59.0,41.0,0,19.0,23.0,20.666666666666668,0,0,0,0,0
752,2021-08-01,2021,8,3,여름,1,1,전라선,447.0,68.0,32.0,0,공실있음,57.0,43.0,0,30.0,27.0,22.33333333333333,2,0,0,1,0
757,2021-09-01,2021,9,3,가을,1,1,전라선,435.0,67.0,33.0,0,공실있음,60.0,40.0,0,32.0,48.0,27.0,3,1,1,0,0
762,2021-10-01,2021,10,4,가을,1,1,전라선,554.0,84.0,16.0,0,공실있음,74.0,26.0,0,33.0,28.0,31.666666666666668,4,0,0,0,1
767,2021-11-01,2021,11,4,가을,1,1,전라선,586.0,93.0,7.0,0,여유없음,85.0,15.0,0,16.0,23.0,27.0,0,0,0,0,0
772,2021-12-01,2021,12,4,겨울,1,1,전라선,543.0,83.0,17.0,0,공실있음,74.0,26.0,0,7.0,52.0,18.666666666666668,1,0,0,1,0
777,2022-01-01,2022,1,1,겨울,1,1,전라선,486.0,76.0,24.0,0,공실있음,67.0,33.0,0,17.0,52.0,13.333333333333334,2,1,1,1,0
782,2022-02-01,2022,2,1,겨울,1,1,전라선,423.0,70.0,30.0,0,공실있음,62.0,38.0,0,24.0,38.0,16.0,2,1,0,0,1
787,2022-03-01,2022,3,1,봄,1,1,전라선,445.0,68.0,32.0,0,공실있음,60.0,40.0,0,30.0,30.0,23.666666666666668,2,0,0,0,1
792,2022-04-01,2022,4,2,봄,1,1,전라선,579.0,91.0,9.0,0,여유없음,81.0,19.0,0,32.0,25.0,28.666666666666668,0,0,0,0,0
797,2022-05-01,2022,5,2,봄,1,1,전라선,708.0,108.0,-8.0,1,초과수요,98.0,2.0,0,9.0,18.0,23.666666666666668,2,0,0,0,0
802,2022-06-01,2022,6,2,여름,1,1,전라선,665.0,105.0,-5.0,1,초과수요,96.0,4.0,0,-8.0,19.0,11.0,2,0,0,0,0
807,2022-07-01,2022,7,3,여름,0,1,전라선,694.0,105.0,-5.0,1,초과수요,93.0,7.0,0,-5.0,30.0,-1.3333333333333333,0,0,0,0,0
812,2022-08-01,2022,8,3,여름,0,1,전라선,687.0,106.0,-6.0,1,초과수요,93.0,7.0,0,-5.0,32.0,-6.0,1,0,0,1,0
817,2022-09-01,2022,9,3,가을,0,1,전라선,672.0,106.0,-6.0,1,초과수요,97.0,3.0,0,-6.0,33.0,-5.333333333333333,4,1,0,0,0
822,2022-10-01,2022,10,4,가을,0,1,전라선,754.0,115.0,-15.0,1,초과수요,106.0,-6.0,0,-6.0,16.0,-5.666666666666667,3,0,0,0,1
827,2022-11-01,2022,11,4,가을,0,1,전라선,692.0,111.0,-11.0,1,초과수요,104.0,-4.0,0,-15.0,7.0,-9.0,0,0,0,0,0
832,2022-12-01,2022,12,4,겨울,0,1,전라선,717.0,110.0,-10.0,1,초과수요,102.0,-2.0,0,-11.0,17.0,-10.666666666666666,1,0,0,1,0
837,2023-01-01,2023,1,1,겨울,0,1,전라선,701.0,106.0,-6.0,1,초과수요,97.0,3.0,0,-10.0,24.0,-12.0,5,1,0,0,0
842,2023-02-01,2023,2,1,겨울,0,1,전라선,675.0,115.0,-15.0,1,초과수요,106.0,-6.0,0,-6.0,30.0,-9.0,0,0,0,0,0
847,2023-03-01,2023,3,1,봄,0,1,전라선,695.0,107.0,-7.0,1,초과수요,98.0,2.0,0,-15.0,32.0,-10.333333333333334,1,0,0,0,0
852,2023-04-01,2023,4,2,봄,0,1,전라선,733.0,116.0,-16.0,1,초과수요,105.0,-5.0,0,-7.0,9.0,-9.333333333333334,0,0,0,0,0
857,2023-05-01,2023,5,2,봄,0,1,전라선,767.0,118.0,-18.0,1,초과수요,109.0,-9.0,0,-16.0,-8.0,-12.666666666666666,3,0,0,0,0
862,2023-06-01,2023,6,2,여름,0,1,전라선,712.0,113.0,-13.0,1,초과수요,104.0,-4.0,0,-18.0,-5.0,-13.666666666666666,1,0,0,0,0
867,2023-07-01,2023,7,3,여름,0,1,전라선,648.0,107.0,-7.0,1,초과수요,101.0,-1.0,0,-13.0,-5.0,-15.666666666666666,0,0,0,0,0
872,2023-08-01,2023,8,3,여름,0,1,전라선,729.0,114.0,-14.0,1,초과수요,104.0,-4.0,0,-7.0,-6.0,-12.666666666666666,1,0,0,1,0
877,2023-09-01,2023,9,3,가을,0,1,전라선,746.0,105.0,-5.0,1,초과수요,105.0,-5.0,0,-14.0,-6.0,-11.333333333333334,3,1,1,0,0
882,2023-10-01,2023,10,4,가을,0,1,전라선,841.0,110.0,-10.0,1,초과수요,109.0,-9.0,0,-5.0,-15.0,-8.666666666666666,3,0,0,0,1
887,2023-11-01,2023,11,4,가을,0,1,전라선,774.0,110.0,-10.0,1,초과수요,110.0,-10.0,0,-10.0,-11.0,-9.666666666666666,0,0,0,0,0
892,2023-12-01,2023,12,4,겨울,0,1,전라선,806.0,111.0,-11.0,1,초과수요,108.0,-8.0,0,-10.0,-10.0,-8.333333333333334,1,0,0,0,0
897,2024-01-01,2024,1,1,겨울,0,1,전라선,732.0,101.0,-1.0,1,초과수요,99.0,1.0,0,-11.0,-6.0,-10.333333333333334,1,0,0,1,0
902,2024-02-01,2024,2,1,겨울,0,1,전라선,772.0,113.0,-13.0,1,초과수요,109.0,-9.0,0,-1.0,-15.0,-7.333333333333333,4,1,0,0,0
907,2024-03-01,2024,3,1,봄,0,1,전라선,774.0,106.0,-6.0,1,초과수요,102.0,-2.0,0,-13.0,-7.0,-8.333333333333334,1,0,0,0,1
912,2024-04-01,2024,4,2,봄,0,1,전라선,780.0,111.0,-11.0,1,초과수요,108.0,-8.0,0,-6.0,-16.0,-6.666666666666667,1,0,0,0,0
917,2024-05-01,2024,5,2,봄,0,1,전라선,863.0,119.0,-19.0,1,초과수요,112.0,-12.0,0,-11.0,-18.0,-10.0,3,0,0,0,0
922,2024-06-01,2024,6,2,여름,0,1,전라선,787.0,111.0,-11.0,1,초과수요,107.0,-7.0,0,-19.0,-13.0,-12.0,1,0,0,0,0
927,2024-07-01,2024,7,3,여름,0,1,전라선,758.0,105.0,-5.0,1,초과수요,102.0,-2.0,0,-11.0,-7.0,-13.666666666666666,0,0,0,0,0
932,2024-08-01,2024,8,3,여름,0,1,전라선,819.0,112.0,-12.0,1,초과수요,106.0,-6.0,0,-5.0,-14.0,-11.666666666666666,1,0,0,1,0
937,2024-09-01,2024,9,3,가을,0,1,전라선,795.0,111.0,-11.0,1,초과수요,1106.0,-1006.0,0,-12.0,-5.0,-9.333333333333334,3,1,1,0,0
942,2024-10-01,2024,10,4,가을,0,1,전라선,833.0,115.0,-15.0,1,초과수요,110.0,-10.0,0,-11.0,-10.0,-9.333333333333334,3,0,0,0,1
947,2024-11-01,2024,11,4,가을,0,1,전라선,851.0,120.0,-20.0,1,초과수요,116.0,-16.0,0,-15.0,-10.0,-12.666666666666666,0,0,0,0,0
952,2024-12-01,2024,12,4,겨울,0,1,전라선,768.0,115.0,-15.0,1,초과수요,112.0,-12.0,0,-20.0,-11.0,-15.333333333333334,1,0,0,0,0
25,2005-04-01,2005,4,2,봄,0,0,호남선,412.0,41.0,59.0,0,공실있음,68.0,32.0,0,65.0,62.0,60.333333333333336,1,0,0,0,0
27,2005-05-01,2005,5,2,봄,0,0,호남선,450.0,44.0,56.0,0,공실있음,70.0,30.0,0,59.0,61.0,59.333333333333336,2,0,0,0,0
29,2005-06-01,2005,6,2,여름,0,0,호남선,411.0,42.0,58.0,0,공실있음,68.0,32.0,0,56.0,70.0,60.0,1,0,0,0,0
31,2005-07-01,2005,7,3,여름,0,0,호남선,430.0,42.0,58.0,0,공실있음,68.0,32.0,0,58.0,68.0,57.66666666666666,1,0,0,0,0
33,2005-08-01,2005,8,3,여름,0,0,호남선,497.0,48.0,52.0,0,공실있음,74.0,26.0,0,58.0,63.0,57.333333333333336,1,0,0,1,0
35,2005-09-01,2005,9,3,가을,0,0,호남선,478.0,47.0,53.0,0,공실있음,70.0,30.0,0,52.0,55.0,56.0,3,1,0,0,0
37,2005-10-01,2005,10,4,가을,0,0,호남선,503.0,48.0,52.0,0,공실있음,75.0,25.0,0,53.0,62.0,54.333333333333336,1,0,0,0,1
39,2005-11-01,2005,11,4,가을,0,0,호남선,491.0,49.0,51.0,0,공실있음,74.0,26.0,0,52.0,61.0,52.333333333333336,0,0,0,0,0
41,2005-12-01,2005,12,4,겨울,0,0,호남선,654.0,63.0,37.0,0,공실있음,80.0,20.0,0,51.0,63.0,52.0,1,0,0,1,0
43,2006-01-01,2006,1,1,겨울,0,0,호남선,590.0,56.0,44.0,0,공실있음,77.0,23.0,0,37.0,62.0,46.66666666666666,4,1,0,0,0
45,2006-02-01,2006,2,1,겨울,0,0,호남선,479.0,51.0,49.0,0,공실있음,77.0,23.0,0,44.0,54.0,44.0,0,0,0,0,0
47,2006-03-01,2006,3,1,봄,0,0,호남선,428.0,42.0,58.0,0,공실있음,66.0,34.0,0,49.0,65.0,43.333333333333336,1,0,0,0,0
49,2006-04-01,2006,4,2,봄,0,0,호남선,517.0,52.0,48.0,0,공실있음,76.0,24.0,0,58.0,59.0,50.333333333333336,0,0,0,0,0
51,2006-05-01,2006,5,2,봄,0,0,호남선,543.0,53.0,47.0,0,공실있음,77.0,23.0,0,48.0,56.0,51.66666666666666,2,0,0,0,0
53,2006-06-01,2006,6,2,여름,0,0,호남선,471.0,47.0,53.0,0,공실있음,72.0,28.0,0,47.0,58.0,51.0,1,0,0,0,0
55,2006-07-01,2006,7,3,여름,0,0,호남선,496.0,48.0,52.0,0,공실있음,72.0,28.0,0,53.0,58.0,49.333333333333336,1,0,0,0,0
57,2006-08-01,2006,8,3,여름,0,0,호남선,541.0,52.0,48.0,0,공실있음,77.0,23.0,0,52.0,52.0,50.66666666666666,1,0,0,0,0
59,2006-09-01,2006,9,3,가을,0,0,호남선,472.0,47.0,53.0,0,공실있음,71.0,29.0,0,48.0,53.0,51.0,0,0,0,0,0
61,2006-10-01,2006,10,4,가을,0,0,호남선,640.0,61.0,39.0,0,공실있음,81.0,19.0,0,53.0,52.0,51.0,4,1,0,0,0
63,2006-11-01,2006,11,4,가을,0,0,호남선,532.0,53.0,47.0,0,공실있음,78.0,22.0,0,39.0,51.0,46.66666666666666,0,0,0,0,0
65,2006-12-01,2006,12,4,겨울,0,0,호남선,589.0,57.0,43.0,0,공실있음,79.0,21.0,0,47.0,37.0,46.333333333333336,1,0,0,0,0
67,2007-01-01,2007,1,1,겨울,0,0,호남선,548.0,53.0,47.0,0,공실있음,77.0,23.0,0,43.0,44.0,43.0,1,0,0,1,0
69,2007-02-01,2007,2,1,겨울,0,0,호남선,540.0,57.0,43.0,0,공실있음,79.0,21.0,0,47.0,49.0,45.66666666666666,3,1,0,0,0
71,2007-03-01,2007,3,1,봄,0,0,호남선,490.0,47.0,53.0,0,공실있음,71.0,29.0,0,43.0,58.0,44.333333333333336,1,0,0,0,1
73,2007-04-01,2007,4,2,봄,0,0,호남선,514.0,52.0,48.0,0,공실있음,74.0,26.0,0,53.0,48.0,47.66666666666666,0,0,0,0,0
75,2007-05-01,2007,5,2,봄,0,0,호남선,553.0,54.0,46.0,0,공실있음,78.0,22.0,0,48.0,47.0,48.0,2,0,0,0,0
77,2007-06-01,2007,6,2,여름,0,0,호남선,485.0,49.0,51.0,0,공실있음,72.0,28.0,0,46.0,53.0,49.0,1,0,0,0,0
79,2007-07-01,2007,7,3,여름,0,0,호남선,476.0,46.0,54.0,0,공실있음,70.0,30.0,0,51.0,52.0,48.333333333333336,1,0,0,0,0
81,2007-08-01,2007,8,3,여름,0,0,호남선,528.0,51.0,49.0,0,공실있음,75.0,25.0,0,54.0,48.0,50.333333333333336,1,0,0,1,0
83,2007-09-01,2007,9,3,가을,0,0,호남선,544.0,54.0,46.0,0,공실있음,71.0,29.0,0,49.0,53.0,51.333333333333336,3,1,1,0,0
85,2007-10-01,2007,10,4,가을,0,0,호남선,525.0,51.0,49.0,0,공실있음,76.0,24.0,0,46.0,39.0,49.66666666666666,1,0,0,0,1
87,2007-11-01,2007,11,4,가을,0,0,호남선,545.0,55.0,45.0,0,공실있음,78.0,22.0,0,49.0,47.0,48.0,0,0,0,0,0
89,2007-12-01,2007,12,4,겨울,0,0,호남선,556.0,54.0,46.0,0,공실있음,77.0,23.0,0,45.0,43.0,46.66666666666666,1,0,0,0,0
91,2008-01-01,2008,1,1,겨울,0,0,호남선,520.0,51.0,49.0,0,공실있음,72.0,28.0,0,46.0,47.0,46.66666666666666,1,0,0,1,0
93,2008-02-01,2008,2,1,겨울,0,0,호남선,542.0,56.0,44.0,0,공실있음,74.0,26.0,0,49.0,43.0,46.66666666666666,3,1,1,0,0
95,2008-03-01,2008,3,1,봄,0,0,호남선,499.0,48.0,52.0,0,공실있음,68.0,32.0,0,44.0,53.0,46.333333333333336,1,0,0,0,1
97,2008-04-01,2008,4,2,봄,0,0,호남선,521.0,52.0,48.0,0,공실있음,73.0,27.0,0,52.0,48.0,48.333333333333336,0,0,0,0,0
99,2008-05-01,2008,5,2,봄,0,0,호남선,604.0,58.0,42.0,0,공실있음,78.0,22.0,0,48.0,46.0,48.0,2,0,0,0,0
101,2008-06-01,2008,6,2,여름,0,0,호남선,504.0,50.0,50.0,0,공실있음,71.0,29.0,0,42.0,51.0,47.333333333333336,1,0,0,0,0
103,2008-07-01,2008,7,3,여름,0,0,호남선,493.0,48.0,52.0,0,공실있음,70.0,30.0,0,50.0,54.0,46.66666666666666,0,0,0,0,0
105,2008-08-01,2008,8,3,여름,0,0,호남선,582.0,56.0,44.0,0,공실있음,75.0,25.0,0,52.0,49.0,48.0,1,0,0,1,0
107,2008-09-01,2008,9,3,가을,0,0,호남선,558.0,55.0,45.0,0,공실있음,74.0,26.0,0,44.0,46.0,48.66666666666666,3,1,0,0,0
109,2008-10-01,2008,10,4,가을,0,0,호남선,560.0,54.0,46.0,0,공실있음,76.0,24.0,0,45.0,49.0,47.0,1,0,0,0,1
111,2008-11-01,2008,11,4,가을,0,0,호남선,565.0,56.0,44.0,0,공실있음,76.0,24.0,0,46.0,45.0,45.0,0,0,0,0,0
113,2008-12-01,2008,12,4,겨울,0,0,호남선,536.0,52.0,48.0,0,공실있음,73.0,27.0,0,44.0,46.0,45.0,1,0,0,1,0
115,2009-01-01,2009,1,1,겨울,0,0,호남선,603.0,57.0,43.0,0,공실있음,72.0,28.0,0,48.0,49.0,46.0,4,1,0,0,0
117,2009-02-01,2009,2,1,겨울,0,0,호남선,456.0,48.0,52.0,0,공실있음,71.0,29.0,0,43.0,44.0,45.0,0,0,0,0,0
119,2009-03-01,2009,3,1,봄,0,0,호남선,497.0,48.0,52.0,0,공실있음,67.0,33.0,0,52.0,52.0,47.66666666666666,1,0,0,0,0
121,2009-04-01,2009,4,2,봄,0,0,호남선,533.0,53.0,47.0,0,공실있음,73.0,27.0,0,52.0,48.0,49.0,0,0,0,0,0
123,2009-05-01,2009,5,2,봄,0,0,호남선,587.0,56.0,44.0,0,공실있음,74.0,26.0,0,47.0,42.0,50.333333333333336,2,0,0,0,0
125,2009-06-01,2009,6,2,여름,0,0,호남선,484.0,48.0,52.0,0,공실있음,69.0,31.0,0,44.0,50.0,47.66666666666666,1,0,0,0,0
127,2009-07-01,2009,7,3,여름,0,0,호남선,487.0,47.0,53.0,0,공실있음,69.0,31.0,0,52.0,52.0,47.66666666666666,0,0,0,0,0
129,2009-08-01,2009,8,3,여름,0,0,호남선,573.0,57.0,43.0,0,공실있음,75.0,25.0,0,53.0,44.0,49.66666666666666,1,0,0,0,0
131,2009-09-01,2009,9,3,가을,0,0,호남선,482.0,48.0,52.0,0,공실있음,67.0,33.0,0,43.0,45.0,49.333333333333336,0,0,0,0,0
133,2009-10-01,2009,10,4,가을,0,0,호남선,610.0,58.0,42.0,0,공실있음,77.0,23.0,0,52.0,46.0,49.333333333333336,4,1,0,0,0
135,2009-11-01,2009,11,4,가을,0,0,호남선,504.0,50.0,50.0,0,공실있음,72.0,28.0,0,42.0,44.0,45.66666666666666,0,0,0,0,0
137,2009-12-01,2009,12,4,겨울,0,0,호남선,567.0,55.0,45.0,0,공실있음,74.0,26.0,0,50.0,48.0,48.0,1,0,0,0,0
139,2010-01-01,2010,1,1,겨울,0,0,호남선,585.0,56.0,44.0,0,공실있음,74.0,26.0,0,45.0,43.0,45.66666666666666,1,0,0,1,0
142,2010-02-01,2010,2,1,겨울,0,0,호남선,552.0,59.0,41.0,0,공실있음,78.0,22.0,0,44.0,52.0,46.333333333333336,3,1,0,0,0
145,2010-03-01,2010,3,1,봄,0,0,호남선,508.0,51.0,49.0,0,공실있음,72.0,28.0,0,41.0,52.0,43.333333333333336,1,0,0,0,1
148,2010-04-01,2010,4,2,봄,0,0,호남선,523.0,58.0,42.0,0,공실있음,77.0,23.0,0,49.0,47.0,44.66666666666666,0,0,0,0,0
151,2010-05-01,2010,5,2,봄,0,0,호남선,596.0,64.0,36.0,0,공실있음,82.0,18.0,0,42.0,44.0,44.0,2,0,0,0,0
154,2010-06-01,2010,6,2,여름,0,0,호남선,489.0,54.0,46.0,0,공실있음,74.0,26.0,0,36.0,52.0,42.333333333333336,1,0,0,0,0
157,2010-07-01,2010,7,3,여름,0,0,호남선,530.0,57.0,43.0,0,공실있음,76.0,24.0,0,46.0,53.0,41.333333333333336,0,0,0,0,0
160,2010-08-01,2010,8,3,여름,0,0,호남선,590.0,63.0,37.0,0,공실있음,82.0,18.0,0,43.0,43.0,41.66666666666666,1,0,0,1,0
163,2010-09-01,2010,9,3,가을,0,0,호남선,587.0,65.0,35.0,0,공실있음,79.0,21.0,0,37.0,52.0,42.0,3,1,0,0,0
166,2010-10-01,2010,10,4,가을,0,0,호남선,614.0,66.0,34.0,0,공실있음,86.0,14.0,0,35.0,42.0,38.333333333333336,1,0,0,0,1
169,2010-11-01,2010,11,4,가을,0,0,호남선,603.0,61.0,39.0,0,공실있음,93.0,7.0,0,34.0,50.0,35.333333333333336,0,0,0,0,0
172,2010-12-01,2010,12,4,겨울,0,0,호남선,655.0,66.0,34.0,0,공실있음,95.0,5.0,0,39.0,45.0,36.0,1,0,0,0,0
175,2011-01-01,2011,1,1,겨울,0,0,호남선,629.0,65.0,35.0,0,공실있음,89.0,11.0,0,34.0,44.0,35.666666666666664,1,0,0,1,0
178,2011-02-01,2011,2,1,겨울,0,0,호남선,596.0,67.0,33.0,0,공실있음,94.0,6.0,0,35.0,41.0,36.0,3,1,1,0,0
181,2011-03-01,2011,3,1,봄,0,0,호남선,560.0,60.0,40.0,0,공실있음,88.0,12.0,0,33.0,49.0,34.0,1,0,0,0,1
184,2011-04-01,2011,4,2,봄,0,0,호남선,621.0,66.0,34.0,0,공실있음,94.0,6.0,0,40.0,42.0,36.0,0,0,0,0,0
187,2011-05-01,2011,5,2,봄,0,0,호남선,631.0,71.0,29.0,0,공실있음,97.0,3.0,0,34.0,36.0,35.666666666666664,2,0,0,0,0
190,2011-06-01,2011,6,2,여름,0,0,호남선,570.0,63.0,37.0,0,공실있음,95.0,5.0,0,29.0,46.0,34.333333333333336,1,0,0,0,0
193,2011-07-01,2011,7,3,여름,0,0,호남선,584.0,61.0,39.0,0,공실있음,92.0,8.0,0,37.0,43.0,33.333333333333336,0,0,0,0,0
196,2011-08-01,2011,8,3,여름,0,0,호남선,640.0,67.0,33.0,0,공실있음,99.0,1.0,0,39.0,37.0,35.0,1,0,0,1,0
199,2011-09-01,2011,9,3,가을,0,0,호남선,641.0,69.0,31.0,0,공실있음,95.0,5.0,0,33.0,35.0,36.333333333333336,3,1,0,0,0
202,2011-10-01,2011,10,4,가을,0,0,호남선,642.0,74.0,26.0,0,공실있음,103.0,-3.0,0,31.0,34.0,34.333333333333336,1,0,0,0,1
206,2011-11-01,2011,11,4,가을,0,0,호남선,599.0,73.0,27.0,0,공실있음,103.0,-3.0,0,26.0,39.0,30.0,0,0,0,0,0
210,2011-12-01,2011,12,4,겨울,0,0,호남선,599.0,70.0,30.0,0,공실있음,100.0,0.0,0,27.0,34.0,28.0,1,0,0,1,0
214,2012-01-01,2012,1,1,겨울,0,0,호남선,609.0,70.0,30.0,0,공실있음,95.0,5.0,0,30.0,35.0,27.666666666666668,4,1,0,0,0
218,2012-02-01,2012,2,1,겨울,0,0,호남선,527.0,66.0,34.0,0,공실있음,99.0,1.0,0,30.0,33.0,29.0,0,0,0,0,0
222,2012-03-01,2012,3,1,봄,0,0,호남선,544.0,63.0,37.0,0,공실있음,92.0,8.0,0,34.0,40.0,31.33333333333333,1,0,0,0,0
226,2012-04-01,2012,4,2,봄,0,0,호남선,568.0,68.0,32.0,0,공실있음,98.0,2.0,0,37.0,34.0,33.666666666666664,1,0,0,0,0
230,2012-05-01,2012,5,2,봄,0,0,호남선,624.0,73.0,27.0,0,공실있음,101.0,-1.0,0,32.0,29.0,34.333333333333336,2,0,0,0,0
234,2012-06-01,2012,6,2,여름,0,0,호남선,542.0,65.0,35.0,0,공실있음,96.0,4.0,0,27.0,37.0,32.0,1,0,0,0,0
238,2012-07-01,2012,7,3,여름,0,0,호남선,533.0,62.0,38.0,0,공실있음,91.0,9.0,0,35.0,39.0,31.33333333333333,0,0,0,0,0
242,2012-08-01,2012,8,3,여름,0,0,호남선,556.0,65.0,35.0,0,공실있음,91.0,9.0,0,38.0,33.0,33.333333333333336,1,0,0,1,0
246,2012-09-01,2012,9,3,가을,0,0,호남선,571.0,68.0,32.0,0,공실있음,92.0,8.0,0,35.0,31.0,36.0,2,1,0,1,0
250,2012-10-01,2012,10,4,가을,0,0,호남선,635.0,72.0,28.0,0,공실있음,98.0,2.0,0,32.0,26.0,35.0,2,1,0,0,1
254,2012-11-01,2012,11,4,가을,0,0,호남선,603.0,72.0,28.0,0,공실있음,96.0,4.0,0,28.0,27.0,31.666666666666668,0,0,0,0,0
258,2012-12-01,2012,12,4,겨울,0,0,호남선,653.0,74.0,26.0,0,공실있음,96.0,4.0,0,28.0,30.0,29.33333333333333,2,0,0,0,0
262,2013-01-01,2013,1,1,겨울,0,0,호남선,555.0,64.0,36.0,0,공실있음,88.0,12.0,0,26.0,30.0,27.33333333333333,1,0,0,1,0
266,2013-02-01,2013,2,1,겨울,0,0,호남선,576.0,72.0,28.0,0,공실있음,94.0,6.0,0,36.0,34.0,30.0,3,1,0,0,0
270,2013-03-01,2013,3,1,봄,0,0,호남선,560.0,64.0,36.0,0,공실있음,87.0,13.0,0,28.0,37.0,30.0,1,0,0,0,1
274,2013-04-01,2013,4,2,봄,0,0,호남선,562.0,69.0,31.0,0,공실있음,91.0,9.0,0,36.0,32.0,33.333333333333336,0,0,0,0,0
278,2013-05-01,2013,5,2,봄,0,0,호남선,609.0,76.0,24.0,0,공실있음,95.0,5.0,0,31.0,27.0,31.666666666666668,2,0,0,0,0
282,2013-06-01,2013,6,2,여름,0,0,호남선,526.0,68.0,32.0,0,공실있음,89.0,11.0,0,24.0,35.0,30.33333333333333,1,0,0,0,0
286,2013-07-01,2013,7,3,여름,0,0,호남선,507.0,64.0,36.0,0,공실있음,87.0,13.0,0,32.0,38.0,29.0,0,0,0,0,0
290,2013-08-01,2013,8,3,여름,0,0,호남선,564.0,70.0,30.0,0,공실있음,90.0,10.0,0,36.0,35.0,30.666666666666668,1,0,0,1,0
294,2013-09-01,2013,9,3,가을,0,0,호남선,607.0,77.0,23.0,0,공실있음,93.0,7.0,0,30.0,32.0,32.666666666666664,3,1,1,0,0
298,2013-10-01,2013,10,4,가을,0,0,호남선,581.0,72.0,28.0,0,공실있음,95.0,5.0,0,23.0,28.0,29.666666666666668,2,0,0,0,1
302,2013-11-01,2013,11,4,가을,0,0,호남선,594.0,76.0,24.0,0,공실있음,98.0,2.0,0,28.0,28.0,27.0,0,0,0,0,0
306,2013-12-01,2013,12,4,겨울,0,0,호남선,541.0,68.0,32.0,0,공실있음,91.0,9.0,0,24.0,26.0,25.0,1,0,0,1,0
310,2014-01-01,2014,1,1,겨울,0,0,호남선,536.0,72.0,28.0,0,공실있음,96.0,4.0,0,32.0,36.0,28.0,3,1,0,1,0
314,2014-02-01,2014,2,1,겨울,0,0,호남선,490.0,68.0,32.0,0,공실있음,94.0,6.0,0,28.0,28.0,28.0,1,1,0,0,1
318,2014-03-01,2014,3,1,봄,0,0,호남선,523.0,65.0,35.0,0,공실있음,88.0,12.0,0,32.0,36.0,30.666666666666668,1,0,0,0,1
322,2014-04-01,2014,4,2,봄,0,0,호남선,542.0,70.0,30.0,0,공실있음,94.0,6.0,0,35.0,31.0,31.666666666666668,0,0,0,0,0
326,2014-05-01,2014,5,2,봄,0,0,호남선,587.0,73.0,27.0,0,공실있음,97.0,3.0,0,30.0,24.0,32.333333333333336,2,0,0,0,0
330,2014-06-01,2014,6,2,여름,0,0,호남선,522.0,67.0,33.0,0,공실있음,93.0,7.0,0,27.0,32.0,30.666666666666668,2,0,0,0,0
334,2014-07-01,2014,7,3,여름,0,0,호남선,501.0,66.0,34.0,0,공실있음,95.0,5.0,0,33.0,36.0,30.0,0,0,0,0,0
338,2014-08-01,2014,8,3,여름,0,0,호남선,576.0,75.0,25.0,0,공실있음,102.0,-2.0,0,34.0,30.0,31.33333333333333,1,0,0,1,0
342,2014-09-01,2014,9,3,가을,0,0,호남선,566.0,76.0,24.0,0,공실있음,99.0,1.0,0,25.0,23.0,30.666666666666668,4,1,1,0,0
346,2014-10-01,2014,10,4,가을,0,0,호남선,592.0,78.0,22.0,0,공실있음,105.0,-5.0,0,24.0,28.0,27.666666666666668,2,0,0,0,1
350,2014-11-01,2014,11,4,가을,0,0,호남선,576.0,78.0,22.0,0,공실있음,104.0,-4.0,0,22.0,24.0,23.666666666666668,0,0,0,0,0
354,2014-12-01,2014,12,4,겨울,0,0,호남선,615.0,81.0,19.0,0,공실있음,106.0,-6.0,0,22.0,32.0,22.666666666666668,1,0,0,0,0
358,2015-01-01,2015,1,1,겨울,0,0,호남선,548.0,72.0,28.0,0,공실있음,98.0,2.0,0,19.0,28.0,21.0,1,0,0,1,0
362,2015-02-01,2015,2,1,겨울,0,0,호남선,526.0,79.0,21.0,0,공실있음,101.0,-1.0,0,28.0,32.0,23.0,3,1,1,0,0
366,2015-03-01,2015,3,1,봄,0,0,호남선,545.0,71.0,29.0,0,공실있음,96.0,4.0,0,21.0,35.0,22.666666666666668,1,0,0,0,1
370,2015-04-01,2015,4,2,봄,0,0,호남선,726.0,84.0,16.0,0,공실있음,100.0,0.0,0,29.0,30.0,26.0,0,0,0,0,0
375,2015-05-01,2015,5,2,봄,0,0,호남선,844.0,91.0,9.0,0,여유없음,105.0,-5.0,0,16.0,27.0,22.0,2,0,0,0,0
380,2015-06-01,2015,6,2,여름,0,0,호남선,538.0,62.0,38.0,0,공실있음,73.0,27.0,0,9.0,33.0,18.0,1,0,0,0,0
385,2015-07-01,2015,7,3,여름,0,0,호남선,691.0,76.0,24.0,0,공실있음,90.0,10.0,0,38.0,34.0,21.0,0,0,0,0,0
390,2015-08-01,2015,8,3,여름,0,0,호남선,784.0,74.0,26.0,0,공실있음,97.0,3.0,0,24.0,25.0,23.666666666666668,1,0,0,1,0
395,2015-09-01,2015,9,3,가을,0,0,호남선,839.0,78.0,22.0,0,공실있음,96.0,4.0,0,26.0,24.0,29.33333333333333,4,1,0,0,0
400,2015-10-01,2015,10,4,가을,0,0,호남선,885.0,83.0,17.0,0,공실있음,102.0,-2.0,0,22.0,22.0,24.0,2,0,0,0,1
405,2015-11-01,2015,11,4,가을,0,0,호남선,874.0,85.0,15.0,0,공실있음,103.0,-3.0,0,17.0,22.0,21.666666666666668,0,0,0,0,0
410,2015-12-01,2015,12,4,겨울,0,0,호남선,861.0,81.0,19.0,0,공실있음,99.0,1.0,0,15.0,19.0,18.0,1,0,0,0,0
415,2016-01-01,2016,1,1,겨울,0,0,호남선,831.0,78.0,22.0,0,공실있음,94.0,6.0,0,19.0,28.0,17.0,1,0,0,1,0
420,2016-02-01,2016,2,1,겨울,0,0,호남선,826.0,81.0,19.0,0,공실있음,98.0,2.0,0,22.0,21.0,18.666666666666668,4,1,1,0,0
425,2016-03-01,2016,3,1,봄,0,0,호남선,816.0,77.0,23.0,0,공실있음,91.0,9.0,0,19.0,29.0,20.0,1,0,0,0,1
430,2016-04-01,2016,4,2,봄,0,0,호남선,885.0,86.0,14.0,0,공실있음,100.0,0.0,0,23.0,16.0,21.33333333333333,1,0,0,0,0
435,2016-05-01,2016,5,2,봄,0,0,호남선,955.0,87.0,13.0,0,공실있음,102.0,-2.0,0,14.0,9.0,18.666666666666668,3,0,0,0,0
440,2016-06-01,2016,6,2,여름,0,0,호남선,861.0,80.0,20.0,0,공실있음,98.0,2.0,0,13.0,38.0,16.666666666666668,1,0,0,0,0
445,2016-07-01,2016,7,3,여름,0,0,호남선,874.0,79.0,21.0,0,공실있음,96.0,4.0,0,20.0,24.0,15.666666666666666,0,0,0,0,0
450,2016-08-01,2016,8,3,여름,0,0,호남선,882.0,81.0,19.0,0,공실있음,98.0,2.0,0,21.0,26.0,18.0,1,0,0,1,0
455,2016-09-01,2016,9,3,가을,0,0,호남선,944.0,85.0,15.0,0,공실있음,97.0,3.0,0,19.0,22.0,20.0,3,1,1,0,0
460,2016-10-01,2016,10,4,가을,0,0,호남선,1011.0,91.0,9.0,0,여유없음,106.0,-6.0,0,15.0,17.0,18.33333333333333,2,0,0,0,1
465,2016-11-01,2016,11,4,가을,0,0,호남선,979.0,94.0,6.0,0,여유없음,109.0,-9.0,0,9.0,15.0,14.333333333333334,0,0,0,0,0
470,2016-12-01,2016,12,4,겨울,0,1,호남선,759.0,71.0,29.0,0,공실있음,96.0,4.0,0,6.0,19.0,10.0,1,0,0,1,0
475,2017-01-01,2017,1,1,겨울,0,1,호남선,772.0,69.0,31.0,0,공실있음,89.0,11.0,0,29.0,22.0,14.666666666666666,5,1,0,0,0
480,2017-02-01,2017,2,1,겨울,0,1,호남선,676.0,68.0,32.0,0,공실있음,91.0,9.0,0,31.0,19.0,22.0,0,0,0,0,0
485,2017-03-01,2017,3,1,봄,0,1,호남선,714.0,64.0,36.0,0,공실있음,83.0,17.0,0,32.0,23.0,30.666666666666668,1,0,0,0,0
490,2017-04-01,2017,4,2,봄,0,1,호남선,775.0,73.0,27.0,0,공실있음,91.0,9.0,0,36.0,14.0,33.0,0,0,0,0,0
495,2017-05-01,2017,5,2,봄,0,1,호남선,803.0,74.0,26.0,0,공실있음,92.0,8.0,0,27.0,13.0,31.666666666666668,3,0,0,0,0
500,2017-06-01,2017,6,2,여름,0,1,호남선,726.0,68.0,32.0,0,공실있음,86.0,14.0,0,26.0,20.0,29.666666666666668,1,0,0,0,0
505,2017-07-01,2017,7,3,여름,0,1,호남선,713.0,64.0,36.0,0,공실있음,83.0,17.0,0,32.0,21.0,28.33333333333333,0,0,0,0,0
510,2017-08-01,2017,8,3,여름,0,1,호남선,752.0,68.0,32.0,0,공실있음,88.0,12.0,0,36.0,19.0,31.33333333333333,1,0,0,0,0
515,2017-09-01,2017,9,3,가을,0,1,호남선,771.0,73.0,27.0,0,공실있음,88.0,12.0,0,32.0,15.0,33.333333333333336,0,0,0,0,0
520,2017-10-01,2017,10,4,가을,0,1,호남선,862.0,76.0,24.0,0,공실있음,91.0,9.0,0,27.0,9.0,31.666666666666668,7,1,0,0,0
525,2017-11-01,2017,11,4,가을,0,1,호남선,823.0,78.0,22.0,0,공실있음,94.0,6.0,0,24.0,6.0,27.666666666666668,0,0,0,0,0
530,2017-12-01,2017,12,4,겨울,0,1,호남선,841.0,76.0,24.0,0,공실있음,94.0,6.0,0,22.0,29.0,24.33333333333333,1,0,0,0,0
535,2018-01-01,2018,1,1,겨울,0,1,호남선,768.0,68.0,32.0,0,공실있음,86.0,14.0,0,24.0,31.0,23.33333333333333,1,0,0,1,0
540,2018-02-01,2018,2,1,겨울,0,1,호남선,806.0,66.0,34.0,0,공실있음,86.0,14.0,0,32.0,32.0,26.0,3,1,0,0,0
545,2018-03-01,2018,3,1,봄,0,1,호남선,776.0,68.0,32.0,0,공실있음,83.0,17.0,0,34.0,36.0,30.0,1,0,0,0,1
550,2018-04-01,2018,4,2,봄,0,1,호남선,826.0,74.0,26.0,0,공실있음,91.0,9.0,0,32.0,27.0,32.666666666666664,0,0,0,0,0
555,2018-05-01,2018,5,2,봄,0,1,호남선,912.0,77.0,23.0,0,공실있음,94.0,6.0,0,26.0,26.0,30.666666666666668,3,0,0,0,0
560,2018-06-01,2018,6,2,여름,0,1,호남선,821.0,71.0,29.0,0,공실있음,91.0,9.0,0,23.0,32.0,27.0,2,0,0,0,0
565,2018-07-01,2018,7,3,여름,0,1,호남선,795.0,66.0,34.0,0,공실있음,87.0,13.0,0,29.0,36.0,26.0,0,0,0,0,0
570,2018-08-01,2018,8,3,여름,0,1,호남선,811.0,67.0,33.0,0,공실있음,89.0,11.0,0,34.0,32.0,28.666666666666668,1,0,0,1,0
575,2018-09-01,2018,9,3,가을,0,1,호남선,893.0,75.0,25.0,0,공실있음,91.0,9.0,0,33.0,27.0,32.0,4,1,1,0,0
580,2018-10-01,2018,10,4,가을,0,1,호남선,898.0,73.0,27.0,0,공실있음,93.0,7.0,0,25.0,24.0,30.666666666666668,2,0,0,0,1
585,2018-11-01,2018,11,4,가을,0,1,호남선,934.0,79.0,21.0,0,공실있음,98.0,2.0,0,27.0,22.0,28.33333333333333,0,0,0,0,0
590,2018-12-01,2018,12,4,겨울,0,1,호남선,889.0,72.0,28.0,0,공실있음,92.0,8.0,0,21.0,24.0,24.33333333333333,1,0,0,0,0
595,2019-01-01,2019,1,1,겨울,0,1,호남선,805.0,68.0,32.0,0,공실있음,86.0,14.0,0,28.0,32.0,25.33333333333333,1,0,0,1,0
600,2019-02-01,2019,2,1,겨울,0,1,호남선,848.0,79.0,21.0,0,공실있음,96.0,4.0,0,32.0,34.0,27.0,3,1,1,0,0
605,2019-03-01,2019,3,1,봄,0,1,호남선,865.0,74.0,26.0,0,공실있음,90.0,10.0,0,21.0,32.0,27.0,1,0,0,0,1
610,2019-04-01,2019,4,2,봄,0,1,호남선,887.0,79.0,21.0,0,공실있음,95.0,5.0,0,26.0,26.0,26.33333333333333,0,0,0,0,0
615,2019-05-01,2019,5,2,봄,0,1,호남선,955.0,82.0,18.0,0,공실있음,98.0,2.0,0,21.0,23.0,22.666666666666668,3,0,0,0,0
620,2019-06-01,2019,6,2,여름,0,1,호남선,895.0,79.0,21.0,0,공실있음,94.0,6.0,0,18.0,29.0,21.666666666666668,1,0,0,0,0
625,2019-07-01,2019,7,3,여름,0,1,호남선,883.0,76.0,24.0,0,공실있음,93.0,7.0,0,21.0,34.0,20.0,0,0,0,0,0
630,2019-08-01,2019,8,3,여름,0,1,호남선,930.0,79.0,21.0,0,공실있음,96.0,4.0,0,24.0,33.0,21.0,1,0,0,1,0
635,2019-09-01,2019,9,3,가을,0,1,호남선,932.0,82.0,18.0,0,공실있음,95.0,5.0,0,21.0,25.0,22.0,3,1,0,0,0
640,2019-10-01,2019,10,4,가을,0,1,호남선,954.0,84.0,16.0,0,공실있음,98.0,2.0,0,18.0,27.0,21.0,2,0,0,0,1
645,2019-11-01,2019,11,4,가을,0,1,호남선,964.0,92.0,8.0,0,여유없음,107.0,-7.0,0,16.0,21.0,18.33333333333333,0,0,0,0,0
650,2019-12-01,2019,12,4,겨울,0,1,호남선,965.0,84.0,16.0,0,공실있음,101.0,-1.0,0,8.0,28.0,14.0,1,0,0,1,0
655,2020-01-01,2020,1,1,겨울,1,1,호남선,937.0,82.0,18.0,0,공실있음,96.0,4.0,0,16.0,32.0,13.333333333333334,5,1,0,0,0
660,2020-02-01,2020,2,1,겨울,1,1,호남선,537.0,51.0,49.0,0,공실있음,58.0,42.0,0,18.0,21.0,14.0,0,0,0,0,0
665,2020-03-01,2020,3,1,봄,1,1,호남선,357.0,32.0,68.0,0,공실있음,29.0,71.0,0,49.0,26.0,27.666666666666668,1,0,0,0,0
670,2020-04-01,2020,4,2,봄,1,1,호남선,455.0,42.0,58.0,0,공실있음,43.0,57.0,0,68.0,21.0,45.0,2,0,0,0,0
675,2020-05-01,2020,5,2,봄,1,1,호남선,633.0,56.0,44.0,0,공실있음,61.0,39.0,0,58.0,18.0,58.333333333333336,1,0,0,0,0
680,2020-06-01,2020,6,2,여름,1,1,호남선,609.0,56.0,44.0,0,공실있음,63.0,37.0,0,44.0,21.0,56.66666666666666,1,0,0,0,0
685,2020-07-01,2020,7,3,여름,1,1,호남선,607.0,53.0,47.0,0,공실있음,67.0,33.0,0,44.0,24.0,48.66666666666666,0,0,0,0,0
690,2020-08-01,2020,8,3,여름,1,1,호남선,599.0,52.0,48.0,0,공실있음,63.0,37.0,0,47.0,21.0,45.0,2,0,0,1,0
695,2020-09-01,2020,9,3,가을,1,1,호남선,446.0,41.0,59.0,0,공실있음,46.0,54.0,0,48.0,18.0,46.333333333333336,1,1,1,1,0
700,2020-10-01,2020,10,4,가을,1,1,호남선,629.0,56.0,44.0,0,공실있음,63.0,37.0,0,59.0,16.0,51.333333333333336,4,1,0,0,1
705,2020-11-01,2020,11,4,가을,1,1,호남선,645.0,60.0,40.0,0,공실있음,69.0,31.0,0,44.0,8.0,50.333333333333336,0,0,0,0,0
710,2020-12-01,2020,12,4,겨울,1,1,호남선,435.0,39.0,61.0,0,공실있음,44.0,56.0,0,40.0,16.0,47.66666666666666,1,0,0,0,0
715,2021-01-01,2021,1,1,겨울,1,1,호남선,458.0,41.0,59.0,0,공실있음,45.0,55.0,0,61.0,18.0,48.333333333333336,1,0,0,1,0
720,2021-02-01,2021,2,1,겨울,1,1,호남선,498.0,54.0,46.0,0,공실있음,56.0,44.0,0,59.0,49.0,53.333333333333336,3,1,0,0,0
725,2021-03-01,2021,3,1,봄,1,1,호남선,606.0,59.0,41.0,0,공실있음,62.0,38.0,0,46.0,68.0,55.333333333333336,1,0,0,0,1
730,2021-04-01,2021,4,2,봄,1,1,호남선,638.0,62.0,38.0,0,공실있음,65.0,35.0,0,41.0,58.0,48.66666666666666,0,0,0,0,0
735,2021-05-01,2021,5,2,봄,1,1,호남선,701.0,66.0,34.0,0,공실있음,70.0,30.0,0,38.0,44.0,41.66666666666666,2,0,0,0,0
740,2021-06-01,2021,6,2,여름,1,1,호남선,673.0,62.0,38.0,0,공실있음,71.0,29.0,0,34.0,44.0,37.66666666666666,1,0,0,0,0
745,2021-07-01,2021,7,3,여름,1,1,호남선,578.0,52.0,48.0,0,공실있음,59.0,41.0,0,38.0,47.0,36.66666666666666,0,0,0,0,0
750,2021-08-01,2021,8,3,여름,1,1,호남선,586.0,51.0,49.0,0,공실있음,57.0,43.0,0,48.0,48.0,40.0,2,0,0,1,0
755,2021-09-01,2021,9,3,가을,1,1,호남선,611.0,55.0,45.0,0,공실있음,60.0,40.0,0,49.0,59.0,45.0,3,1,1,0,0
760,2021-10-01,2021,10,4,가을,1,1,호남선,756.0,66.0,34.0,0,공실있음,74.0,26.0,0,45.0,44.0,47.333333333333336,4,0,0,0,1
765,2021-11-01,2021,11,4,가을,1,1,호남선,821.0,74.0,26.0,0,공실있음,85.0,15.0,0,34.0,40.0,42.66666666666666,0,0,0,0,0
770,2021-12-01,2021,12,4,겨울,1,1,호남선,743.0,65.0,35.0,0,공실있음,74.0,26.0,0,26.0,61.0,35.0,1,0,0,1,0
775,2022-01-01,2022,1,1,겨울,1,1,호남선,662.0,59.0,41.0,0,공실있음,67.0,33.0,0,35.0,59.0,31.666666666666668,2,1,1,1,0
780,2022-02-01,2022,2,1,겨울,1,1,호남선,553.0,53.0,47.0,0,공실있음,62.0,38.0,0,41.0,46.0,34.0,2,1,0,0,1
785,2022-03-01,2022,3,1,봄,1,1,호남선,605.0,53.0,47.0,0,공실있음,60.0,40.0,0,47.0,41.0,41.0,2,0,0,0,1
790,2022-04-01,2022,4,2,봄,1,1,호남선,785.0,71.0,29.0,0,공실있음,81.0,19.0,0,47.0,38.0,45.0,0,0,0,0,0
795,2022-05-01,2022,5,2,봄,1,1,호남선,988.0,85.0,15.0,0,공실있음,98.0,2.0,0,29.0,34.0,41.0,2,0,0,0,0
800,2022-06-01,2022,6,2,여름,1,1,호남선,926.0,78.0,22.0,0,공실있음,96.0,4.0,0,15.0,38.0,30.33333333333333,2,0,0,0,0
805,2022-07-01,2022,7,3,여름,0,1,호남선,924.0,75.0,25.0,0,공실있음,93.0,7.0,0,22.0,48.0,22.0,0,0,0,0,0
810,2022-08-01,2022,8,3,여름,0,1,호남선,907.0,74.0,26.0,0,공실있음,93.0,7.0,0,25.0,49.0,20.666666666666668,1,0,0,1,0
815,2022-09-01,2022,9,3,가을,0,1,호남선,964.0,82.0,18.0,0,공실있음,97.0,3.0,0,26.0,45.0,24.33333333333333,4,1,0,0,0
820,2022-10-01,2022,10,4,가을,0,1,호남선,1072.0,87.0,13.0,0,공실있음,106.0,-6.0,0,18.0,34.0,23.0,3,0,0,0,1
825,2022-11-01,2022,11,4,가을,0,1,호남선,992.0,85.0,15.0,0,공실있음,104.0,-4.0,0,13.0,26.0,19.0,0,0,0,0,0
830,2022-12-01,2022,12,4,겨울,0,1,호남선,1006.0,82.0,18.0,0,공실있음,102.0,-2.0,0,15.0,35.0,15.333333333333334,1,0,0,1,0
835,2023-01-01,2023,1,1,겨울,0,1,호남선,969.0,79.0,21.0,0,공실있음,97.0,3.0,0,18.0,41.0,15.333333333333334,5,1,0,0,0
840,2023-02-01,2023,2,1,겨울,0,1,호남선,918.0,83.0,17.0,0,공실있음,106.0,-6.0,0,21.0,47.0,18.0,0,0,0,0,0
845,2023-03-01,2023,3,1,봄,0,1,호남선,963.0,79.0,21.0,0,공실있음,98.0,2.0,0,17.0,47.0,18.666666666666668,1,0,0,0,0
850,2023-04-01,2023,4,2,봄,0,1,호남선,1026.0,87.0,13.0,0,공실있음,105.0,-5.0,0,21.0,29.0,19.666666666666668,0,0,0,0,0
855,2023-05-01,2023,5,2,봄,0,1,호남선,1088.0,89.0,11.0,0,공실있음,109.0,-9.0,0,13.0,15.0,17.0,3,0,0,0,0
860,2023-06-01,2023,6,2,여름,0,1,호남선,1006.0,85.0,15.0,0,공실있음,104.0,-4.0,0,11.0,22.0,15.0,1,0,0,0,0
865,2023-07-01,2023,7,3,여름,0,1,호남선,954.0,80.0,20.0,0,공실있음,101.0,-1.0,0,15.0,25.0,13.0,0,0,0,0,0
870,2023-08-01,2023,8,3,여름,0,1,호남선,1003.0,83.0,17.0,0,공실있음,104.0,-4.0,0,20.0,26.0,15.333333333333334,1,0,0,1,0
875,2023-09-01,2023,9,3,가을,0,1,호남선,991.0,90.0,10.0,0,공실있음,105.0,-5.0,0,17.0,18.0,17.333333333333332,3,1,1,0,0
880,2023-10-01,2023,10,4,가을,0,1,호남선,1079.0,92.0,8.0,0,여유없음,109.0,-9.0,0,10.0,13.0,15.666666666666666,3,0,0,0,1
885,2023-11-01,2023,11,4,가을,0,1,호남선,1046.0,93.0,7.0,0,여유없음,110.0,-10.0,0,8.0,15.0,11.666666666666666,0,0,0,0,0
890,2023-12-01,2023,12,4,겨울,0,1,호남선,1060.0,90.0,10.0,0,공실있음,108.0,-8.0,0,7.0,18.0,8.333333333333334,1,0,0,0,0
895,2024-01-01,2024,1,1,겨울,0,1,호남선,958.0,82.0,18.0,0,공실있음,99.0,1.0,0,10.0,21.0,8.333333333333334,1,0,0,1,0
900,2024-02-01,2024,2,1,겨울,0,1,호남선,1013.0,92.0,8.0,0,여유없음,109.0,-9.0,0,18.0,17.0,11.666666666666666,4,1,0,0,0
905,2024-03-01,2024,3,1,봄,0,1,호남선,1014.0,86.0,14.0,0,공실있음,102.0,-2.0,0,8.0,21.0,12.0,1,0,0,0,1
910,2024-04-01,2024,4,2,봄,0,1,호남선,1033.0,91.0,9.0,0,여유없음,108.0,-8.0,0,14.0,13.0,13.333333333333334,1,0,0,0,0
915,2024-05-01,2024,5,2,봄,0,1,호남선,1119.0,94.0,6.0,0,여유없음,112.0,-12.0,0,9.0,11.0,10.333333333333334,3,0,0,0,0
920,2024-06-01,2024,6,2,여름,0,1,호남선,1051.0,91.0,9.0,0,여유없음,107.0,-7.0,0,6.0,15.0,9.666666666666666,1,0,0,0,0
925,2024-07-01,2024,7,3,여름,0,1,호남선,1005.0,85.0,15.0,0,공실있음,102.0,-2.0,0,9.0,20.0,8.0,0,0,0,0,0
930,2024-08-01,2024,8,3,여름,0,1,호남선,1053.0,88.0,12.0,0,공실있음,106.0,-6.0,0,15.0,17.0,10.0,1,0,0,1,0
935,2024-09-01,2024,9,3,가을,0,1,호남선,1073.0,93.0,7.0,0,여유없음,1106.0,-1006.0,0,12.0,10.0,12.0,3,1,1,0,0
940,2024-10-01,2024,10,4,가을,0,1,호남선,1115.0,94.0,6.0,0,여유없음,110.0,-10.0,0,7.0,8.0,11.333333333333334,3,0,0,0,1
945,2024-11-01,2024,11,4,가을,0,1,호남선,1153.0,100.0,0.0,0,여유없음,116.0,-16.0,0,6.0,7.0,8.333333333333334,0,0,0,0,0
950,2024-12-01,2024,12,4,겨울,0,1,호남선,1040.0,93.0,7.0,0,여유없음,112.0,-12.0,0,0.0,10.0,4.333333333333333,1,0,0,0,0
