yearmonth,고속철도 여객수 계,KTX이용률,SRT이용률,경부선 KTX여객수,경부선 KTX이용률,경부선 SRT여객수,경부선 SRT이용률,호남선 KTX여객수,호남선 KTX이용률,호남선 SRT여객수,호남선 SRT이용률,경전선 KTX여객수,경전선  KTX이용률,경전선 SRT 여객수,경전선 SRT 이용률,전라선 KTX여객수,전라선 KTX이용률,전라선 SRT여객수,전라선 SRT이용률,동해선 KTX여객수,동해선 KTX이용률,동해선 SRT여객수,동해선 SRT이용률,KTX_공실률,경부선_KTX_공실률,호남선_KTX_공실률,경전선_KTX_공실률,전라선_KTX_공실률,동해선_KTX_공실률,연도,월,분기,계절,코로나기간,SRT개통후
2004-04-01,2127.0,61.0,,1771.0,70.0,,,356.0,38.0,,,,,,,,,,,,,,,39.0,30.0,62.0,,,,2004,4,2,봄,0,0
2004-05-01,2314.0,65.0,,1945.0,75.0,,,369.0,39.0,,,,,,,,,,,,,,,35.0,25.0,61.0,,,,2004,5,2,봄,0,0
2004-06-01,1968.0,57.0,,1695.0,67.0,,,273.0,30.0,,,,,,,,,,,,,,,43.0,33.0,70.0,,,,2004,6,2,여름,0,0
2004-07-01,2152.0,61.0,,1845.0,72.0,,,307.0,32.0,,,,,,,,,,,,,,,39.0,28.0,68.0,,,,2004,7,3,여름,0,0
2004-08-01,2247.0,65.0,,1893.0,75.0,,,354.0,37.0,,,,,,,,,,,,,,,35.0,25.0,63.0,,,,2004,8,3,여름,0,0
2004-09-01,2255.0,65.0,,1825.0,73.0,,,430.0,45.0,,,,,,,,,,,,,,,35.0,27.0,55.0,,,,2004,9,3,가을,0,0
2004-10-01,2278.0,65.0,,1912.0,76.0,,,366.0,38.0,,,,,,,,,,,,,,,35.0,24.0,62.0,,,,2004,10,4,가을,0,0
2004-11-01,2200.0,66.0,,1838.0,76.0,,,363.0,39.0,,,,,,,,,,,,,,,34.0,24.0,61.0,,,,2004,11,4,가을,0,0
2004-12-01,2340.0,65.0,,1974.0,75.0,,,366.0,37.0,,,,,,,,,,,,,,,35.0,25.0,63.0,,,,2004,12,4,겨울,0,0
2005-01-01,2456.0,65.0,,2068.0,75.0,,,388.0,38.0,,,,,,,,,,,,,,,35.0,25.0,62.0,,,,2005,1,1,겨울,0,0
2005-02-01,2431.0,70.0,,1990.0,79.0,,,442.0,46.0,,,,,,,,,,,,,,,30.0,21.0,54.0,,,,2005,2,1,겨울,0,0
2005-03-01,2347.0,63.0,,1985.0,73.0,,,362.0,35.0,,,,,,,,,,,,,,,37.0,27.0,65.0,,,,2005,3,1,봄,0,0
2005-04-01,2534.0,68.0,,2123.0,78.0,,,412.0,41.0,,,,,,,,,,,,,,,32.0,22.0,59.0,,,,2005,4,2,봄,0,0
2005-05-01,2697.0,70.0,,2247.0,79.0,,,450.0,44.0,,,,,,,,,,,,,,,30.0,21.0,56.0,,,,2005,5,2,봄,0,0
2005-06-01,2540.0,68.0,,2129.0,77.0,,,411.0,42.0,,,,,,,,,,,,,,,32.0,23.0,58.0,,,,2005,6,2,여름,0,0
2005-07-01,2657.0,68.0,,2227.0,77.0,,,430.0,42.0,,,,,,,,,,,,,,,32.0,23.0,58.0,,,,2005,7,3,여름,0,0
2005-08-01,2912.0,74.0,,2415.0,84.0,,,497.0,48.0,,,,,,,,,,,,,,,26.0,16.0,52.0,,,,2005,8,3,여름,0,0
2005-09-01,2705.0,70.0,,2227.0,79.0,,,478.0,47.0,,,,,,,,,,,,,,,30.0,21.0,53.0,,,,2005,9,3,가을,0,0
2005-10-01,2965.0,75.0,,2462.0,84.0,,,503.0,48.0,,,,,,,,,,,,,,,25.0,16.0,52.0,,,,2005,10,4,가을,0,0
2005-11-01,2880.0,74.0,,2390.0,82.0,,,491.0,49.0,,,,,,,,,,,,,,,26.0,18.0,51.0,,,,2005,11,4,가을,0,0
2005-12-01,3244.0,80.0,,2590.0,85.0,,,654.0,63.0,,,,,,,,,,,,,,,20.0,15.0,37.0,,,,2005,12,4,겨울,0,0
2006-01-01,3207.0,77.0,,2617.0,84.0,,,590.0,56.0,,,,,,,,,,,,,,,23.0,16.0,44.0,,,,2006,1,1,겨울,0,0
2006-02-01,2825.0,77.0,,2347.0,86.0,,,479.0,51.0,,,,,,,,,,,,,,,23.0,14.0,49.0,,,,2006,2,1,겨울,0,0
2006-03-01,2658.0,66.0,,2230.0,74.0,,,428.0,42.0,,,,,,,,,,,,,,,34.0,26.0,58.0,,,,2006,3,1,봄,0,0
2006-04-01,3005.0,76.0,,2488.0,84.0,,,517.0,52.0,,,,,,,,,,,,,,,24.0,16.0,48.0,,,,2006,4,2,봄,0,0
2006-05-01,3130.0,77.0,,2587.0,85.0,,,543.0,53.0,,,,,,,,,,,,,,,23.0,15.0,47.0,,,,2006,5,2,봄,0,0
2006-06-01,2840.0,72.0,,2369.0,81.0,,,471.0,47.0,,,,,,,,,,,,,,,28.0,19.0,53.0,,,,2006,6,2,여름,0,0
2006-07-01,2969.0,72.0,,2473.0,80.0,,,496.0,48.0,,,,,,,,,,,,,,,28.0,20.0,52.0,,,,2006,7,3,여름,0,0
2006-08-01,3141.0,77.0,,2600.0,85.0,,,541.0,52.0,,,,,,,,,,,,,,,23.0,15.0,48.0,,,,2006,8,3,여름,0,0
2006-09-01,2810.0,71.0,,2338.0,79.0,,,472.0,47.0,,,,,,,,,,,,,,,29.0,21.0,53.0,,,,2006,9,3,가을,0,0
2006-10-01,3403.0,81.0,,2763.0,88.0,,,640.0,61.0,,,,,,,,,,,,,,,19.0,12.0,39.0,,,,2006,10,4,가을,0,0
2006-11-01,3138.0,78.0,,2606.0,86.0,,,532.0,53.0,,,,,,,,,,,,,,,22.0,14.0,47.0,,,,2006,11,4,가을,0,0
2006-12-01,3362.0,79.0,,2773.0,87.0,,,589.0,57.0,,,,,,,,,,,,,,,21.0,13.0,43.0,,,,2006,12,4,겨울,0,0
2007-01-01,3215.0,77.0,,2667.0,85.0,,,548.0,53.0,,,,,,,,,,,,,,,23.0,15.0,47.0,,,,2007,1,1,겨울,0,0
2007-02-01,3081.0,79.0,,2541.0,87.0,,,540.0,57.0,,,,,,,,,,,,,,,21.0,13.0,43.0,,,,2007,2,1,겨울,0,0
2007-03-01,2970.0,71.0,,2479.0,78.0,,,490.0,47.0,,,,,,,,,,,,,,,29.0,22.0,53.0,,,,2007,3,1,봄,0,0
2007-04-01,3009.0,74.0,,2495.0,82.0,,,514.0,52.0,,,,,,,,,,,,,,,26.0,18.0,48.0,,,,2007,4,2,봄,0,0
2007-05-01,3244.0,78.0,,2691.0,86.0,,,553.0,54.0,,,,,,,,,,,,,,,22.0,14.0,46.0,,,,2007,5,2,봄,0,0
2007-06-01,2971.0,72.0,,2486.0,80.0,,,485.0,49.0,,,,,,,,,,,,,,,28.0,20.0,51.0,,,,2007,6,2,여름,0,0
2007-07-01,2965.0,70.0,,2489.0,78.0,,,476.0,46.0,,,,,,,,,,,,,,,30.0,22.0,54.0,,,,2007,7,3,여름,0,0
2007-08-01,3162.0,75.0,,2635.0,82.0,,,528.0,51.0,,,,,,,,,,,,,,,25.0,18.0,49.0,,,,2007,8,3,여름,0,0
2007-09-01,3019.0,71.0,,2475.0,76.0,,,544.0,54.0,,,,,,,,,,,,,,,29.0,24.0,46.0,,,,2007,9,3,가을,0,0
2007-10-01,3179.0,76.0,,2654.0,84.0,,,525.0,51.0,,,,,,,,,,,,,,,24.0,16.0,49.0,,,,2007,10,4,가을,0,0
2007-11-01,3182.0,78.0,,2637.0,86.0,,,545.0,55.0,,,,,,,,,,,,,,,22.0,14.0,45.0,,,,2007,11,4,가을,0,0
2007-12-01,3285.0,77.0,,2729.0,85.0,,,556.0,54.0,,,,,,,,,,,,,,,23.0,15.0,46.0,,,,2007,12,4,겨울,0,0
2008-01-01,3136.0,72.0,,2616.0,79.0,,,520.0,51.0,,,,,,,,,,,,,,,28.0,21.0,49.0,,,,2008,1,1,겨울,0,0
2008-02-01,3138.0,74.0,,2596.0,80.0,,,542.0,56.0,,,,,,,,,,,,,,,26.0,20.0,44.0,,,,2008,2,1,겨울,0,0
2008-03-01,2995.0,68.0,,2497.0,74.0,,,499.0,48.0,,,,,,,,,,,,,,,32.0,26.0,52.0,,,,2008,3,1,봄,0,0
2008-04-01,3065.0,73.0,,2544.0,79.0,,,521.0,52.0,,,,,,,,,,,,,,,27.0,21.0,48.0,,,,2008,4,2,봄,0,0
2008-05-01,3430.0,78.0,,2826.0,84.0,,,604.0,58.0,,,,,,,,,,,,,,,22.0,16.0,42.0,,,,2008,5,2,봄,0,0
2008-06-01,3015.0,71.0,,2511.0,77.0,,,504.0,50.0,,,,,,,,,,,,,,,29.0,23.0,50.0,,,,2008,6,2,여름,0,0
2008-07-01,2024.0,70.0,,2531.0,77.0,,,493.0,48.0,,,,,,,,,,,,,,,30.0,23.0,52.0,,,,2008,7,3,여름,0,0
2008-08-01,3337.0,75.0,,2755.0,81.0,,,582.0,56.0,,,,,,,,,,,,,,,25.0,19.0,44.0,,,,2008,8,3,여름,0,0
2008-09-01,3153.0,74.0,,2595.0,79.0,,,558.0,55.0,,,,,,,,,,,,,,,26.0,21.0,45.0,,,,2008,9,3,가을,0,0
2008-10-01,3299.0,76.0,,2739.0,82.0,,,560.0,54.0,,,,,,,,,,,,,,,24.0,18.0,46.0,,,,2008,10,4,가을,0,0
2008-11-01,3265.0,76.0,,2700.0,82.0,,,565.0,56.0,,,,,,,,,,,,,,,24.0,18.0,44.0,,,,2008,11,4,가을,0,0
2008-12-01,3158.0,73.0,,2622.0,79.0,,,536.0,52.0,,,,,,,,,,,,,,,27.0,21.0,48.0,,,,2008,12,4,겨울,0,0
2009-01-01,3272.0,72.0,,2669.0,77.0,,,603.0,57.0,,,,,,,,,,,,,,,28.0,23.0,43.0,,,,2009,1,1,겨울,0,0
2009-02-01,2830.0,71.0,,2375.0,78.0,,,456.0,48.0,,,,,,,,,,,,,,,29.0,22.0,52.0,,,,2009,2,1,겨울,0,0
2009-03-01,2948.0,67.0,,2451.0,73.0,,,497.0,48.0,,,,,,,,,,,,,,,33.0,27.0,52.0,,,,2009,3,1,봄,0,0
2009-04-01,3066.0,73.0,,2533.0,79.0,,,533.0,53.0,,,,,,,,,,,,,,,27.0,21.0,47.0,,,,2009,4,2,봄,0,0
2009-05-01,3336.0,74.0,,2749.0,80.0,,,587.0,56.0,,,,,,,,,,,,,,,26.0,20.0,44.0,,,,2009,5,2,봄,0,0
2009-06-01,2930.0,69.0,,2446.0,75.0,,,484.0,48.0,,,,,,,,,,,,,,,31.0,25.0,52.0,,,,2009,6,2,여름,0,0
2009-07-01,2991.0,69.0,,2503.0,75.0,,,487.0,47.0,,,,,,,,,,,,,,,31.0,25.0,53.0,,,,2009,7,3,여름,0,0
2009-08-01,3333.0,75.0,,2760.0,81.0,,,573.0,57.0,,,,,,,,,,,,,,,25.0,19.0,43.0,,,,2009,8,3,여름,0,0
2009-09-01,2852.0,67.0,,2370.0,73.0,,,482.0,48.0,,,,,,,,,,,,,,,33.0,27.0,52.0,,,,2009,9,3,가을,0,0
2009-10-01,3489.0,77.0,,2879.0,83.0,,,610.0,58.0,,,,,,,,,,,,,,,23.0,17.0,42.0,,,,2009,10,4,가을,0,0
2009-11-01,3078.0,72.0,,2574.0,78.0,,,504.0,50.0,,,,,,,,,,,,,,,28.0,22.0,50.0,,,,2009,11,4,가을,0,0
2009-12-01,3268.0,74.0,,2702.0,81.0,,,567.0,55.0,,,,,,,,,,,,,,,26.0,19.0,45.0,,,,2009,12,4,겨울,0,0
2010-01-01,3310.0,74.0,,2725.0,79.0,,,585.0,56.0,,,0.0,0.0,,,,,,,,,,,26.0,21.0,44.0,100.0,,,2010,1,1,겨울,0,0
2010-02-01,3196.0,78.0,,2644.0,84.0,,,552.0,59.0,,,0.0,0.0,,,,,,,,,,,22.0,16.0,41.0,100.0,,,2010,2,1,겨울,0,0
2010-03-01,3095.0,72.0,,2587.0,78.0,,,508.0,51.0,,,0.0,0.0,,,,,,,,,,,28.0,22.0,49.0,100.0,,,2010,3,1,봄,0,0
2010-04-01,3163.0,77.0,,2640.0,82.0,,,523.0,58.0,,,0.0,0.0,,,,,,,,,,,23.0,18.0,42.0,100.0,,,2010,4,2,봄,0,0
2010-05-01,3539.0,82.0,,2943.0,87.0,,,596.0,64.0,,,0.0,0.0,,,,,,,,,,,18.0,13.0,36.0,100.0,,,2010,5,2,봄,0,0
2010-06-01,3041.0,74.0,,2552.0,80.0,,,489.0,54.0,,,0.0,0.0,,,,,,,,,,,26.0,20.0,46.0,100.0,,,2010,6,2,여름,0,0
2010-07-01,3280.0,76.0,,2750.0,81.0,,,530.0,57.0,,,0.0,0.0,,,,,,,,,,,24.0,19.0,43.0,100.0,,,2010,7,3,여름,0,0
2010-08-01,3496.0,82.0,,2907.0,88.0,,,590.0,63.0,,,0.0,0.0,,,,,,,,,,,18.0,12.0,37.0,100.0,,,2010,8,3,여름,0,0
2010-09-01,3310.0,79.0,,2723.0,83.0,,,587.0,65.0,,,0.0,0.0,,,,,,,,,,,21.0,17.0,35.0,100.0,,,2010,9,3,가을,0,0
2010-10-01,3670.0,86.0,,3056.0,92.0,,,614.0,66.0,,,0.0,0.0,,,,,,,,,,,14.0,8.0,34.0,100.0,,,2010,10,4,가을,0,0
2010-11-01,3923.0,93.0,,3321.0,102.0,,,603.0,61.0,,,0.0,0.0,,,,,,,,,,,7.0,-2.0,39.0,100.0,,,2010,11,4,가을,0,0
2010-12-01,4259.0,95.0,,3485.0,102.0,,,655.0,66.0,,,118.0,107.0,,,,,,,,,,,5.0,-2.0,34.0,-7.0,,,2010,12,4,겨울,0,0
2011-01-01,4113.0,89.0,,3277.0,96.0,,,629.0,65.0,,,207.0,101.0,,,,,,,,,,,11.0,4.0,35.0,-1.0,,,2011,1,1,겨울,0,0
2011-02-01,3991.0,94.0,,3184.0,101.0,,,596.0,67.0,,,212.0,104.0,,,,,,,,,,,6.0,-1.0,33.0,-4.0,,,2011,2,1,겨울,0,0
2011-03-01,3842.0,88.0,,3056.0,95.0,,,560.0,60.0,,,225.0,105.0,,,,,,,,,,,12.0,5.0,40.0,-5.0,,,2011,3,1,봄,0,0
2011-04-01,4176.0,94.0,,3254.0,102.0,,,621.0,66.0,,,301.0,108.0,,,,,,,,,,,6.0,-2.0,34.0,-8.0,,,2011,4,2,봄,0,0
2011-05-01,4384.0,97.0,,3379.0,104.0,,,631.0,71.0,,,373.0,95.0,,,,,,,,,,,3.0,-4.0,29.0,5.0,,,2011,5,2,봄,0,0
2011-06-01,4008.0,95.0,,3105.0,104.0,,,570.0,63.0,,,333.0,98.0,,,,,,,,,,,5.0,-4.0,37.0,2.0,,,2011,6,2,여름,0,0
2011-07-01,4110.0,92.0,,3226.0,100.0,,,584.0,61.0,,,300.0,104.0,,,,,,,,,,,8.0,0.0,39.0,-4.0,,,2011,7,3,여름,0,0
2011-08-01,4325.0,99.0,,3391.0,107.0,,,640.0,67.0,,,294.0,109.0,,,,,,,,,,,1.0,-7.0,33.0,-9.0,,,2011,8,3,여름,0,0
2011-09-01,4142.0,95.0,,3199.0,102.0,,,641.0,69.0,,,302.0,108.0,,,,,,,,,,,5.0,-2.0,31.0,-8.0,,,2011,9,3,가을,0,0
2011-10-01,4520.0,103.0,,3421.0,111.0,,,642.0,74.0,,,362.0,109.0,,,95.0,100.0,,,,,,,-3.0,-11.0,26.0,-9.0,0.0,,2011,10,4,가을,0,0
2011-11-01,4324.0,103.0,,3264.0,111.0,,,599.0,73.0,,,354.0,109.0,,,107.0,101.0,,,,,,,-3.0,-11.0,27.0,-9.0,-1.0,,2011,11,4,가을,0,0
2011-12-01,4373.0,100.0,,3303.0,107.0,,,599.0,70.0,,,363.0,107.0,,,108.0,99.0,,,,,,,0.0,-7.0,30.0,-7.0,1.0,,2011,12,4,겨울,0,0
2012-01-01,4309.0,95.0,,3236.0,101.0,,,609.0,70.0,,,351.0,102.0,,,113.0,101.0,,,,,,,5.0,-1.0,30.0,-2.0,-1.0,,2012,1,1,겨울,0,0
2012-02-01,4082.0,99.0,,3115.0,107.0,,,527.0,66.0,,,337.0,106.0,,,102.0,101.0,,,,,,,1.0,-7.0,34.0,-6.0,-1.0,,2012,2,1,겨울,0,0
2012-03-01,4153.0,92.0,,3162.0,99.0,,,544.0,63.0,,,341.0,100.0,,,105.0,97.0,,,,,,,8.0,1.0,37.0,0.0,3.0,,2012,3,1,봄,0,0
2012-04-01,4251.0,98.0,,3222.0,104.0,,,568.0,68.0,,,351.0,106.0,,,111.0,106.0,,,,,,,2.0,-4.0,32.0,-6.0,-6.0,,2012,4,2,봄,0,0
2012-05-01,4544.0,101.0,,3370.0,108.0,,,624.0,73.0,,,362.0,107.0,,,188.0,97.0,,,,,,,-1.0,-8.0,27.0,-7.0,3.0,,2012,5,2,봄,0,0
2012-06-01,4287.0,96.0,,3190.0,103.0,,,542.0,65.0,,,345.0,104.0,,,209.0,95.0,,,,,,,4.0,-3.0,35.0,-4.0,5.0,,2012,6,2,여름,0,0
2012-07-01,4336.0,91.0,,3210.0,97.0,,,533.0,62.0,,,338.0,99.0,,,255.0,95.0,,,,,,,9.0,3.0,38.0,1.0,5.0,,2012,7,3,여름,0,0
2012-08-01,4400.0,91.0,,3326.0,96.0,,,556.0,65.0,,,330.0,97.0,,,188.0,103.0,,,,,,,9.0,4.0,35.0,3.0,-3.0,,2012,8,3,여름,0,0
2012-09-01,4233.0,92.0,,3211.0,97.0,,,571.0,68.0,,,336.0,101.0,,,115.0,99.0,,,,,,,8.0,3.0,32.0,-1.0,1.0,,2012,9,3,가을,0,0
2012-10-01,4697.0,98.0,,3564.0,104.0,,,635.0,72.0,,,369.0,106.0,,,129.0,107.0,,,,,,,2.0,-4.0,28.0,-6.0,-7.0,,2012,10,4,가을,0,0
2012-11-01,4628.0,96.0,,3566.0,101.0,,,603.0,72.0,,,337.0,99.0,,,122.0,95.0,,,,,,,4.0,-1.0,28.0,1.0,5.0,,2012,11,4,가을,0,0
2012-12-01,4881.0,96.0,,3723.0,100.0,,,653.0,74.0,,,369.0,103.0,,,135.0,102.0,,,,,,,4.0,0.0,26.0,-3.0,-2.0,,2012,12,4,겨울,0,0
2013-01-01,4406.0,88.0,,3389.0,93.0,,,555.0,64.0,,,332.0,95.0,,,129.0,94.0,,,,,,,12.0,7.0,36.0,5.0,6.0,,2013,1,1,겨울,0,0
2013-02-01,4395.0,94.0,,3357.0,99.0,,,576.0,72.0,,,331.0,101.0,,,130.0,100.0,,,,,,,6.0,1.0,28.0,-1.0,0.0,,2013,2,1,겨울,0,0
2013-03-01,4423.0,87.0,,3401.0,91.0,,,560.0,64.0,,,340.0,94.0,,,122.0,91.0,,,,,,,13.0,9.0,36.0,6.0,9.0,,2013,3,1,봄,0,0
2013-04-01,4442.0,91.0,,3398.0,95.0,,,562.0,69.0,,,342.0,99.0,,,140.0,91.0,,,,,,,9.0,5.0,31.0,1.0,9.0,,2013,4,2,봄,0,0
2013-05-01,4855.0,95.0,,3693.0,98.0,,,609.0,76.0,,,366.0,101.0,,,188.0,93.0,,,,,,,5.0,2.0,24.0,-1.0,7.0,,2013,5,2,봄,0,0
2013-06-01,4396.0,89.0,,3379.0,93.0,,,526.0,68.0,,,321.0,92.0,,,170.0,87.0,,,,,,,11.0,7.0,32.0,8.0,13.0,,2013,6,2,여름,0,0
2013-07-01,4367.0,87.0,,3376.0,91.0,,,507.0,64.0,,,319.0,90.0,,,165.0,82.0,,,,,,,13.0,9.0,36.0,10.0,18.0,,2013,7,3,여름,0,0
2013-08-01,4613.0,90.0,,3535.0,94.0,,,564.0,70.0,,,325.0,90.0,,,189.0,93.0,,,,,,,10.0,6.0,30.0,10.0,7.0,,2013,8,3,여름,0,0
2013-09-01,4682.0,93.0,,3538.0,96.0,,,607.0,77.0,,,353.0,98.0,,,183.0,93.0,,,,,,,7.0,4.0,23.0,2.0,7.0,,2013,9,3,가을,0,0
2013-10-01,4792.0,95.0,,3671.0,99.0,,,581.0,72.0,,,349.0,99.0,,,190.0,94.0,,,,,,,5.0,1.0,28.0,1.0,6.0,,2013,10,4,가을,0,0
2013-11-01,4867.0,98.0,,3733.0,103.0,,,594.0,76.0,,,359.0,103.0,,,180.0,92.0,,,,,,,2.0,-3.0,24.0,-3.0,8.0,,2013,11,4,가을,0,0
2013-12-01,4592.0,91.0,,3533.0,96.0,,,541.0,68.0,,,351.0,97.0,,,168.0,83.0,,,,,,,9.0,4.0,32.0,3.0,17.0,,2013,12,4,겨울,0,0
2014-01-01,4465.0,96.0,,3422.0,101.0,,,536.0,72.0,,,337.0,100.0,,,171.0,98.0,,,,,,,4.0,-1.0,28.0,0.0,2.0,,2014,1,1,겨울,0,0
2014-02-01,4326.0,94.0,,3450.0,100.0,,,490.0,68.0,,,324.0,100.0,,,162.0,89.0,,,,,,,6.0,0.0,32.0,0.0,11.0,,2014,2,1,겨울,0,0
2014-03-01,4478.0,88.0,,3456.0,93.0,,,523.0,65.0,,,334.0,92.0,,,166.0,82.0,,,,,,,12.0,7.0,35.0,8.0,18.0,,2014,3,1,봄,0,0
2014-04-01,4589.0,94.0,,3529.0,99.0,,,542.0,70.0,,,349.0,102.0,,,169.0,87.0,,,,,,,6.0,1.0,30.0,-2.0,13.0,,2014,4,2,봄,0,0
2014-05-01,4959.0,97.0,,3822.0,102.0,,,587.0,73.0,,,364.0,100.0,,,186.0,92.0,,,,,,,3.0,-2.0,27.0,0.0,8.0,,2014,5,2,봄,0,0
2014-06-01,4951.0,93.0,,3551.0,99.0,,,522.0,67.0,,,342.0,97.0,,,176.0,91.0,,,,,,,7.0,1.0,33.0,3.0,9.0,,2014,6,2,여름,0,0
2014-07-01,4568.0,95.0,,3525.0,101.0,,,501.0,66.0,,,363.0,94.0,,,179.0,90.0,,,,,,,5.0,-1.0,34.0,6.0,10.0,,2014,7,3,여름,0,0
2014-08-01,4995.0,102.0,,3809.0,108.0,,,576.0,75.0,,,397.0,101.0,,,214.0,108.0,,,,,,,-2.0,-8.0,25.0,-1.0,-8.0,,2014,8,3,여름,0,0
2014-09-01,4753.0,99.0,,3600.0,104.0,,,566.0,76.0,,,389.0,100.0,,,198.0,97.0,,,,,,,1.0,-4.0,24.0,0.0,3.0,,2014,9,3,가을,0,0
2014-10-01,5119.0,105.0,,3904.0,111.0,,,592.0,78.0,,,416.0,107.0,,,207.0,104.0,,,,,,,-5.0,-11.0,22.0,-7.0,-4.0,,2014,10,4,가을,0,0
2014-11-01,4916.0,104.0,,3747.0,109.0,,,576.0,78.0,,,397.0,104.0,,,196.0,102.0,,,,,,,-4.0,-9.0,22.0,-4.0,-2.0,,2014,11,4,가을,0,0
2014-12-01,5156.0,106.0,,3907.0,111.0,,,615.0,81.0,,,413.0,107.0,,,220.0,104.0,,,,,,,-6.0,-11.0,19.0,-7.0,-4.0,,2014,12,4,겨울,0,0
2015-01-01,4804.0,98.0,,3667.0,104.0,,,548.0,72.0,,,383.0,98.0,,,206.0,100.0,,,,,,,2.0,-4.0,28.0,2.0,0.0,,2015,1,1,겨울,0,0
2015-02-01,4400.0,101.0,,3323.0,106.0,,,526.0,79.0,,,360.0,103.0,,,190.0,106.0,,,,,,,-1.0,-6.0,21.0,-3.0,-6.0,,2015,2,1,겨울,0,0
2015-03-01,4675.0,96.0,,3565.0,102.0,,,545.0,71.0,,,378.0,97.0,,,187.0,94.0,,,,,,,4.0,-2.0,29.0,3.0,6.0,,2015,3,1,봄,0,0
2015-04-01,5117.0,100.0,,3524.0,104.0,,,726.0,84.0,,,384.0,114.0,,,258.0,81.0,,,224.0,101.0,,,0.0,-4.0,16.0,-14.0,19.0,-1.0,2015,4,2,봄,0,0
2015-05-01,5740.0,105.0,,3894.0,108.0,,,844.0,91.0,,,418.0,118.0,,,318.0,95.0,,,265.0,108.0,,,-5.0,-8.0,9.0,-18.0,5.0,-8.0,2015,5,2,봄,0,0
2015-06-01,3738.0,73.0,,2554.0,75.0,,,538.0,62.0,,,288.0,87.0,,,190.0,59.0,,,168.0,76.0,,,27.0,25.0,38.0,13.0,41.0,24.0,2015,6,2,여름,0,0
2015-07-01,4806.0,90.0,,3266.0,93.0,,,691.0,76.0,,,360.0,104.0,,,264.0,79.0,,,224.0,97.0,,,10.0,7.0,24.0,-4.0,21.0,3.0,2015,7,3,여름,0,0
2015-08-01,5341.0,97.0,,3554.0,105.0,,,784.0,74.0,,,395.0,106.0,,,308.0,90.0,,,301.0,92.0,,,3.0,-5.0,26.0,-6.0,10.0,8.0,2015,8,3,여름,0,0
2015-09-01,5202.0,96.0,,3386.0,101.0,,,839.0,78.0,,,397.0,109.0,,,287.0,85.0,,,293.0,90.0,,,4.0,-1.0,22.0,-9.0,15.0,10.0,2015,9,3,가을,0,0
2015-10-01,5633.0,102.0,,3700.0,108.0,,,885.0,83.0,,,420.0,113.0,,,319.0,93.0,,,309.0,94.0,,,-2.0,-8.0,17.0,-13.0,7.0,6.0,2015,10,4,가을,0,0
2015-11-01,5511.0,103.0,,3609.0,109.0,,,874.0,85.0,,,417.0,116.0,,,306.0,92.0,,,305.0,96.0,,,-3.0,-9.0,15.0,-16.0,8.0,4.0,2015,11,4,가을,0,0
2015-12-01,5438.0,99.0,,3556.0,105.0,,,861.0,81.0,,,406.0,111.0,,,308.0,90.0,,,307.0,93.0,,,1.0,-5.0,19.0,-11.0,10.0,7.0,2015,12,4,겨울,0,0
2016-01-01,5216.0,94.0,,3398.0,99.0,,,831.0,78.0,,,386.0,103.0,,,308.0,90.0,,,293.0,89.0,,,6.0,1.0,22.0,-3.0,10.0,11.0,2016,1,1,겨울,0,0
2016-02-01,5184.0,98.0,,3363.0,103.0,,,826.0,81.0,,,391.0,107.0,,,304.0,94.0,,,300.0,94.0,,,2.0,-3.0,19.0,-7.0,6.0,6.0,2016,2,1,겨울,0,0
2016-03-01,5011.0,91.0,,3246.0,96.0,,,816.0,77.0,,,385.0,104.0,,,285.0,84.0,,,278.0,83.0,,,9.0,4.0,23.0,-4.0,16.0,17.0,2016,3,1,봄,0,0
2016-04-01,5357.0,100.0,,3438.0,104.0,,,885.0,86.0,,,422.0,115.0,,,311.0,93.0,,,299.0,92.0,,,0.0,-4.0,14.0,-15.0,7.0,8.0,2016,4,2,봄,0,0
2016-05-01,5692.0,102.0,,3638.0,106.0,,,955.0,87.0,,,431.0,115.0,,,341.0,98.0,,,327.0,96.0,,,-2.0,-6.0,13.0,-15.0,2.0,4.0,2016,5,2,봄,0,0
2016-06-01,5270.0,98.0,,3421.0,104.0,,,861.0,80.0,,,399.0,111.0,,,302.0,92.0,,,287.0,89.0,,,2.0,-4.0,20.0,-11.0,8.0,11.0,2016,6,2,여름,0,0
2016-07-01,5417.0,96.0,,3514.0,102.0,,,874.0,79.0,,,408.0,107.0,,,318.0,93.0,,,303.0,91.0,,,4.0,-2.0,21.0,-7.0,7.0,9.0,2016,7,3,여름,0,0
2016-08-01,5424.0,98.0,,3498.0,103.0,,,882.0,81.0,,,397.0,109.0,,,333.0,99.0,,,314.0,95.0,,,2.0,-3.0,19.0,-9.0,1.0,5.0,2016,8,3,여름,0,0
2016-09-01,5399.0,97.0,,3400.0,101.0,,,944.0,85.0,,,419.0,108.0,,,324.0,95.0,,,312.0,92.0,,,3.0,-1.0,15.0,-8.0,5.0,8.0,2016,9,3,가을,0,0
2016-10-01,5911.0,106.0,,3770.0,111.0,,,1011.0,91.0,,,444.0,119.0,,,360.0,105.0,,,326.0,97.0,,,-6.0,-11.0,9.0,-19.0,-5.0,3.0,2016,10,4,가을,0,0
2016-11-01,5656.0,109.0,,3615.0,114.0,,,979.0,94.0,,,418.0,124.0,,,329.0,104.0,,,315.0,100.0,,,-9.0,-14.0,6.0,-24.0,-4.0,0.0,2016,11,4,가을,0,0
2016-12-01,6072.0,96.0,77.0,2965.0,103.0,781.0,85.0,759.0,71.0,226.0,59.0,482.0,102.0,,,427.0,98.0,,,432.0,116.0,,,4.0,-3.0,29.0,-2.0,2.0,-16.0,2016,12,4,겨울,0,1
2017-01-01,6453.0,89.0,84.0,2746.0,92.0,1136.0,91.0,772.0,69.0,337.0,65.0,496.0,94.0,,,451.0,84.0,,,515.0,123.0,,,11.0,8.0,31.0,6.0,16.0,-23.0,2017,1,1,겨울,0,1
2017-02-01,5879.0,91.0,84.0,2483.0,95.0,1074.0,91.0,676.0,68.0,306.0,66.0,441.0,96.0,,,411.0,87.0,,,488.0,129.0,,,9.0,5.0,32.0,4.0,13.0,-29.0,2017,2,1,겨울,0,1
2017-03-01,6100.0,83.0,84.0,2543.0,83.0,1113.0,92.0,714.0,64.0,338.0,66.0,433.0,87.0,,,422.0,79.0,,,537.0,129.0,,,17.0,17.0,36.0,13.0,21.0,-29.0,2017,3,1,봄,0,1
2017-04-01,6543.0,91.0,91.0,2722.0,91.0,1174.0,98.0,775.0,73.0,363.0,73.0,475.0,98.0,,,476.0,89.0,,,558.0,124.0,,,9.0,9.0,27.0,2.0,11.0,-24.0,2017,4,2,봄,0,1
2017-05-01,6845.0,92.0,92.0,2834.0,92.0,1243.0,99.0,803.0,74.0,387.0,75.0,485.0,95.0,,,513.0,93.0,,,580.0,124.0,,,8.0,8.0,26.0,5.0,7.0,-24.0,2017,5,2,봄,0,1
2017-06-01,6314.0,86.0,94.0,2602.0,87.0,1189.0,103.0,726.0,68.0,367.0,73.0,438.0,90.0,,,445.0,83.0,,,547.0,121.0,,,14.0,13.0,32.0,10.0,17.0,-21.0,2017,6,2,여름,0,1
2017-07-01,6439.0,83.0,99.0,2601.0,84.0,1306.0,108.0,713.0,64.0,413.0,80.0,433.0,86.0,,,443.0,80.0,,,530.0,113.0,,,17.0,16.0,36.0,14.0,20.0,-13.0,2017,7,3,여름,0,1
2017-08-01,6657.0,88.0,98.0,2747.0,90.0,1275.0,107.0,752.0,68.0,404.0,78.0,435.0,90.0,,,494.0,89.0,,,550.0,118.0,,,12.0,10.0,32.0,10.0,11.0,-18.0,2017,8,3,여름,0,1
2017-09-01,6539.0,88.0,101.0,2611.0,88.0,1250.0,110.0,771.0,73.0,407.0,81.0,450.0,94.0,,,477.0,84.0,,,573.0,126.0,,,12.0,12.0,27.0,6.0,16.0,-26.0,2017,9,3,가을,0,1
2017-10-01,7155.0,91.0,103.0,2878.0,91.0,1342.0,110.0,862.0,76.0,436.0,84.0,500.0,99.0,,,567.0,95.0,,,570.0,120.0,,,9.0,9.0,24.0,1.0,5.0,-20.0,2017,10,4,가을,0,1
2017-11-01,6919.0,94.0,107.0,2755.0,93.0,1307.0,117.0,823.0,78.0,433.0,86.0,477.0,102.0,,,520.0,92.0,,,604.0,132.0,,,6.0,7.0,22.0,-2.0,8.0,-32.0,2017,11,4,가을,0,1
2017-12-01,7271.0,94.0,108.0,2903.0,94.0,1387.0,116.0,841.0,76.0,470.0,91.0,508.0,101.0,,,547.0,95.0,,,615.0,134.0,,,6.0,6.0,24.0,-1.0,5.0,-34.0,2017,12,4,겨울,0,1
2018-01-01,6657.0,86.0,104.0,2626.0,87.0,1304.0,113.0,768.0,68.0,440.0,85.0,467.0,91.0,,,490.0,87.0,,,562.0,131.0,,,14.0,13.0,32.0,9.0,13.0,-31.0,2018,1,1,겨울,0,1
2018-02-01,6548.0,86.0,108.0,2607.0,93.0,1241.0,115.0,806.0,66.0,423.0,90.0,466.0,100.0,,,483.0,94.0,,,522.0,134.0,,,14.0,7.0,34.0,0.0,6.0,-34.0,2018,2,1,겨울,0,1
2018-03-01,6625.0,83.0,104.0,2567.0,85.0,1318.0,112.0,776.0,68.0,441.0,85.0,473.0,92.0,,,492.0,87.0,,,588.0,141.0,,,17.0,15.0,32.0,8.0,13.0,-41.0,2018,3,1,봄,0,1
2018-04-01,6900.0,91.0,105.0,2693.0,92.0,1336.0,111.0,826.0,74.0,452.0,90.0,505.0,102.0,,,515.0,94.0,,,573.0,149.0,,,9.0,8.0,26.0,-2.0,6.0,-49.0,2018,4,2,봄,0,1
2018-05-01,7404.0,94.0,106.0,2891.0,95.0,1404.0,112.0,912.0,77.0,480.0,92.0,527.0,102.0,,,579.0,102.0,,,611.0,155.0,,,6.0,5.0,23.0,-2.0,-2.0,-55.0,2018,5,2,봄,0,1
2018-06-01,6829.0,91.0,110.0,2664.0,91.0,1347.0,118.0,821.0,71.0,452.0,90.0,477.0,96.0,,,514.0,93.0,,,554.0,145.0,,,9.0,9.0,29.0,4.0,7.0,-45.0,2018,6,2,여름,0,1
2018-07-01,6822.0,87.0,109.0,2647.0,87.0,1366.0,117.0,795.0,66.0,466.0,90.0,486.0,95.0,,,509.0,91.0,,,553.0,140.0,,,13.0,13.0,34.0,5.0,9.0,-40.0,2018,7,3,여름,0,1
2018-08-01,6990.0,89.0,111.0,2734.0,89.0,1384.0,119.0,811.0,67.0,475.0,92.0,487.0,95.0,,,539.0,96.0,,,560.0,142.0,,,11.0,11.0,33.0,5.0,4.0,-42.0,2018,8,3,여름,0,1
2018-09-01,7133.0,91.0,110.0,2777.0,88.0,1364.0,116.0,893.0,75.0,478.0,95.0,505.0,101.0,,,544.0,96.0,,,572.0,137.0,,,9.0,12.0,25.0,-1.0,4.0,-37.0,2018,9,3,가을,0,1
2018-10-01,7442.0,93.0,116.0,2917.0,92.0,1419.0,124.0,898.0,73.0,502.0,97.0,519.0,101.0,,,570.0,100.0,,,617.0,143.0,,,7.0,8.0,27.0,-1.0,0.0,-43.0,2018,10,4,가을,0,1
2018-11-01,7566.0,98.0,119.0,2964.0,96.0,1417.0,127.0,934.0,79.0,506.0,101.0,531.0,107.0,,,567.0,102.0,,,647.0,155.0,,,2.0,4.0,21.0,-7.0,-2.0,-55.0,2018,11,4,가을,0,1
2018-12-01,7461.0,92.0,116.0,2927.0,91.0,1441.0,123.0,889.0,72.0,509.0,98.0,518.0,101.0,,,563.0,98.0,,,613.0,142.0,,,8.0,9.0,28.0,-1.0,2.0,-42.0,2018,12,4,겨울,0,1
2019-01-01,6929.0,86.0,113.0,2822.0,89.0,1366.0,121.0,805.0,68.0,488.0,95.0,499.0,97.0,,,533.0,93.0,,,416.0,95.0,,,14.0,11.0,32.0,3.0,7.0,5.0,2019,1,1,겨울,0,1
2019-02-01,6942.0,96.0,116.0,2857.0,98.0,1297.0,123.0,848.0,79.0,461.0,100.0,506.0,107.0,,,550.0,104.0,,,423.0,107.0,,,4.0,2.0,21.0,-7.0,-4.0,-7.0,2019,2,1,겨울,0,1
2019-03-01,7188.0,90.0,113.0,2906.0,91.0,1403.0,121.0,865.0,74.0,493.0,96.0,535.0,103.0,,,561.0,97.0,,,425.0,97.0,,,10.0,9.0,26.0,-3.0,3.0,3.0,2019,3,1,봄,0,1
2019-04-01,7247.0,95.0,117.0,2951.0,97.0,1372.0,125.0,887.0,79.0,497.0,101.0,543.0,109.0,,,568.0,102.0,,,429.0,102.0,,,5.0,3.0,21.0,-9.0,-2.0,-2.0,2019,4,2,봄,0,1
2019-05-01,7733.0,98.0,119.0,3148.0,99.0,1446.0,127.0,955.0,82.0,526.0,103.0,570.0,110.0,,,623.0,108.0,,,465.0,107.0,,,2.0,1.0,18.0,-10.0,-8.0,-7.0,2019,5,2,봄,0,1
2019-06-01,7294.0,94.0,118.0,2943.0,95.0,1396.0,125.0,895.0,79.0,503.0,102.0,531.0,106.0,,,576.0,102.0,,,450.0,106.0,,,6.0,5.0,21.0,-6.0,-2.0,-6.0,2019,6,2,여름,0,1
2019-07-01,7290.0,93.0,117.0,2929.0,93.0,1410.0,126.0,883.0,76.0,515.0,101.0,536.0,104.0,,,564.0,99.0,,,453.0,116.0,,,7.0,7.0,24.0,-4.0,1.0,-16.0,2019,7,3,여름,0,1
2019-08-01,7656.0,96.0,119.0,3088.0,97.0,1446.0,127.0,930.0,79.0,525.0,103.0,554.0,107.0,,,618.0,107.0,,,495.0,114.0,,,4.0,3.0,21.0,-7.0,-7.0,-14.0,2019,8,3,여름,0,1
2019-09-01,7379.0,95.0,117.0,2931.0,94.0,1393.0,124.0,932.0,82.0,520.0,105.0,558.0,109.0,,,575.0,102.0,,,470.0,109.0,,,5.0,6.0,18.0,-9.0,-2.0,-9.0,2019,9,3,가을,0,1
2019-10-01,7819.0,98.0,125.0,3095.0,98.0,1504.0,133.0,954.0,84.0,563.0,110.0,584.0,109.0,,,622.0,107.0,,,497.0,110.0,,,2.0,2.0,16.0,-9.0,-7.0,-10.0,2019,10,4,가을,0,1
2019-11-01,7873.0,107.0,129.0,3106.0,107.0,1529.0,136.0,964.0,92.0,567.0,114.0,588.0,120.0,,,607.0,114.0,,,512.0,121.0,,,-7.0,-7.0,8.0,-20.0,-14.0,-21.0,2019,11,4,가을,0,1
2019-12-01,8070.0,101.0,126.0,3228.0,101.0,1532.0,134.0,965.0,84.0,571.0,111.0,612.0,114.0,,,631.0,109.0,,,531.0,118.0,,,-1.0,-1.0,16.0,-14.0,-9.0,-18.0,2019,12,4,겨울,0,1
2020-01-01,7676.0,96.0,118.0,3055.0,95.0,1449.0,125.0,937.0,82.0,540.0,105.0,589.0,108.0,,,612.0,105.0,,,494.0,111.0,,,4.0,5.0,18.0,-8.0,-5.0,-11.0,2020,1,1,겨울,1,1
2020-02-01,4467.0,58.0,85.0,1656.0,56.0,944.0,89.0,537.0,51.0,365.0,76.0,373.0,65.0,,,330.0,69.0,,,262.0,64.0,,,42.0,44.0,49.0,35.0,31.0,36.0,2020,2,1,겨울,1,1
2020-03-01,2402.0,29.0,47.0,802.0,26.0,476.0,46.0,357.0,32.0,252.0,49.0,167.0,31.0,,,224.0,39.0,,,124.0,29.0,,,71.0,74.0,68.0,69.0,61.0,71.0,2020,3,1,봄,1,1
2020-04-01,3411.0,43.0,69.0,1169.0,40.0,739.0,71.0,455.0,42.0,314.0,64.0,247.0,48.0,,,292.0,54.0,,,196.0,47.0,,,57.0,60.0,58.0,52.0,46.0,53.0,2020,4,2,봄,1,1
2020-05-01,4955.0,61.0,91.0,1737.0,57.0,1067.0,95.0,633.0,56.0,426.0,83.0,374.0,70.0,,,422.0,74.0,,,297.0,69.0,,,39.0,43.0,44.0,30.0,26.0,31.0,2020,5,2,봄,1,1
2020-06-01,5001.0,63.0,95.0,1806.0,60.0,1083.0,101.0,609.0,56.0,417.0,84.0,374.0,73.0,,,403.0,73.0,,,309.0,73.0,,,37.0,40.0,44.0,27.0,27.0,27.0,2020,6,2,여름,1,1
2020-07-01,5557.0,67.0,100.0,2095.0,67.0,1214.0,109.0,607.0,53.0,420.0,81.0,424.0,79.0,,,444.0,77.0,,,353.0,81.0,,,33.0,33.0,47.0,21.0,23.0,19.0,2020,7,3,여름,1,1
2020-08-01,5186.0,63.0,92.0,1948.0,61.0,1096.0,99.0,599.0,52.0,403.0,78.0,382.0,71.0,,,424.0,73.0,,,334.0,76.0,,,37.0,39.0,48.0,29.0,27.0,24.0,2020,8,3,여름,1,1
2020-09-01,3812.0,46.0,74.0,1370.0,45.0,846.0,79.0,446.0,41.0,317.0,64.0,289.0,55.0,,,306.0,52.0,,,238.0,56.0,,,54.0,55.0,59.0,45.0,48.0,44.0,2020,9,3,가을,1,1
2020-10-01,5241.0,63.0,96.0,1909.0,60.0,1107.0,102.0,629.0,56.0,430.0,84.0,404.0,74.0,,,439.0,72.0,,,323.0,73.0,,,37.0,40.0,44.0,26.0,28.0,27.0,2020,10,4,가을,1,1
2020-11-01,5487.0,69.0,103.0,2039.0,67.0,1152.0,111.0,645.0,60.0,441.0,89.0,415.0,80.0,,,450.0,77.0,,,345.0,81.0,,,31.0,33.0,40.0,20.0,23.0,19.0,2020,11,4,가을,1,1
2020-12-01,3567.0,44.0,66.0,1303.0,42.0,737.0,69.0,435.0,39.0,299.0,58.0,274.0,51.0,,,286.0,48.0,,,233.0,53.0,,,56.0,58.0,61.0,49.0,52.0,47.0,2020,12,4,겨울,1,1
2021-01-01,3689.0,45.0,61.0,1372.0,43.0,736.0,64.0,458.0,41.0,310.0,56.0,281.0,52.0,,,294.0,48.0,,,238.0,54.0,,,55.0,57.0,59.0,48.0,52.0,46.0,2021,1,1,겨울,1,1
2021-02-01,4213.0,56.0,80.0,1557.0,54.0,883.0,85.0,498.0,54.0,345.0,70.0,315.0,64.0,,,343.0,62.0,,,272.0,69.0,,,44.0,46.0,46.0,36.0,38.0,31.0,2021,2,1,겨울,1,1
2021-03-01,5206.0,62.0,97.0,1846.0,59.0,1165.0,103.0,606.0,59.0,458.0,84.0,387.0,73.0,,,422.0,70.0,,,322.0,73.0,,,38.0,41.0,41.0,27.0,30.0,27.0,2021,3,1,봄,1,1
2021-04-01,5370.0,65.0,101.0,1893.0,62.0,1189.0,107.0,638.0,62.0,473.0,89.0,402.0,77.0,,,440.0,75.0,,,335.0,79.0,,,35.0,38.0,38.0,23.0,25.0,21.0,2021,4,2,봄,1,1
2021-05-01,5910.0,70.0,106.0,2102.0,66.0,1292.0,112.0,701.0,66.0,508.0,94.0,437.0,81.0,,,495.0,82.0,,,375.0,85.0,,,30.0,34.0,34.0,19.0,18.0,15.0,2021,5,2,봄,1,1
2021-06-01,5729.0,71.0,108.0,2060.0,68.0,1249.0,116.0,673.0,62.0,495.0,94.0,422.0,82.0,,,473.0,81.0,,,357.0,84.0,,,29.0,32.0,38.0,18.0,19.0,16.0,2021,6,2,여름,1,1
2021-07-01,5071.0,59.0,96.0,1770.0,56.0,1158.0,102.0,578.0,52.0,446.0,82.0,366.0,68.0,,,424.0,70.0,,,329.0,73.0,,,41.0,44.0,48.0,32.0,30.0,27.0,2021,7,3,여름,1,1
2021-08-01,5024.0,57.0,96.0,1695.0,53.0,1132.0,102.0,586.0,51.0,452.0,84.0,379.0,65.0,,,447.0,68.0,,,333.0,68.0,,,43.0,47.0,49.0,35.0,32.0,32.0,2021,8,3,여름,1,1
2021-09-01,5130.0,60.0,94.0,1799.0,58.0,1107.0,100.0,611.0,55.0,438.0,84.0,405.0,71.0,,,435.0,67.0,,,335.0,70.0,,,40.0,42.0,45.0,29.0,33.0,30.0,2021,9,3,가을,1,1
2021-10-01,6427.0,74.0,114.0,2292.0,71.0,1365.0,121.0,756.0,66.0,537.0,100.0,507.0,86.0,,,554.0,84.0,,,416.0,85.0,,,26.0,29.0,34.0,14.0,16.0,15.0,2021,10,4,가을,1,1
2021-11-01,6866.0,85.0,120.0,2521.0,82.0,1382.0,128.0,821.0,74.0,553.0,106.0,546.0,97.0,,,586.0,93.0,,,457.0,96.0,,,15.0,18.0,26.0,3.0,7.0,4.0,2021,11,4,가을,1,1
2021-12-01,6375.0,74.0,113.0,2280.0,72.0,1356.0,120.0,743.0,65.0,534.0,98.0,501.0,86.0,,,543.0,83.0,,,418.0,85.0,,,26.0,28.0,35.0,14.0,17.0,15.0,2021,12,4,겨울,1,1
2022-01-01,5798.0,67.0,102.0,2079.0,65.0,1258.0,108.0,662.0,59.0,483.0,89.0,460.0,79.0,,,486.0,76.0,,,370.0,79.0,,,33.0,35.0,41.0,21.0,24.0,21.0,2022,1,1,겨울,1,1
2022-02-01,4959.0,62.0,99.0,1754.0,60.0,1111.0,105.0,553.0,53.0,419.0,86.0,381.0,71.0,,,423.0,70.0,,,318.0,72.0,,,38.0,40.0,47.0,29.0,30.0,28.0,2022,2,1,겨울,1,1
2022-03-01,5273.0,60.0,98.0,1819.0,58.0,1190.0,104.0,605.0,53.0,467.0,86.0,414.0,71.0,,,445.0,68.0,,,333.0,68.0,,,40.0,42.0,47.0,29.0,32.0,32.0,2022,3,1,봄,1,1
2022-04-01,6710.0,81.0,117.0,2428.0,78.0,1408.0,124.0,785.0,71.0,548.0,104.0,535.0,94.0,,,579.0,91.0,,,427.0,90.0,,,19.0,22.0,29.0,6.0,9.0,10.0,2022,4,2,봄,1,1
2022-05-01,8194.0,98.0,128.0,3105.0,97.0,1578.0,135.0,988.0,85.0,618.0,114.0,655.0,112.0,,,708.0,108.0,,,542.0,110.0,,,2.0,3.0,15.0,-12.0,-8.0,-10.0,2022,5,2,봄,1,1
2022-06-01,7767.0,96.0,126.0,2953.0,96.0,1503.0,133.0,926.0,78.0,588.0,112.0,612.0,109.0,,,665.0,105.0,,,520.0,109.0,,,4.0,4.0,22.0,-9.0,-5.0,-9.0,2022,6,2,여름,1,1
2022-07-01,7968.0,93.0,125.0,3041.0,94.0,1556.0,132.0,924.0,75.0,599.0,111.0,626.0,106.0,,,694.0,105.0,,,528.0,107.0,,,7.0,6.0,25.0,-6.0,-5.0,-7.0,2022,7,3,여름,0,1
2022-08-01,7853.0,93.0,125.0,3004.0,94.0,1532.0,132.0,907.0,74.0,590.0,109.0,606.0,103.0,,,687.0,106.0,,,527.0,106.0,,,7.0,6.0,26.0,-3.0,-6.0,-6.0,2022,8,3,여름,0,1
2022-09-01,7838.0,97.0,123.0,2994.0,97.0,1467.0,129.0,964.0,82.0,580.0,112.0,641.0,112.0,,,672.0,106.0,,,520.0,110.0,,,3.0,3.0,18.0,-12.0,-6.0,-10.0,2022,9,3,가을,0,1
2022-10-01,8829.0,106.0,132.0,3454.0,107.0,1618.0,139.0,1072.0,87.0,632.0,118.0,713.0,120.0,,,754.0,115.0,,,586.0,118.0,,,-6.0,-7.0,13.0,-20.0,-15.0,-18.0,2022,10,4,가을,0,1
2022-11-01,8244.0,104.0,132.0,3194.0,106.0,1543.0,139.0,992.0,85.0,619.0,117.0,658.0,116.0,,,692.0,111.0,,,546.0,115.0,,,-4.0,-6.0,15.0,-16.0,-11.0,-15.0,2022,11,4,가을,0,1
2022-12-01,8494.0,102.0,130.0,3327.0,104.0,1565.0,138.0,1006.0,82.0,633.0,115.0,680.0,114.0,,,717.0,110.0,,,566.0,114.0,,,-2.0,-4.0,18.0,-14.0,-10.0,-14.0,2022,12,4,겨울,0,1
2023-01-01,8117.0,97.0,123.0,3142.0,97.0,1515.0,131.0,969.0,79.0,593.0,109.0,655.0,109.0,,,701.0,106.0,,,542.0,109.0,,,3.0,3.0,21.0,-9.0,-6.0,-9.0,2023,1,1,겨울,0,1
2023-02-01,7897.0,106.0,132.0,3114.0,108.0,1466.0,140.0,918.0,83.0,562.0,115.0,626.0,117.0,,,675.0,115.0,,,536.0,120.0,,,-6.0,-8.0,17.0,-17.0,-15.0,-20.0,2023,2,1,겨울,0,1
2023-03-01,8192.0,98.0,126.0,3153.0,99.0,1557.0,133.0,963.0,79.0,609.0,111.0,673.0,114.0,,,695.0,107.0,,,543.0,109.0,,,2.0,1.0,21.0,-14.0,-7.0,-9.0,2023,3,1,봄,0,1
2023-04-01,8473.0,105.0,130.0,3281.0,106.0,1567.0,136.0,1026.0,87.0,611.0,116.0,689.0,119.0,,,733.0,116.0,,,566.0,118.0,,,-5.0,-6.0,13.0,-19.0,-16.0,-18.0,2023,4,2,봄,0,1
2023-05-01,8900.0,109.0,132.0,3461.0,109.0,1620.0,138.0,1088.0,89.0,638.0,117.0,716.0,122.0,,,767.0,118.0,,,609.0,123.0,,,-9.0,-9.0,11.0,-22.0,-18.0,-23.0,2023,5,2,봄,0,1
2023-06-01,8403.0,104.0,130.0,3274.0,106.0,1564.0,137.0,1006.0,85.0,610.0,115.0,668.0,116.0,,,712.0,113.0,,,568.0,118.0,,,-4.0,-6.0,15.0,-16.0,-13.0,-18.0,2023,6,2,여름,0,1
2023-07-01,8326.0,101.0,129.0,3280.0,103.0,1611.0,136.0,954.0,80.0,611.0,112.0,651.0,112.0,,,648.0,107.0,,,570.0,115.0,,,-1.0,-3.0,20.0,-12.0,-7.0,-15.0,2023,7,3,여름,0,1
2023-08-01,8548.0,104.0,128.0,3352.0,106.0,1599.0,136.0,1003.0,83.0,613.0,113.0,669.0,116.0,,,729.0,114.0,,,582.0,119.0,,,-4.0,-6.0,17.0,-16.0,-14.0,-19.0,2023,8,3,여름,0,1
2023-09-01,8421.0,105.0,130.0,3291.0,106.0,1396.0,138.0,991.0,90.0,607.0,116.0,648.0,118.0,76.0,154.0,746.0,105.0,57.0,115.0,550.0,121.0,59.0,119.0,-5.0,-6.0,10.0,-18.0,-5.0,-21.0,2023,9,3,가을,0,1
2023-10-01,9186.0,109.0,133.0,3643.0,110.0,1461.0,141.0,1079.0,92.0,633.0,117.0,717.0,121.0,81.0,157.0,841.0,110.0,63.0,120.0,605.0,123.0,63.0,122.0,-9.0,-10.0,8.0,-21.0,-10.0,-23.0,2023,10,4,가을,0,1
2023-11-01,8887.0,110.0,134.0,3547.0,112.0,1421.0,142.0,1046.0,93.0,621.0,117.0,688.0,122.0,81.0,161.0,774.0,110.0,61.0,121.0,587.0,124.0,61.0,122.0,-10.0,-12.0,7.0,-22.0,-10.0,-24.0,2023,11,4,가을,0,1
2023-12-01,9171.0,108.0,133.0,3648.0,110.0,1488.0,141.0,1060.0,90.0,635.0,117.0,714.0,121.0,82.0,158.0,806.0,111.0,63.0,122.0,612.0,125.0,63.0,122.0,-8.0,-10.0,10.0,-21.0,-11.0,-25.0,2023,12,4,겨울,0,1
2024-01-01,8420.0,99.0,128.0,3319.0,102.0,1400.0,136.0,958.0,82.0,604.0,111.0,645.0,111.0,80.0,155.0,732.0,101.0,62.0,119.0,559.0,114.0,61.0,117.0,1.0,-2.0,18.0,-11.0,-1.0,-14.0,2024,1,1,겨울,0,1
2024-02-01,8650.0,109.0,131.0,3464.0,112.0,1361.0,139.0,1013.0,92.0,582.0,115.0,679.0,123.0,77.0,159.0,772.0,113.0,60.0,123.0,583.0,127.0,59.0,122.0,-9.0,-12.0,8.0,-23.0,-13.0,-27.0,2024,2,1,겨울,0,1
2024-03-01,8814.0,102.0,130.0,3474.0,105.0,1451.0,138.0,1014.0,86.0,617.0,113.0,702.0,119.0,81.0,156.0,774.0,106.0,61.0,116.0,578.0,118.0,62.0,119.0,-2.0,-5.0,14.0,-19.0,-6.0,-18.0,2024,3,1,봄,0,1
2024-04-01,8777.0,108.0,131.0,3500.0,111.0,1389.0,139.0,1033.0,91.0,595.0,115.0,693.0,123.0,79.0,159.0,780.0,111.0,61.0,123.0,585.0,124.0,62.0,119.0,-8.0,-11.0,9.0,-23.0,-11.0,-24.0,2024,4,2,봄,0,1
2024-05-01,9473.0,112.0,132.0,3827.0,115.0,1457.0,140.0,1119.0,94.0,615.0,115.0,747.0,128.0,84.0,163.0,863.0,119.0,64.0,123.0,632.0,129.0,65.0,125.0,-12.0,-15.0,6.0,-28.0,-19.0,-29.0,2024,5,2,봄,0,1
2024-06-01,8905.0,107.0,129.0,3595.0,110.0,1397.0,137.0,1051.0,91.0,580.0,112.0,704.0,123.0,78.0,156.0,787.0,111.0,59.0,118.0,592.0,125.0,62.0,123.0,-7.0,-10.0,9.0,-23.0,-11.0,-25.0,2024,6,2,여름,0,1
2024-07-01,8776.0,102.0,126.0,3556.0,107.0,1396.0,135.0,1005.0,85.0,578.0,108.0,691.0,119.0,80.0,155.0,758.0,105.0,60.0,116.0,590.0,121.0,62.0,120.0,-2.0,-7.0,15.0,-19.0,-5.0,-21.0,2024,7,3,여름,0,1
2024-08-01,9133.0,106.0,128.0,3706.0,109.0,1438.0,137.0,1053.0,88.0,589.0,111.0,715.0,122.0,80.0,156.0,819.0,112.0,62.0,120.0,608.0,124.0,63.0,121.0,-6.0,-9.0,12.0,-22.0,-12.0,-24.0,2024,8,3,여름,0,1
2024-09-01,8919.0,1106.0,127.0,3615.0,110.0,1376.0,134.0,1073.0,93.0,578.0,112.0,707.0,123.0,77.0,155.0,795.0,111.0,59.0,118.0,579.0,125.0,60.0,121.0,-1006.0,-10.0,7.0,-23.0,-11.0,-25.0,2024,9,3,가을,0,1
2024-10-01,9375.0,110.0,133.0,3800.0,115.0,1452.0,142.0,1115.0,94.0,618.0,116.0,735.0,126.0,84.0,163.0,833.0,115.0,63.0,122.0,607.0,128.0,65.0,126.0,-10.0,-15.0,6.0,-26.0,-15.0,-28.0,2024,10,4,가을,0,1
2024-11-01,9621.0,116.0,137.0,3930.0,121.0,1477.0,146.0,1153.0,100.0,624.0,121.0,756.0,133.0,83.0,166.0,851.0,120.0,63.0,125.0,619.0,134.0,65.0,128.0,-16.0,-21.0,0.0,-33.0,-20.0,-34.0,2024,11,4,가을,0,1
2024-12-01,9031.0,112.0,134.0,3364.0,117.0,1461.0,143.0,1040.0,93.0,615.0,115.0,682.0,128.0,86.0,166.0,768.0,115.0,64.0,123.0,586.0,131.0,65.0,125.0,-12.0,-17.0,7.0,-28.0,-15.0,-31.0,2024,12,4,겨울,0,1
