노선,ds,yhat,yhat_lower,yhat_upper,target
경부선,2005-04-01,19.259801347582663,0.6125142165935249,40.40481582640703,공실률
경부선,2005-05-01,14.731857768120635,-4.511285814469411,33.39391556735261,공실률
경부선,2005-06-01,19.37192679970149,0.9843989951991873,39.05380478273772,공실률
경부선,2005-07-01,20.287447555226493,1.4376339531224416,38.46620382471419,공실률
경부선,2005-08-01,16.770711038335953,-2.1243173994165048,35.47992734844449,공실률
경부선,2005-09-01,19.511660195259243,0.2721654545690902,38.62917798868407,공실률
경부선,2005-10-01,12.185021581586486,-7.4012070540118575,31.71040443133881,공실률
경부선,2005-11-01,9.789428091375994,-8.904784354475956,28.655534366864043,공실률
경부선,2005-12-01,13.55286437606409,-4.646989888766172,33.171192496944656,공실률
경부선,2006-01-01,19.212060989764783,-0.5700480470573515,37.413652799271254,공실률
경부선,2006-02-01,16.972542210328253,-1.787731956182725,36.259430792812296,공실률
경부선,2006-03-01,24.806171901573126,5.800221403565348,43.03360964193749,공실률
경부선,2006-04-01,17.879705907095346,-1.794874242117398,37.793050563493395,공실률
경부선,2006-05-01,13.451887281374148,-4.783905170200218,33.79299416236279,공실률
경부선,2006-06-01,18.28515610221268,0.464596174080972,38.9616135324584,공실률
경부선,2006-07-01,19.09197146930872,1.4614008494068695,38.89640581529774,공실률
경부선,2006-08-01,15.438931997463325,-4.3450992542144125,34.699827572501256,공실률
경부선,2006-09-01,18.20481166976149,0.7985016473075279,37.72125079837978,공실률
경부선,2006-10-01,10.919978126690472,-7.7381557032353445,29.272428147867856,공실률
경부선,2006-11-01,8.623941502621204,-9.264526071725166,27.935957761806335,공실률
경부선,2006-12-01,12.279738300455291,-7.097495292643395,30.76158239883703,공실률
경부선,2007-01-01,17.86305283768357,-0.7779007424118273,36.603744517487,공실률
경부선,2007-02-01,15.806893736334413,-2.7489627905290543,35.21475533255321,공실률
경부선,2007-03-01,23.520911063226574,4.043948673111749,40.43596803455169,공실률
경부선,2007-04-01,16.500352223725088,-2.385636818961461,35.014109171498724,공실률
경부선,2007-05-01,12.17864704290475,-6.198318367762019,30.95604450875223,공실률
경부선,2007-06-01,17.199336018121365,-2.0750706334143465,35.84028966402844,공실률
경부선,2007-07-01,17.89174293993046,-1.3667561248468905,36.55137073075929,공실률
경부선,2007-08-01,14.105372695749901,-3.22811318335471,33.22225750791002,공실률
경부선,2007-09-01,16.896554685779932,-3.1997634427512374,37.469303433340244,공실률
경부선,2007-10-01,9.658497510625267,-9.167426591175815,29.952475303073815,공실률
경부선,2007-11-01,7.4606607094891775,-9.611528178674302,27.121757930500024,공실률
경부선,2007-12-01,11.005229212563414,-7.796092911986701,29.1424010731994,공실률
경부선,2008-01-01,16.513631600545224,-1.6033712181927184,37.458449153354756,공실률
경부선,2008-02-01,14.643337274548614,-3.807514125028265,34.092669606568315,공실률
경부선,2008-03-01,22.33676798389631,4.349290843796893,41.24292138734499,공실률
경부선,2008-04-01,15.618174871534427,-4.091117093892078,34.60267604703769,공실률
경부선,2008-05-01,10.996318552568496,-8.311817395169141,31.120299312835204,공실률
경부선,2008-06-01,15.437665783307478,-2.8615790102349554,35.587418285709106,공실률
경부선,2008-07-01,16.45602595435054,-0.7109486194283496,35.87358942781329,공실률
경부선,2008-08-01,13.078387375240515,-7.385099050766285,30.867038931451027,공실률
경부선,2008-09-01,15.794746734513883,-2.236407581088,35.35358864269603,공실률
경부선,2008-10-01,8.431331555732978,-10.314377037719419,27.596861148971538,공실률
경부선,2008-11-01,5.934996160158848,-14.159093123363201,25.26999582100949,공실률
경부선,2008-12-01,9.802424347388992,-9.75937125879637,29.57962972798076,공실률
경부선,2009-01-01,15.53837660213412,-3.1830058253823696,33.92198788600547,공실률
경부선,2009-02-01,13.118178981572177,-6.865626946088788,32.476959614496906,공실률
경부선,2009-03-01,21.063320305554807,2.399964893380993,39.861629998829656,공실률
경부선,2009-04-01,14.237572461732215,-4.380133073685725,32.76385225171171,공실률
경부선,2009-05-01,9.709628882139537,-8.92312792179208,29.595102626109195,공실률
경부선,2009-06-01,14.349697913584443,-4.692512013822671,34.122783231153555,공실률
경부선,2009-07-01,15.265218668977884,-3.6751638976732037,33.80690335391154,공실률
경부선,2009-08-01,11.748482151950565,-7.6277134529254464,30.28760430284764,공실률
경부선,2009-09-01,14.4894313087383,-5.105994154641029,33.07208538373125,공실률
경부선,2009-10-01,7.1627926947291805,-11.998481605811305,27.296716305184205,공실률
경부선,2009-11-01,4.767199204172921,-14.100775046365577,24.56380524376405,공실률
경부선,2009-12-01,8.530635488524668,-10.537881178164454,27.697622893300775,공실률
경부선,2010-01-01,14.189832101968168,-4.958603710863109,33.18434016217035,공실률
경부선,2010-02-01,11.950313322275157,-7.295739107472889,30.221710229632563,공실률
경부선,2010-03-01,19.783943013289075,2.0244951104059052,38.26455470769861,공실률
경부선,2010-04-01,12.857477018554237,-6.784147524318815,32.54555943187507,공실률
경부선,2010-05-01,8.429658529595748,-10.380527002260363,26.10577225838025,공실률
경부선,2010-06-01,13.262927491757488,-4.227356488439971,33.227983017153086,공실률
경부선,2010-07-01,14.069742995615485,-4.95424568015947,32.23930430049386,공실률
경부선,2010-08-01,10.416703686827672,-9.432240777214739,29.48258610740839,공실률
경부선,2010-09-01,13.182583522183977,-6.1746880615229935,31.617034240694217,공실률
경부선,2010-10-01,5.897750136910703,-12.979523064614543,24.87328758106622,공실률
경부선,2010-11-01,3.601713675899685,-13.650593097386816,23.743368681089965,공실률
경부선,2010-12-01,7.257510631530296,-12.05758559722091,26.812636277312095,공실률
경부선,2011-01-01,12.840879366191364,-6.556257895506052,32.173872152112196,공실률
경부선,2011-02-01,10.784774462275246,-8.173477642589026,29.201352983147483,공실률
경부선,2011-03-01,18.4988407416861,-0.31893738685488493,38.1734206925448,공실률
경부선,2011-04-01,11.478336089639454,-9.426344277872449,30.421462357833278,공실률
경부선,2011-05-01,7.156683348289862,-13.207708741511324,25.684558934766866,공실률
경부선,2011-06-01,12.17742651095934,-7.917583330573495,31.10348325876492,공실률
경부선,2011-07-01,12.869885872239937,-5.653582412055485,31.227064054943067,공실률
경부선,2011-08-01,9.096600305502328,-9.056652082879067,28.3644850873477,공실률
경부선,2011-09-01,11.900866972971578,-5.711928772053266,30.949094829632696,공실률
경부선,2011-10-01,4.6754723888899035,-14.900253867303666,22.7224357226689,공실률
경부선,2011-11-01,2.490720250375908,-16.649407366758382,22.33694821403243,공실률
경부선,2011-12-01,6.047951330180848,-11.888910074786512,25.372699329085926,공실률
경부선,2012-01-01,11.569438380785458,-7.447805921739447,29.74434240941077,공실률
경부선,2012-02-01,9.71222871741119,-9.13355031995286,28.162575838705646,공실률
경부선,2012-03-01,17.41789991759997,-1.6907332743921921,35.359004448069214,공실률
경부선,2012-04-01,10.73384230517953,-8.650710785703364,30.12122207947364,공실률
경부선,2012-05-01,6.145407437768414,-13.040647008452538,24.401091602282325,공실률
경부선,2012-06-01,10.621290168447638,-7.471978771309245,29.317843831230405,공실률
경부선,2012-07-01,11.673071795870964,-7.339081057974844,31.114916037474078,공실률
경부선,2012-08-01,8.329968721685908,-9.664731183906941,27.03470535539172,공실률
경부선,2012-09-01,11.080863585884044,-7.223275868152033,29.632288108512277,공실률
경부선,2012-10-01,3.750869863483259,-13.81279241333023,23.45528204405726,공실률
경부선,2012-11-01,1.3119184919200686,-17.32150537600411,20.620127673386698,공실률
경부선,2012-12-01,5.234879605612892,-14.413569033915827,23.833414876631775,공실률
경부선,2013-01-01,11.028215884369107,-8.832496952721552,29.779557961248496,공실률
경부선,2013-02-01,8.665402285942855,-10.674283751436738,26.926205574263967,공실률
경부선,2013-03-01,16.662374339595797,-0.46341427113628575,35.28254852887701,공실률
경부선,2013-04-01,9.894010517909097,-8.450738909233095,28.98783462529815,공실률
경부선,2013-05-01,5.4215998629629105,-14.6608647748279,23.211890472902763,공실률
경부선,2013-06-01,10.11905291654162,-8.152065072837233,29.23585566595627,공실률
경부선,2013-07-01,11.110424143503472,-7.658063233749431,29.772271571430505,공실률
경부선,2013-08-01,7.672066447097412,-10.251711899951534,26.98190631026145,공실률
경부선,2013-09-01,10.49139442450554,-8.605789158817885,29.727152612342408,공실률
경부선,2013-10-01,3.2406062822688524,-14.648765876735439,22.220236101577843,공실률
경부선,2013-11-01,0.9233916125434138,-17.15559146865265,20.08088191127191,공실률
경부선,2013-12-01,4.762678368666934,-12.801802017590825,23.52766264456514,공실률
경부선,2014-01-01,10.500253802941026,-9.523628069853835,29.497045142325153,공실률
경부선,2014-02-01,8.356675569701993,-9.774478963147835,28.70269582069,공실률
경부선,2014-03-01,16.276961238156048,-1.6090204494862543,35.587933862941895,공실률
경부선,2014-04-01,9.446435789874194,-9.912876799694615,29.4009741016579,공실률
경부선,2014-05-01,5.111462854020431,-13.643949726236412,24.59392828844511,공실률
경부선,2014-06-01,10.040672221054622,-8.947658650888977,29.936179530033986,공실률
경부선,2014-07-01,10.940333278018633,-7.4361709205739634,31.043018646041727,공실률
경부선,2014-08-01,7.383234374104175,-11.601881332093761,25.91632399495652,공실률
경부선,2014-09-01,10.245054614334443,-8.742813949633074,28.793787474313422,공실률
경부선,2014-10-01,3.063009398885293,-15.27962895572311,23.120549690258944,공실률
경부선,2014-11-01,0.8731873800259367,-18.58075360241867,19.125652542300614,공실률
경부선,2014-12-01,4.631772505482212,-14.534683084807213,23.65920854258613,공실률
경부선,2015-01-01,10.32130164792027,-8.14633461246307,29.153461782595546,공실률
경부선,2015-02-01,8.371357151780854,-10.744673807072033,27.92242455218509,공실률
경부선,2015-03-01,16.18131025111908,-2.8933202260975057,33.88479293554907,공실률
경부선,2015-04-01,9.266966006848925,-8.866039272774046,28.47645881871341,공실률
경부선,2015-05-01,5.048217941925104,-12.959699838953567,24.969241310674423,공실률
경부선,2015-06-01,10.175295936902012,-8.03720140405326,29.65332889507355,공실률
경부선,2015-07-01,10.97065997460748,-6.435589135184015,31.084046040555844,공실률
경부선,2015-08-01,7.29067875018789,-10.883024873300577,26.773109703221344,공실률
경부선,2015-09-01,10.188249759977332,-8.766626680553168,28.59659164785269,공실률
경부선,2015-10-01,3.053149700719561,-15.356601998961006,22.398136072534925,공실률
경부선,2015-11-01,0.9617019045247144,-18.0856890539698,19.09591447419938,공실률
경부선,2015-12-01,4.609227509155035,-13.644994055359806,23.920511767747872,공실률
경부선,2016-01-01,10.224294664575105,-9.295111664582523,29.08537256529777,공실률
경부선,2016-02-01,8.46066510601682,-10.547957490004135,28.08727183862568,공실률
경부선,2016-03-01,16.25387898490348,-2.5798600542604233,33.9029695827458,공실률
경부선,2016-04-01,9.641950639980406,-8.629381131921487,27.263325770889292,공실률
경부선,2016-05-01,5.123318289502224,-13.629996755473279,23.817636184059694,공실률
경부선,2016-06-01,9.671330287678817,-10.037990249378867,29.39899000594743,공실률
경부선,2016-07-01,10.792914432034976,-8.475509544304668,28.942351121909972,공실률
경부선,2016-08-01,7.521940624275983,-11.765069591011718,26.012158813755292,공실률
경부선,2016-09-01,10.344964754901667,-9.966090820493386,27.82454472017432,공실률
경부선,2016-10-01,3.0847735483969503,-15.674879822955724,22.563051216529935,공실률
경부선,2016-11-01,0.695102924173475,-17.783101482491848,20.481192649749122,공실률
경부선,2016-12-01,4.665755083680034,-12.935585581234845,24.07387897296271,공실률
경부선,2017-01-01,10.50837210977626,-8.261767039972666,27.390428861581814,공실률
경부선,2017-02-01,8.19483925868975,-10.264763710802843,26.844972569761353,공실률
경부선,2017-03-01,16.23632295510212,-2.1090615682009926,34.74607056753308,공실률
경부선,2017-04-01,9.517239883141958,-8.630425859621905,28.388877788388914,공실률
경부선,2017-05-01,5.092520276318766,-14.322206455158554,24.495610224405503,공실률
경부선,2017-06-01,9.839254079625771,-8.263486872194258,29.535192428407754,공실률
경부선,2017-07-01,10.857998807789397,-7.241889405730917,29.31096901208622,공실률
경부선,2017-08-01,7.447927062624446,-9.74405768482264,27.43017242929239,공실률
경부선,2017-09-01,10.295540991273537,-9.233354970976231,30.33211053858442,공실률
경부선,2017-10-01,3.0721263502388982,-15.521163725582356,21.08661815464714,공실률
경부선,2017-11-01,0.783197630129747,-18.25138111096347,18.68326585206141,공실률
경부선,2017-12-01,4.649857885882982,-15.028184497723512,22.947869030296037,공실률
경부선,2018-01-01,10.41571926977478,-7.3181729199477985,29.719725250385213,공실률
경부선,2018-02-01,8.282865260530118,-9.975429194770307,26.629869522228926,공실률
경부선,2018-03-01,16.212837324852185,-3.103478213405943,34.143499756661335,공실률
경부선,2018-04-01,9.393036100565226,-10.018545793471265,28.78804309041733,공실률
경부선,2018-05-01,5.0684414459974665,-14.35962395647246,23.427665001221627,공실률
경부선,2018-06-01,10.008375037027939,-9.921983431684527,29.060275542010295,공실률
경부선,2018-07-01,10.918414365118979,-7.366637623371424,30.171974867139053,공실률
경부선,2018-08-01,7.372039674704968,-11.282821487044439,26.453518395934065,공실률
경부선,2018-09-01,10.244584128434717,-8.747963155385593,29.752154806802594,공실률
경부선,2018-10-01,3.062974567394254,-14.934583561358792,22.278331425648435,공실률
경부선,2018-11-01,0.8736027247565064,-17.394957061914166,20.234852531474505,공실률
경부선,2018-12-01,4.632623504620446,-13.838848521227705,23.670470030605003,공실률
경부선,2019-01-01,10.322602823280583,-9.017528354918046,29.560819613092242,공실률
경부선,2019-02-01,8.373108466809235,-11.63017866702257,27.41262807246974,공실률
경부선,2019-03-01,16.183468143913238,-2.71805850394969,37.10912830743429,공실률
경부선,2019-04-01,9.269574039311989,-9.392198622331696,27.680423745080777,공실률
경부선,2019-05-01,5.051092795490683,-13.939997141646423,23.36589254058169,공실률
경부선,2019-06-01,10.178446505606638,-9.76198568950748,29.59288022773788,공실률
경부선,2019-07-01,10.97407736441486,-8.103891854036675,29.879014275636017,공실률
경부선,2019-08-01,7.294371855133636,-13.493278922348125,25.118254098803103,공실률
경부선,2019-09-01,10.192218580063605,-8.317874816036744,28.795395462658753,공실률
경부선,2019-10-01,3.0573853413817664,-15.307692760847532,21.985176863722437,공실률
경부선,2019-11-01,0.9662132597819024,-17.69929550814297,20.645833658931117,공실률
경부선,2019-12-01,4.614005684988326,-15.196522149653434,24.05396673387426,공실률
경부선,2020-01-01,10.229072792505878,-9.591668707091502,30.44563127761195,공실률
경부선,2020-02-01,8.465443186046286,-10.014146887929048,28.63849706236558,공실률
경부선,2020-03-01,16.25865702012096,-3.4776126737937805,34.99015512061417,공실률
경부선,2020-04-01,9.64672862729574,-8.27246450046589,29.1730801642525,공실률
경부선,2020-05-01,5.12809216002161,-12.518726394298364,23.51101900361416,공실률
경부선,2020-06-01,9.676099904175867,-9.276964969841087,28.14888862874173,공실률
경부선,2020-07-01,10.797679931734137,-8.992020530789237,30.735585340053632,공실률
경부선,2020-08-01,7.526701871021675,-10.665406038037366,25.986468183242494,공실률
경부선,2020-09-01,10.349721748693995,-8.879862647151882,27.956179802570947,공실률
경부선,2020-10-01,3.0895264264280584,-16.756449186752704,21.392299427999006,공실률
경부선,2020-11-01,0.6998515492519966,-18.763530837776234,20.648734663817258,공실률
경부선,2020-12-01,4.6704995929969515,-14.410040899625828,22.27017555004827,공실률
경부선,2021-01-01,10.513107930931723,-7.635337114769316,30.54530290493,공실률
경부선,2021-02-01,8.199566391681612,-11.65023206505593,27.43579100960567,공실률
경부선,2021-03-01,16.241042240720535,-2.2025610065268593,36.118909969902774,공실률
경부선,2021-04-01,9.521950478211044,-9.468315578372152,29.110463146772585,공실률
경부선,2021-05-01,5.097222461178186,-13.261871213902547,22.523334187377337,공실률
경부선,2021-06-01,9.84394757393694,-9.410648328974121,28.902426353270616,공실률
경부선,2021-07-01,10.862683891887837,-7.456184187975697,28.619238492038733,공실률
경부선,2021-08-01,7.452603456173449,-10.987510746825315,25.585816287687955,공실률
경부선,2021-09-01,10.300208694273048,-8.365021968103504,28.35949863855117,공실률
경부선,2021-10-01,3.076785643029215,-16.695538433222982,21.578432271475734,공실률
경부선,2021-11-01,0.7878482339957991,-17.375537949237362,20.17902907116223,공실률
경부선,2021-12-01,4.654500081111484,-14.323034588291993,21.677939986454724,공실률
경부선,2022-01-01,10.42035277607772,-8.278511431756266,27.845896786403607,공실률
경부선,2022-02-01,8.287490077909137,-12.026300738383826,27.082470286634788,공실률
경부선,2022-03-01,16.217454294169123,-2.826460977103398,34.88173053602778,공실률
경부선,2022-04-01,9.39764438095789,-10.269153883474218,27.50103246132821,공실률
경부선,2022-05-01,5.073041317752594,-13.814255121772195,24.93297108289323,공실률
경부선,2022-06-01,10.012966219856622,-8.75816304605345,29.3357139680191,공실률
경부선,2022-07-01,10.922997149469982,-9.08699018314532,29.451542474428443,공실률
경부선,2022-08-01,7.376613780626966,-12.493273710783924,28.027700852774007,공실률
경부선,2022-09-01,10.249149555927332,-8.07111648204185,28.668145412644993,공실률
경부선,2022-10-01,3.0675315964058774,-16.54074410289667,22.388604255337572,공실률
경부선,2022-11-01,0.8781510753399582,-17.729478759133173,21.07548223682683,공실률
경부선,2022-12-01,4.637163456723593,-13.985728656914294,23.83016747745327,공실률
경부선,2023-01-01,10.327134096953543,-7.7626114443548815,29.766551827846193,공실률
경부선,2023-02-01,8.377631098608195,-9.96772126635388,27.777342511977498,공실률
경부선,2023-03-01,16.187982970145704,-3.4942546913803096,34.64249567714652,공실률
경부선,2023-04-01,9.274080223667955,-9.279062408855236,27.847361330815367,공실률
경부선,2023-05-01,5.055590616741042,-12.798179464203711,23.653797584814363,공실률
경부선,2023-06-01,10.182935684981318,-9.912065803274754,28.62127857456809,공실률
경부선,2023-07-01,10.978558180682995,-7.292070433582532,30.870218803927887,공실률
경부선,2023-08-01,7.298844029526208,-11.825806044950031,26.850284184741874,공실률
경부선,2023-09-01,10.196682112579527,-7.394708686740037,28.613640810485368,공실률
경부선,2023-10-01,3.061840511318316,-16.63572335904018,21.022085632755914,공실률
경부선,2023-11-01,0.9706597883858317,-17.547607823508294,20.36072769722892,공실률
경부선,2023-12-01,4.618443851013346,-13.702585862822211,23.249155483229465,공실률
경부선,2024-01-01,10.233502317199694,-9.344841729387616,28.617955049042845,공실률
경부선,2024-02-01,8.469864069407913,-10.575450475896243,27.903522206222117,공실률
경부선,2024-03-01,16.263069819655946,-3.5267656056987255,35.78871121948524,공실률
경부선,2024-04-01,9.651132785499184,-9.772091574865863,28.759770728007897,공실률
경부선,2024-05-01,5.13249202608548,-14.65415213080134,24.078162870069495,공실률
경부선,2024-06-01,9.680495335028965,-9.038770312382217,27.775754761740203,공실률
경부선,2024-07-01,10.802071070448083,-6.6143266921617,28.838454235091085,공실률
경부선,2024-08-01,7.531088574526472,-10.980807852923599,26.4603971362422,공실률
경부선,2024-09-01,10.354104016989785,-8.974646143459521,29.548989038872755,공실률
경부선,2024-10-01,3.093904402583677,-15.554906599006626,23.351839317013198,공실률
경부선,2024-11-01,0.7042250901981033,-18.368532371707563,20.07482060903322,공실률
경부선,2024-12-01,4.674868841804686,-15.310505639674771,24.39631827816454,공실률
경부선,2025-01-01,10.517477179737678,-8.87656336083755,30.252499395055118,공실률
경부선,2025-02-01,8.203935640488233,-9.774651057762506,27.105800500742344,공실률
경부선,2025-03-01,16.245411489526617,-2.5730408328687955,36.71871528253403,공실률
경부선,2025-04-01,9.52631972701763,-9.32514435429625,27.95814392131685,공실률
경부선,2025-05-01,5.101591709983769,-13.259514108310718,24.35641374904045,공실률
경부선,2025-06-01,9.848316822741827,-8.916304766123504,28.511328062714913,공실률
경부선,2025-07-01,10.8670531406952,-7.922662173558535,29.235135259918966,공실률
경부선,2025-08-01,7.456972704980627,-12.01143081768924,27.29501574615247,공실률
경부선,2025-09-01,10.304577943080176,-10.164582567453898,28.899477327824208,공실률
경부선,2025-10-01,3.081154891835701,-14.344655432648516,22.371338791394574,공실률
경부선,2025-11-01,0.7922174828015924,-18.300969973462838,21.307302449379687,공실률
경부선,2025-12-01,4.658869329917795,-13.470477187699972,22.617926870757508,공실률
경전선,2011-12-01,-0.1657769073676305,-20.357750929230672,21.159777935584707,공실률
경전선,2012-01-01,7.198155008719887,-12.700572876339649,30.188594782405012,공실률
경전선,2012-02-01,5.589959507383558,-15.903467295681407,25.406247085475126,공실률
경전선,2012-03-01,12.109791811557832,-8.878556660922603,34.24453844201423,공실률
경전선,2012-04-01,2.2861647394589566,-18.35854462526091,23.77689377150879,공실률
경전선,2012-05-01,-2.178576818706303,-23.43382303513399,18.363179959423647,공실률
경전선,2012-06-01,3.4800539906617054,-17.483975169139534,24.422717763873774,공실률
경전선,2012-07-01,5.414587380359794,-14.716311323865753,26.755147689848545,공실률
경전선,2012-08-01,4.849922100824707,-16.984489466609354,25.347068944459625,공실률
경전선,2012-09-01,2.863534679872913,-17.609244710764322,24.31845190740742,공실률
경전선,2012-10-01,-3.5206861335712087,-23.72012077325829,19.091699454482082,공실률
경전선,2012-11-01,-6.940399034031776,-25.610560269085685,13.944967203368854,공실률
경전선,2012-12-01,-0.7074074330356175,-21.13198533187594,19.988192868629614,공실률
경전선,2013-01-01,6.912295593875486,-13.87665855516768,26.60729369168646,공실률
경전선,2013-02-01,5.229437143747301,-15.575341860000487,25.664449277652324,공실률
경전선,2013-03-01,11.712804216875837,-10.688026355489335,31.752466263495734,공실률
경전선,2013-04-01,1.7550940934372563,-20.04333382748315,22.48469396233568,공실률
경전선,2013-05-01,-2.5702999733724394,-23.75697099714496,17.517043432421648,공실률
경전선,2013-06-01,3.2208380144485353,-16.803115060173933,25.491398356426675,공실률
경전선,2013-07-01,5.08309784164696,-15.40446982519851,25.527625872920552,공실률
경전선,2013-08-01,4.421495947860695,-15.10630993727083,25.43580499309295,공실률
경전선,2013-09-01,2.338134863048939,-18.724940098225968,22.717494057940154,공실률
경전선,2013-10-01,-3.9555422460334713,-22.911466697648255,15.531229188411576,공실률
경전선,2013-11-01,-7.275088986595216,-28.01786534784255,15.026535702324905,공실률
경전선,2013-12-01,-1.0645315049197897,-20.01742497964276,20.72721795356304,공실률
경전선,2014-01-01,6.472383048449994,-15.817670977478182,28.110980190511402,공실률
경전선,2014-02-01,4.810623278152373,-15.569265180997231,27.26907880479448,공실률
경전선,2014-03-01,11.310945041982071,-8.124406840498487,32.944736839232306,공실률
경전선,2014-04-01,1.226090947640865,-17.797126001986395,21.85798250105343,공실률
경전선,2014-05-01,-2.9549840217550822,-24.063860313998685,18.047230501662206,공실률
경전선,2014-06-01,2.9625043912455826,-18.535074429796477,24.314357121429534,공실률
경전선,2014-07-01,4.747283067684973,-16.969574990239455,26.9260775629015,공실률
경전선,2014-08-01,3.988277001788191,-16.158329314860087,24.51466286749664,공실률
경전선,2014-09-01,1.8111859402307993,-21.732823343355825,20.553798782916047,공실률
경전선,2014-10-01,-4.385875912962658,-24.465907531949803,15.886854898461229,공실률
경전선,2014-11-01,-7.605009681233421,-29.178585680481387,12.925164194547403,공실률
경전선,2014-12-01,-1.4224998227230439,-21.630496697728937,20.18713618386654,공실률
경전선,2015-01-01,6.02910945588113,-14.28125946138286,26.572167225471265,공실률
경전선,2015-02-01,4.392235952809976,-16.85194105078528,26.041358343429966,공실률
경전선,2015-03-01,10.904288271083358,-9.88194996211094,31.666131248703433,공실률
경전선,2015-04-01,0.6993960435675508,-19.913942090474766,21.096423126954313,공실률
경전선,2015-05-01,-3.332675005305851,-25.748610933932273,17.22641482614761,공실률
경전선,2015-06-01,2.704798947075472,-18.68272576919358,24.152079697078438,공실률
경전선,2015-07-01,4.407018897604277,-17.066616378909288,25.400891157659288,공실률
경전선,2015-08-01,3.550337705370949,-17.09808910972306,25.047039089785383,공실률
경전선,2015-09-01,1.282917394942316,-19.664172956365373,22.871224179758844,공실률
경전선,2015-10-01,-4.811576205729475,-24.869590701771813,15.40934807804643,공실률
경전선,2015-11-01,-7.930271706911397,-29.415312320611015,13.882271063630744,공실률
경전선,2015-12-01,-1.7814770526843056,-24.27229544204555,18.18315375576005,공실률
경전선,2016-01-01,5.582454867815933,-14.607281262321598,25.823262971897808,공실률
경전선,2016-02-01,3.974259370893728,-18.52562381100953,24.452289132338564,공실률
경전선,2016-03-01,10.494091681665555,-9.24032652505301,32.0443539681867,공실률
경전선,2016-04-01,0.6704646166210636,-21.184963039707483,22.20329753872807,공실률
경전선,2016-05-01,-3.794276934717855,-24.902126287121785,18.188011105495942,공실률
경전선,2016-06-01,1.8643538800015826,-18.29610174498337,23.955233893162323,공실률
경전선,2016-07-01,3.798887274878595,-17.08970701888632,25.118142596779215,공실률
경전선,2016-08-01,3.234222001307163,-17.8943115452879,23.584506286246356,공실률
경전선,2016-09-01,1.2478345863206393,-18.300557227770504,22.581716208048586,공실률
경전선,2016-10-01,-5.136386221352252,-27.221395645664845,16.98962334127681,공실률
경전선,2016-11-01,-8.556099117140363,-29.148767548802144,12.738531667854227,공실률
경전선,2016-12-01,-2.3231075116214823,-22.569896814494516,18.892353767428038,공실률
경전선,2017-01-01,5.296595519524063,-15.274614366507745,26.193721722487172,공실률
경전선,2017-02-01,3.6137370736316825,-17.3312462438776,23.835494220452848,공실률
경전선,2017-03-01,10.097104150585789,-10.10861596847152,30.123426176750613,공실률
경전선,2017-04-01,0.13939402655261546,-20.205980407107678,20.112640595310562,공실률
경전선,2017-05-01,-4.186000038689347,-25.066313906336354,15.741870696205842,공실률
경전선,2017-06-01,1.6051379507526389,-20.14086283645866,23.89095432697741,공실률
경전선,2017-07-01,3.467397779517925,-16.397005881228605,25.810195457181266,공실률
경전선,2017-08-01,2.805795887350117,-17.436484629244365,24.656617180731015,공실률
경전선,2017-09-01,0.7224348049357456,-20.662261836211457,20.626628631004575,공실률
경전선,2017-10-01,-5.571242696396992,-26.3199608340831,17.181406200799714,공실률
경전선,2017-11-01,-8.890789842285537,-30.544243280369905,12.196821896963598,공실률
경전선,2017-12-01,-2.6802327528605843,-24.791712596399073,19.03476761183618,공실률
경전선,2018-01-01,4.856681395183237,-15.437517820585912,25.227175758755696,공실률
경전선,2018-02-01,3.194921219195746,-16.320717535554774,24.695236569973527,공실률
경전선,2018-03-01,9.695110177040311,-11.394728943870708,29.148540087756764,공실률
경전선,2018-04-01,-0.389890952500637,-20.789373349911827,19.857989208845165,공실률
경전선,2018-05-01,-4.5711082140231465,-26.269969650810058,16.233291926141387,공실률
경전선,2018-06-01,1.3462331637795717,-19.04837053930823,23.302763675992885,공실률
경전선,2018-07-01,3.130869548102436,-17.705611214661097,24.817389300647598,공실률
경전선,2018-08-01,2.3717162461239343,-17.431860811409045,22.910292435325193,공실률
경전선,2018-09-01,0.19447794848333,-21.172151251576064,21.185159537762264,공실률
경전선,2018-10-01,-6.002726391241026,-28.07277611777774,15.457321030526296,공실률
경전선,2018-11-01,-9.222007395594668,-30.12041347542967,10.90351773699891,공실률
경전선,2018-12-01,-3.0396400239935577,-23.182205111427187,18.413510564214466,공실률
경전선,2019-01-01,4.411821983320553,-18.25885449667363,24.848121147394412,공실률
경전선,2019-02-01,2.7748012089588587,-18.671956093347802,24.42315591330961,공실률
경전선,2019-03-01,9.286720508001602,-12.822319461917354,28.866751129380482,공실률
경전선,2019-04-01,-0.918318990803779,-21.35953734708918,18.682418969411405,공실률
경전선,2019-05-01,-4.95053255982533,-24.995011474210166,17.079320038503976,공실률
경전선,2019-06-01,1.0867929375981744,-19.252752781636904,20.85477234254855,공실률
경전선,2019-07-01,2.788869222039569,-17.63195129860501,24.165426720341742,공실률
경전선,2019-08-01,1.9320395748487158,-20.147926868632688,21.65132237240627,공실률
경전선,2019-09-01,-0.3355291905363975,-19.86877490461443,21.27724784298951,공실률
경전선,2019-10-01,-6.4301664544889565,-28.197325887095126,15.13632670500807,공실률
경전선,2019-11-01,-9.549174666302399,-29.96078495371416,10.851394441414717,공실률
경전선,2019-12-01,-3.4006826352672808,-23.828085734892134,18.455895899105617,공실률
경전선,2020-01-01,3.962936574600086,-17.667948214695762,24.30883326062377,공실률
경전선,2020-02-01,2.354428367046286,-19.276980989461038,22.919396207469152,공실률
경전선,2020-03-01,8.873968139595592,-10.306203691227807,29.638767056328696,공실률
경전선,2020-04-01,-0.9511622645841395,-22.554766187291722,18.443076707589693,공실률
경전선,2020-05-01,-5.417358660246959,-25.60031652628262,16.60711970142439,공실률
경전선,2020-06-01,0.23976881533793748,-21.067103863118486,20.357389711942904,공실률
경전선,2020-07-01,2.172847365889695,-17.968327238990568,25.884525639826478,공실률
경전선,2020-08-01,1.6066787525695028,-17.82907452029282,22.73045736872723,공실률
경전선,2020-09-01,-0.38700473620971015,-20.851123469828607,19.66197017500935,공실률
경전선,2020-10-01,-6.778286260455918,-29.25665009654693,15.75767763893548,공실률
경전선,2020-11-01,-10.205295230035405,-30.83919982971669,11.139692938684174,공실률
경전선,2020-12-01,-3.979364341090212,-26.35282567259192,16.411588578277854,공실률
경전선,2021-01-01,3.633042616702705,-16.217690909146903,23.443367534958423,공실률
경전선,2021-02-01,1.935124581865515,-19.139122022191813,24.366742043181343,공실률
경전선,2021-03-01,8.404889449451714,-12.253009932430937,30.22437774477452,공실률
경전선,2021-04-01,-1.567880263524094,-22.137836459989853,19.503240049893503,공실률
경전선,2021-05-01,-5.907848126659077,-28.122161160202776,14.96854441073166,공실률
경전선,2021-06-01,-0.13176972837250256,-21.47703509453582,22.33009550959939,공실률
경전선,2021-07-01,1.7142399396512427,-18.700338587909695,21.394347365038307,공실률
경전선,2021-08-01,1.03584621472064,-20.09070459907335,23.98545693164572,공실률
경전선,2021-09-01,-1.0643067004579776,-22.366221066778618,19.856666595460876,공실률
경전선,2021-10-01,-7.374233967956265,-28.863801851303677,14.230011104329064,공실률
경전선,2021-11-01,-10.710572538882928,-32.23698622939738,9.306854270250268,공실률
경전선,2021-12-01,-4.519554097573741,-24.34824534210272,16.246188758960955,공실률
경전선,2022-01-01,2.997170114083252,-16.86869215060925,24.316461334995786,공실률
경전선,2022-02-01,1.315220001709838,-18.711019692435894,22.22433268745802,공실률
경전선,2022-03-01,7.797305327535317,-13.027976432175402,29.22678676269496,공실률
경전선,2022-04-01,-2.3077391088822456,-22.424548281311097,18.985819161846877,공실률
경전선,2022-05-01,-6.508353496174254,-27.551219149763707,16.95067669529412,공실률
경전선,2022-06-01,-0.6110558149993008,-22.69799595781936,19.79669150257786,공실률
경전선,2022-07-01,1.154183443557347,-21.596770466266044,20.053333088569577,공실률
경전선,2022-08-01,0.374986645849126,-21.663659789816528,21.813524369147764,공실률
경전선,2022-09-01,-1.8222951475206717,-22.8267567600455,19.39667502198017,공실률
경전선,2022-10-01,-8.038896418598263,-28.876426067417096,14.859277434976974,공실률
경전선,2022-11-01,-11.278220918680361,-32.2448183404093,9.47139018505388,공실률
경전선,2022-12-01,-5.115250478430982,-26.95342611701982,15.532726141471723,공실률
경전선,2023-01-01,2.3161680679703345,-19.225951223825305,23.867124569412155,공실률
경전선,2023-02-01,0.6591038326972427,-20.954728301863852,22.038659135103778,공실률
경전선,2023-03-01,7.1529193605938115,-14.0371303608351,27.698276812331024,공실률
경전선,2023-04-01,-3.072163599124206,-26.012440668380492,17.1237827903981,공실률
경전선,2023-05-01,-7.123774065802783,-28.942108711944318,12.226686864464355,공실률
경전선,2023-06-01,-1.1064908451530222,-21.929024987817613,19.419777772610168,공실률
경전선,2023-07-01,0.5761896875691144,-20.714451046311527,20.565478722550257,공실률
경전선,2023-08-01,-0.3006822363966699,-21.02815124436897,20.22327312993929,공실률
경전선,2023-09-01,-2.588293278556848,-22.214152346500516,17.28352731019452,공실률
경전선,2023-10-01,-8.702326294226907,-29.337119459598963,13.407143038572624,공실률
경전선,2023-11-01,-11.841212524241744,-32.721031812921574,9.461800836953543,공실률
경전선,2023-12-01,-5.711957285012424,-25.646607556783085,13.6273624565944,공실률
경전선,2024-01-01,1.6317839066559277,-18.866837220084307,23.783295689480042,공실률
경전선,2024-02-01,0.0033976809022671084,-20.461173808798335,19.624635494591345,공실률
경전선,2024-03-01,6.504341888039358,-14.978283646488967,27.397244024682664,공실률
경전선,2024-04-01,-3.3394759084766,-24.09613793849976,18.314257137899975,공실률
경전선,2024-05-01,-7.82375687736849,-29.27421377824595,14.133580369109827,공실률
경전선,2024-06-01,-2.18531679412004,-22.668667207570035,18.619962218340284,공실률
경전선,2024-07-01,-0.2703228167979508,-20.50409635055614,20.903182645814987,공실률
경전선,2024-08-01,-0.8551788224536789,-21.234948738881933,20.187066735838783,공실률
경전선,2024-09-01,-2.8617569695235328,-23.259171283210385,19.460589257767218,공실률
경전선,2024-10-01,-9.265517195345023,-31.33940396401914,10.53350276063794,공실률
경전선,2024-11-01,-12.705420823217343,-33.5441158248772,7.0968644281651665,공실률
경전선,2024-12-01,-6.491968635845738,-28.05999624736712,14.092529204582105,공실률
경전선,2025-01-01,1.1075436636526472,-19.87389308115999,21.39366370684915,공실률
경전선,2025-02-01,-0.5955055138873937,-22.29281637826884,23.163526823096483,공실률
경전선,2025-03-01,5.86962477319139,-14.655973085820131,26.252975990243385,공실률
경전선,2025-04-01,-4.108276082487893,-25.803826642897224,14.69356953836776,공실률
경전선,2025-05-01,-8.453209567595424,-30.32823989131751,11.185551225627686,공실률
경전선,2025-06-01,-2.6822623120135445,-22.63133143756605,16.91539904230204,공실률
경전선,2025-07-01,-0.8395419031132829,-22.31058745361066,19.43184990698795,공실률
경전선,2025-08-01,-1.5213345291409794,-22.132453585938425,20.87522297364785,공실률
경전선,2025-09-01,-3.624886345415562,-25.147630055383246,16.409472394655044,공실률
경전선,2025-10-01,-9.938102872040767,-30.08403874569928,12.267722864714285,공실률
경전선,2025-11-01,-13.27784034406503,-35.092539356955555,7.327151421392494,공실률
경전선,2025-12-01,-7.086822279932246,-28.73516462978438,13.220938973421866,공실률
동해선,2016-04-01,-2.0312704041153893,-35.276517699697635,31.539860904978894,공실률
동해선,2016-05-01,-10.634961621988442,-43.75261680202093,22.92993894252392,공실률
동해선,2016-06-01,-8.7998670070491,-40.61435338518698,22.054663649981173,공실률
동해선,2016-07-01,-8.249186174969644,-41.68744182990672,23.035489592019097,공실률
동해선,2016-08-01,-9.423058353291776,-42.50919165986815,22.649899666206554,공실률
동해선,2016-09-01,-8.100545787371631,-41.366621752214016,23.47556837364922,공실률
동해선,2016-10-01,-13.334030094397306,-45.69987227149458,19.943108524567993,공실률
동해선,2016-11-01,-19.338609771845007,-52.49388934610591,14.729706841972593,공실률
동해선,2016-12-01,-14.331890275062312,-45.87966340402793,18.93451139503811,공실률
동해선,2017-01-01,-2.8631314692178567,-34.3671859020216,26.845456130380345,공실률
동해선,2017-02-01,-2.5107941225695765,-35.91360947550361,28.4293306250851,공실률
동해선,2017-03-01,5.454809325665503,-28.525336636681715,37.355203945661806,공실률
동해선,2017-04-01,-1.9070220863726215,-34.46162955982852,32.703029153277384,공실률
동해선,2017-05-01,-10.360570299185872,-43.91029162567786,20.194796044975053,공실률
동해선,2017-06-01,-8.37669444229127,-41.98455227690434,24.622847175978205,공실률
동해선,2017-07-01,-7.846152666956552,-41.63767113242246,24.973724576201356,공실률
동해선,2017-08-01,-9.048019385189688,-41.41360992083335,23.46972952711556,공실률
동해선,2017-09-01,-7.828140983764499,-39.68326200837289,25.85454881751109,공실률
동해선,2017-10-01,-13.178608588835106,-44.31687535780353,20.022320669683143,공실률
동해선,2017-11-01,-19.12572262396909,-49.373104333455245,11.88124883394085,공실률
동해선,2017-12-01,-14.077846445055938,-46.62920220404274,18.352640979774954,공실률
동해선,2018-01-01,-2.515209785539823,-33.321878700465234,29.975397665679598,공실률
동해선,2018-02-01,-2.023099838933711,-36.12277788244171,28.76058747262772,공실률
동해선,2018-03-01,5.586858847567906,-26.500223437223116,39.066248522054636,공실률
동해선,2018-04-01,-1.7818743787410058,-29.717007600502463,30.686578254250275,공실률
동해선,2018-05-01,-10.077854463721536,-41.27499485736889,20.889738281564448,공실률
동해선,2018-06-01,-7.949696514844711,-40.67119525877355,24.3965119518096,공실률
동해선,2018-07-01,-7.444477679213999,-39.959221228524186,26.82926821721774,공실률
동해선,2018-08-01,-8.676666085809575,-42.50641740388812,21.82520376633727,공실률
동해선,2018-09-01,-7.56193517325565,-39.76578630877909,24.91922246031894,공실률
동해선,2018-10-01,-13.023895152821353,-43.854618138750574,18.964022560301554,공실률
동해선,2018-11-01,-18.90734511634363,-52.95534125036527,12.627564023482352,공실률
동해선,2018-12-01,-13.818321048530567,-44.11316499628636,19.04276215425645,공실률
동해선,2019-01-01,-2.166060944838665,-34.881395288587825,28.63192828226843,공실률
동해선,2019-02-01,-1.5375367466418295,-33.32614422779981,28.098385671699408,공실률
동해선,2019-03-01,5.7102526711337065,-26.505796415667408,36.845170727187856,공실률
동해선,2019-04-01,-1.6554683931218417,-32.616699800699756,30.373646587456054,공실률
동해선,2019-05-01,-9.786750206150344,-42.05029873661918,21.717612524024073,공실률
동해선,2019-06-01,-7.5190811962001325,-40.76572053133537,25.750459716803782,공실률
동해선,2019-07-01,-7.044368549300584,-37.479304699522416,24.81936636868987,공실률
동해선,2019-08-01,-8.309124884067423,-38.86693061890459,27.152458121353565,공실률
동해선,2019-09-01,-7.301852522430239,-39.40853461683646,25.647901845262506,공실률
동해선,2019-10-01,-12.869611706591721,-46.363661918148,18.745251744441568,공실률
동해선,2019-11-01,-18.68332884633128,-50.00639855496368,12.725180109731456,공실률
동해선,2019-12-01,-13.553400447894518,-44.532530030759034,20.172287803497685,공실률
동해선,2020-01-01,-1.8159044408918072,-33.21236735727764,30.321880545954997,공실률
동해선,2020-02-01,-1.0544079681081762,-31.72628434708373,32.73268324715791,공실률
동해선,2020-03-01,6.47238685979538,-26.867643889765137,39.14363567729754,공실률
동해선,2020-04-01,-0.8727764399574394,-33.30120499103743,30.45822701355947,공실률
동해선,2020-05-01,-9.4764676707614,-39.29736889071746,22.493189867073554,공실률
동해선,2020-06-01,-7.641373069182006,-39.67101998499291,26.528575362816422,공실률
동해선,2020-07-01,-7.090712771965812,-39.77382523613582,24.691479169171085,공실률
동해선,2020-08-01,-8.26460616886179,-42.04825379874147,25.351986294156436,공실률
동해선,2020-09-01,-6.9421148215117405,-42.61274719513962,25.808398896707867,공실률
동해선,2020-10-01,-12.17564348371761,-44.599391420660034,21.390711266158966,공실률
동해선,2020-11-01,-18.180268994848657,-51.66387572656138,12.080150254035635,공실률
동해선,2020-12-01,-13.173593855192529,-45.72579149066875,23.938244051089498,공실률
동해선,2021-01-01,-1.7048808844807395,-32.62929293627088,33.07190891914685,공실률
동해선,2021-02-01,-1.3525893729678264,-34.59647637771536,30.878601893600013,공실률
동해선,2021-03-01,6.612972676813143,-24.96931458128433,39.12461907332074,공실률
동해선,2021-04-01,-0.7489045692245071,-31.975437240113916,33.658088020882296,공실률
동해선,2021-05-01,-9.202497136067688,-42.585589621953496,22.0852998645523,공실률
동해선,2021-06-01,-7.218667111199431,-41.17192113570402,24.36196986278343,공실률
동해선,2021-07-01,-6.688169689443474,-38.934817482085606,27.58728461601336,공실률
동해선,2021-08-01,-7.890082238694848,-39.16783755545525,22.492246139733535,공실률
동해선,2021-09-01,-6.670249668290737,-37.97165968450301,24.509030444094112,공실률
동해선,2021-10-01,-12.020761628687822,-45.418142967694564,22.649707758719554,공실률
동해선,2021-11-01,-17.967921525883252,-47.76097362140382,14.788098486645643,공실률
동해선,2021-12-01,-12.920089729608183,-46.270447239983184,18.953466900912705,공실률
동해선,2022-01-01,-1.35749893037117,-32.821537366907464,27.592208552568618,공실률
동해선,2022-02-01,-0.8654348440459145,-32.56702856613779,32.39055094444919,공실률
동해선,2022-03-01,6.744482419743792,-24.041926486368716,38.47825834394712,공실률
동해선,2022-04-01,-0.6242966640035954,-33.613374252805826,31.761392584788325,공실률
동해선,2022-05-01,-8.920321127151823,-39.53069210595534,24.171789129562537,공실률
동해선,2022-06-01,-6.792209038836201,-40.615566943328986,23.52419413693791,공실률
동해선,2022-07-01,-6.287034584389526,-37.57306716419098,27.31048324699955,공실률
동해선,2022-08-01,-7.519268852227408,-41.53631126281974,21.56237835329838,공실률
동해선,2022-09-01,-6.4045837995609,-39.708244083404324,24.400848803900313,공실률
동해선,2022-10-01,-11.866588159665291,-44.06622346233568,21.726984709574158,공실률
동해선,2022-11-01,-17.750083982622982,-49.683580088731695,11.980916370457644,공실률
동해선,2022-12-01,-12.661104294910128,-46.25706452872351,19.634792836291222,공실률
동해선,2023-01-01,-1.0088900508671328,-30.959307455875603,30.261102293706145,공실률
동해선,2023-02-01,-0.38041171037628185,-32.577381493776564,32.291388633799706,공실률
동해선,2023-03-01,6.867336287531199,-26.218444554391354,40.38022880051321,공실률
동해선,2023-04-01,-0.4984306402026739,-31.113412391896027,31.194054610079448,공실률
동해선,2023-05-01,-8.629756837242509,-42.377437394236026,24.603021581074497,공실률
동해선,2023-06-01,-6.362133692333657,-39.92876381736747,23.84238435988474,공실률
동해선,2023-07-01,-5.887465430959939,-37.660586598427074,25.809287170904113,공실률
동해선,2023-08-01,-7.152267630768881,-40.5581226354639,26.225131702235874,공실률
동해선,2023-09-01,-6.145041130914794,-35.99384333723864,25.80591495297112,공실률
동해선,2023-10-01,-11.712844697446076,-46.358977451395276,19.931640429060725,공실률
동해선,2023-11-01,-17.52660769897018,-50.67411567201482,14.243132976762809,공실률
동해선,2023-12-01,-12.396723677660514,-44.23450617389949,19.43732308260389,공실률
동해선,2024-01-01,-0.6592735270217434,-31.39561606230533,30.92151970491556,공실률
동해선,2024-02-01,0.10217708940098724,-32.38738005511014,34.186105541624826,공실률
동해선,2024-03-01,7.628929021079743,-25.610966834871004,38.7196716824522,공실률
동해선,2024-04-01,0.2837198667401939,-31.592724576118734,31.480098003987344,공실률
동해선,2024-05-01,-8.320015739468797,-39.54804747543626,22.772090672466827,공실률
동해선,2024-06-01,-6.484966992475908,-40.358461504642285,25.881362524813643,공실률
동해선,2024-07-01,-5.934330548733387,-37.361548520682895,26.725138610528912,공실률
동해선,2024-08-01,-7.108248594216126,-37.94057181836777,25.053420332615396,공실률
동해선,2024-09-01,-5.7857818954549725,-36.92606226783409,22.83569883165817,공실률
동해선,2024-10-01,-11.019310590055717,-44.05138538565341,22.09569361339304,공실률
동해선,2024-11-01,-17.023936134663103,-49.75177802038421,14.375053239097557,공실률
동해선,2024-12-01,-12.017261027402672,-43.99062828735673,18.646467704833796,공실률
동해선,2025-01-01,-0.5485480907317468,-32.76078192141826,33.457815136643326,공실률
동해선,2025-02-01,-0.19625661325460086,-31.620233294902572,31.89006467954317,공실률
동해선,2025-03-01,7.7693054057814654,-24.926348674637484,41.73014136992864,공실률
동해선,2025-04-01,0.4074281257059189,-30.611629588568274,34.332868895355446,공실률
동해선,2025-05-01,-8.046164475533232,-42.81871522043592,25.258899910002228,공실률
동해선,2025-06-01,-6.0623344862097825,-36.73648072627508,25.276766342352985,공실률
동해선,2025-07-01,-5.531837098848052,-36.42757376109282,27.078174587726362,공실률
동해선,2025-08-01,-6.733749684652979,-38.96201834069059,24.954700519489027,공실률
동해선,2025-09-01,-5.513917150799091,-37.65132113985754,25.42739506896219,공실률
동해선,2025-10-01,-10.864429146569103,-43.76691602891036,20.267517903328034,공실률
동해선,2025-11-01,-16.81158905209204,-46.829379652813124,18.162377796622838,공실률
동해선,2025-12-01,-11.763757263877924,-44.71262273632146,20.08432467795222,공실률
전라선,2012-10-01,3.3377397806660767,-15.874833997519323,21.228135578247148,공실률
전라선,2012-11-01,3.082088661529438,-14.358500988457749,21.362160161682258,공실률
전라선,2012-12-01,7.55606759189903,-10.656979501885214,28.187744863497837,공실률
전라선,2013-01-01,12.898174537640662,-4.569900187385431,31.16919122802908,공실률
전라선,2013-02-01,11.159426025868234,-7.381973699876678,28.992262144077845,공실률
전라선,2013-03-01,19.44364859721339,1.0551347797535846,36.25432245623944,공실률
전라선,2013-04-01,12.79315746229003,-4.856746771265282,30.255211393974,공실률
전라선,2013-05-01,4.5565350346434625,-13.632414451114002,22.584875098386153,공실률
전라선,2013-06-01,12.246697320772672,-6.687475121176521,31.306681397390452,공실률
전라선,2013-07-01,13.350529585563557,-4.88798494405956,30.976875226959663,공실률
전라선,2013-08-01,6.940397823189548,-10.924860467444606,24.510201878871396,공실률
전라선,2013-09-01,12.119310473487767,-6.348517137394649,30.386023553258685,공실률
전라선,2013-10-01,2.8301507438094937,-15.537794891435786,20.97595635534732,공실률
전라선,2013-11-01,2.6366907964326938,-16.135793216175575,21.190621360529885,공실률
전라선,2013-12-01,7.136276832345554,-10.136372660298568,25.04157879075401,공실률
전라선,2014-01-01,12.39898762647362,-4.698007756114063,29.867006023904032,공실률
전라선,2014-02-01,10.650510667353714,-7.665639456106831,28.39183005362202,공실률
전라선,2014-03-01,18.98031718229174,-0.3399359987211617,37.264262605019645,공실률
전라선,2014-04-01,12.220978605037335,-7.1161835854292965,28.935774186736722,공실률
전라선,2014-05-01,4.1145293841112425,-13.554645645145518,22.626664270279303,공실률
전라선,2014-06-01,11.883952171455682,-7.36124378510382,28.652466662707674,공실률
전라선,2014-07-01,12.918238556953812,-4.194076577513083,31.38256024388084,공실률
전라선,2014-08-01,6.457948180185623,-11.922087912690163,24.909308204923853,공실률
전라선,2014-09-01,11.584524464362737,-6.343510219376755,31.53178736383406,공실률
전라선,2014-10-01,2.3263748957224184,-15.430338805718575,20.62047148181319,공실률
전라선,2014-11-01,2.194743425875963,-16.168056869337562,20.507293955630132,공실률
전라선,2014-12-01,6.716046952479303,-11.250689709494983,25.818340783099096,공실률
전라선,2015-01-01,11.897055723755834,-6.4431862287791954,30.750209739182157,공실률
전라선,2015-02-01,10.142880219057757,-7.122262723628397,26.917584756534755,공실률
전라선,2015-03-01,18.512725257757598,1.552647746285463,36.52639082070179,공실률
전라선,2015-04-01,11.649387226861947,-6.480731401967123,28.350749031957733,공실률
전라선,2015-05-01,3.6793525811167163,-13.901779021886078,23.213052303797323,공실률
전라선,2015-06-01,11.52072086069753,-7.670240583635521,29.041995300280277,공실률
전라선,2015-07-01,12.481977650203381,-5.511216828654357,29.965408397048222,공실률
전라선,2015-08-01,5.974779068053257,-12.882581263518396,23.1162615334052,공실률
전라선,2015-09-01,11.046487724088283,-6.468725601975538,28.785056452437644,공실률
전라선,2015-10-01,1.826522363933754,-16.76780749436825,20.95626180859081,공실률
전라선,2015-11-01,1.7561809090190579,-16.111381395479523,19.53506084711966,공실률
전라선,2015-12-01,6.295245386091464,-10.983527789388857,25.181229060281144,공실률
전라선,2016-01-01,11.392370990408677,-6.147013875677926,29.614409588760967,공실률
전라선,2016-02-01,9.636528243539118,-8.774424678718757,28.855565632530766,공실률
전라선,2016-03-01,18.014624196181963,-0.5160619272946878,37.10517461949355,공실률
전라선,2016-04-01,11.477646388645379,-6.411247660254208,29.400100217498274,공실률
전라선,2016-05-01,3.1173381778645313,-14.816594102116795,22.084297886428836,공실률
전라선,2016-06-01,10.721092998247828,-6.666775612248182,29.125264306938572,공실률
전라선,2016-07-01,11.89082824979046,-5.863744695779657,30.43254627182456,공실률
전라선,2016-08-01,5.5340258442493475,-11.586203569809332,25.185291561591185,공실률
전라선,2016-09-01,10.762650192887044,-6.963448907775788,28.655433650890142,공실률
전라선,2016-10-01,1.44966985804409,-15.581265670716986,21.21485761274642,공실률
전라선,2016-11-01,1.1940187165412253,-16.64279029742376,20.080147157969517,공실률
전라선,2016-12-01,5.667997625266276,-13.06479327357792,22.7451893317957,공실률
전라선,2017-01-01,11.010104548641749,-5.759982876148914,30.900952331365485,공실률
전라선,2017-02-01,9.27135600792249,-8.978908406122043,26.516633842428007,공실률
전라선,2017-03-01,17.555578553122267,-0.29230862086799436,36.35064349166754,공실률
전라선,2017-04-01,10.905087389709733,-5.666682517398348,28.904871872675614,공실률
전라선,2017-05-01,2.6684649344946605,-15.638896284568547,20.70949482417398,공실률
전라선,2017-06-01,10.35862719213637,-6.330457689167676,28.355723000584515,공실률
전라선,2017-07-01,11.462459341757286,-5.809152196965918,28.590342675190193,공실률
전라선,2017-08-01,5.052327461127954,-13.607857090275166,22.868661560620975,공실률
전라선,2017-09-01,10.231239993170908,-8.479462666124368,28.88979212437147,공실률
전라선,2017-10-01,0.942080149052873,-17.0217045304569,18.527412040093452,공실률
전라선,2017-11-01,0.748620076787514,-16.686515984960863,18.58597129116545,공실률
전라선,2017-12-01,5.248205991840797,-12.233400074106568,23.293756768146917,공실률
전라선,2018-01-01,10.510916666208068,-7.976310210698761,29.35533613490746,공실률
전라선,2018-02-01,8.76243958732746,-7.5628281851734735,25.642682326260047,공실률
전라선,2018-03-01,17.09224599409459,0.06913857705040878,33.86911072293029,공실률
전라선,2018-04-01,10.332904572012358,-8.663791023228237,28.049797358708823,공실률
전라선,2018-05-01,2.2264525980287564,-15.956100856248572,20.52141762946274,공실률
전라선,2018-06-01,9.9958725458291,-7.061741320247416,28.635264310419466,공실률
전라선,2018-07-01,11.030156183379587,-5.13209022133691,28.416256262447938,공실률
전라선,2018-08-01,4.569862967067909,-14.421207273162674,23.67241358018057,공실률
전라선,2018-09-01,9.693916391740348,-7.78002287577143,26.90196803657618,공실률
전라선,2018-10-01,0.4333253458835751,-17.210192326982696,18.39755629616955,공실률
전라선,2018-11-01,0.2991710162459187,-17.38548949053735,19.385574004097624,공실률
전라선,2018-12-01,4.818033065631916,-12.780545559917003,23.69050217223257,공실률
전라선,2019-01-01,9.991747934757338,-9.369170629107906,26.676311089058515,공실률
전라선,2019-02-01,8.230278527907982,-9.751743101607154,26.477069979259728,공실률
전라선,2019-03-01,16.59353552830328,-1.4733697500974947,33.910753340830794,공실률
전라선,2019-04-01,9.722903597856712,-8.615503762178001,27.474048195425272,공실률
전라선,2019-05-01,1.7458103396424498,-17.170815155961144,19.892003543374532,공실률
전라선,2019-06-01,9.579335483317251,-7.728832166701342,27.257049107858872,공실률
전라선,2019-07-01,10.533002143798601,-8.622052280008127,28.67895142797237,공실률
전라선,2019-08-01,4.017960428322597,-14.063048277993365,21.40167228298794,공실률
전라선,2019-09-01,9.081825951032256,-8.842301858374695,25.809343093017613,공실률
전라선,2019-10-01,-0.14572953814746192,-18.08018174089336,18.338292307503636,공실률
전라선,2019-11-01,-0.2290018572069803,-18.584888458014696,18.54342123597619,공실률
전라선,2019-12-01,4.2975488860136455,-12.705581622824436,22.655120871751198,공실률
전라선,2020-01-01,9.38174363201625,-8.693958873549105,28.229895738304023,공실률
전라선,2020-02-01,7.612970026832117,-9.682205860784078,26.581900531153096,공실률
전라선,2020-03-01,15.96992018552887,-2.4889215325881273,33.528205924360016,공실률
전라선,2020-04-01,9.410338253428641,-8.009369446775104,27.90966967417263,공실률
전라선,2020-05-01,1.0281550806710547,-17.877026513261264,19.525262091464608,공실률
전라선,2020-06-01,8.609305773678221,-9.294307434577796,26.985265106785317,공실률
전라선,2020-07-01,9.757166063243462,-7.822893407492559,27.82951989694026,공실률
전라선,2020-08-01,3.3644893459140293,-15.851769012844512,21.471740864071982,공실률
전라선,2020-09-01,8.557239385594887,-9.806968128326663,26.073918603648362,공실률
전라선,2020-10-01,-0.790458022431733,-18.01596528222819,17.70191720038929,공실률
전라선,2020-11-01,-1.0819834728906113,-18.03699506626071,16.610789019263223,공실률
전라선,2020-12-01,3.3439037429998186,-13.676160082077116,23.684798446087928,공실률
전라선,2021-01-01,8.636315917114182,-9.910401164959973,26.460285367907844,공실률
전라선,2021-02-01,6.847872633712346,-10.824179567023165,25.81731572127164,공실률
전라선,2021-03-01,15.087209604877275,-2.5149773947547325,33.379292126823024,공실률
전라선,2021-04-01,8.387023698784054,-10.148495928844588,26.541343198393907,공실률
전라선,2021-05-01,0.0928272202080862,-18.122817464510785,18.757820803261172,공실률
전라선,2021-06-01,7.723496320378098,-9.619594112103915,25.932462029256914,공실률
전라선,2021-07-01,8.769754534237062,-8.922471010962749,28.143574477217953,공실률
전라선,2021-08-01,2.300129586656801,-15.950197789719846,18.331408481054783,공실률
전라선,2021-09-01,7.41954905174777,-10.865141396440173,25.225738306025335,공실률
전라선,2021-10-01,-1.9306293656252613,-21.336924528819534,16.520543252415962,공실률
전라선,2021-11-01,-2.187141956954208,-20.762724432814306,16.883333545204238,공실률
전라선,2021-12-01,2.2514253912634032,-17.458414249298226,19.507776523739768,공실률
전라선,2022-01-01,7.4510835465663625,-9.798348078693536,24.766392056524076,공실률
전라선,2022-02-01,5.639550808041846,-12.400502174005064,24.44145908972542,공실률
전라선,2022-03-01,13.912403715776602,-4.914975315014484,33.111427384398276,공실률
전라선,2022-04-01,7.090009359117887,-10.56029487942139,24.65854406856598,공실률
전라선,2022-05-01,-1.0774615838126147,-19.54710704510909,17.122000198584615,공실률
전라선,2022-06-01,6.628905429410164,-11.500190349710868,24.412043622694387,공실률
전라선,2022-07-01,7.6021696601422235,-10.03910130171368,25.45374983596128,공실률
전라선,2022-08-01,1.0788230567836647,-17.739036796542738,20.34326989255,공실률
전라선,2022-09-01,6.1423431143690905,-11.356753243776796,24.96599818021843,공실률
전라선,2022-10-01,-3.176828609315872,-22.105896955229557,14.20230254743698,공실률
전라선,2022-11-01,-3.371516306040382,-21.220012203468194,15.464336737096557,공실률
전라선,2022-12-01,1.088765065518639,-18.029707809660707,19.1277953332336,공실률
전라선,2023-01-01,6.206717609916341,-11.5237989188892,24.10384753532569,공실률
전라선,2023-02-01,4.389485878339831,-12.642414410721456,22.787455330559936,공실률
전라선,2023-03-01,12.702376908013436,-7.130156457346159,29.62430218440328,공실률
전라선,2023-04-01,5.775982652838897,-13.211072391550177,25.211851540039934,공실률
전라선,2023-05-01,-2.2550741454343863,-19.827467949270346,16.667635133475958,공실률
전라선,2023-06-01,5.523237909867468,-12.038837662424253,22.5886040271202,공실률
전라선,2023-07-01,6.42347254934178,-12.149192023551239,23.43646158498783,공실률
전라선,2023-08-01,-0.14678225450736004,-17.599673373491193,17.615109905595077,공실률
전라선,2023-09-01,4.8618701798291415,-12.754775682527663,23.10695116996324,공실률
전라선,2023-10-01,-4.419117330356741,-22.96028635415973,12.945484326244188,공실률
전라선,2023-11-01,-4.552515006971075,-23.450595168775823,13.386452807094981,공실률
전라선,2023-12-01,-0.07447267428675763,-18.341960037397573,17.883798706993122,공실률
전라선,2024-01-01,4.959596714162544,-13.798596257138513,23.553346110900346,공실률
전라선,2024-02-01,3.140697751424176,-15.611870878631319,20.841937323316635,공실률
전라선,2024-03-01,11.45980563115913,-5.7000808115229145,28.929585424373112,공실률
전라선,2024-04-01,4.859771607754624,-12.481560861062572,22.961296339432405,공실률
전라선,2024-05-01,-3.561558750136644,-22.149879771572966,14.918894205424795,공실률
전라선,2024-06-01,3.9791398515661425,-14.811844865276305,20.72852167867038,공실률
전라선,2024-07-01,5.087852955997354,-12.863381122617305,23.405296446103485,공실률
전라선,2024-08-01,-1.3320056682240362,-20.302236305690844,16.264698243769306,공실률
전라선,2024-09-01,3.8335624645656567,-14.019459674737902,21.21190927241655,공실률
전라선,2024-10-01,-5.540440014648061,-23.491357208947626,13.252811749775368,공실률
전라선,2024-11-01,-5.8591473719993985,-23.7460646579473,13.910499932537379,공실률
전라선,2024-12-01,-1.4461906076443654,-19.055811493011966,16.987704380733025,공실률
전라선,2025-01-01,3.8328600998823097,-14.2810538632623,21.446578565200713,공실률
전라선,2025-02-01,2.03105534989474,-15.28784871112181,19.331759063591164,공실률
전라선,2025-03-01,10.258323899626827,-7.727378261820922,27.792966193533317,공실률
전라선,2025-04-01,3.544776526947374,-14.698816436184268,20.551371440960388,공실률
전라선,2025-05-01,-4.752868066269466,-21.812935073952744,13.05142070609704,공실률
전라선,2025-06-01,2.8742379821048707,-15.051655041794918,21.571351267786195,공실률
전라선,2025-07-01,3.917048081325295,-14.588958345482144,22.07412595183092,공실률
전라선,2025-08-01,-2.556139918050796,-19.87348698372102,15.288999731722793,공실률
전라선,2025-09-01,2.559716495245258,-14.552196576828567,20.225561647734928,공실률
전라선,2025-10-01,-6.7904653992728585,-26.176261232459982,12.135245609961478,공실률
전라선,2025-11-01,-7.046981583651428,-24.998285783007383,11.032618792684518,공실률
전라선,2025-12-01,-2.6084177125786936,-20.158163061538616,16.688001381783927,공실률
호남선,2005-04-01,52.34999415023319,40.31892204357262,64.6872453325412,공실률
호남선,2005-05-01,47.54087045934286,36.338029392417255,60.03417400419836,공실률
호남선,2005-06-01,54.3157041462161,42.63085061380532,67.74402577625597,공실률
호남선,2005-07-01,56.234165768792906,44.04486054559117,67.8680028575485,공실률
호남선,2005-08-01,52.459630825802144,39.957973906470734,65.23253484016787,공실률
호남선,2005-09-01,50.44920944375412,37.51496719884163,62.401111296421746,공실률
호남선,2005-10-01,46.53113916975743,33.76804226683005,59.9518882400615,공실률
호남선,2005-11-01,45.08436820868778,32.682029034748794,57.092496174441756,공실률
호남선,2005-12-01,48.589776460350585,37.1258121126048,60.72650342446508,공실률
호남선,2006-01-01,52.1580835818747,39.41021168054955,64.2542605653419,공실률
호남선,2006-02-01,51.621347015970066,38.63963279866967,64.29852381565001,공실률
호남선,2006-03-01,56.82387732787674,44.670791238395104,70.33339507339605,공실률
호남선,2006-04-01,49.78384604003703,37.36444211207987,62.38300061743935,공실률
호남선,2006-05-01,45.08410695665033,32.234395423064925,57.268238849200756,공실률
호남선,2006-06-01,51.993445940734205,40.02091312431577,64.35289616645426,공실률
호남선,2006-07-01,53.77986312641157,40.68849653169089,67.02581057237363,공실률
호남선,2006-08-01,49.97776182950415,37.8954480912162,62.1403949690845,공실률
호남선,2006-09-01,47.912572032292225,35.781756167608926,60.148236935898005,공실률
호남선,2006-10-01,44.055090307621946,31.41038780059373,57.05080971245675,공실률
호남선,2006-11-01,42.70258325342507,30.04653042574602,54.68383840853933,공실률
호남선,2006-12-01,46.11658854253453,34.84230780614851,58.32592789111318,공실률
호남선,2007-01-01,49.66543445755328,36.54098240824115,62.150853769764225,공실률
호남선,2007-02-01,49.17082045686566,36.14669166715237,62.08424543527012,공실률
호남선,2007-03-01,54.35268916298451,41.67826546557323,66.61990221281438,공실률
호남선,2007-04-01,47.21901731966166,36.21942318019216,60.07744728902742,공실률
호남선,2007-05-01,42.63371445845256,30.71799823217763,54.92633445780147,공실률
호남선,2007-06-01,49.6707616628696,36.634009328672484,61.87811557493295,공실률
호남선,2007-07-01,51.3211895717136,39.26850831883426,64.01399093141904,공실률
호남선,2007-08-01,47.49378332603601,35.65153096706204,58.9728145522641,공실률
호남선,2007-09-01,45.375710690712204,33.47144897557421,57.66652498969192,공실률
호남선,2007-10-01,41.58241250816703,28.61255953570129,53.48431792889153,공실률
호남선,2007-11-01,40.32289037733804,27.840432587865145,53.131541358618286,공실률
호남선,2007-12-01,43.64221971943549,31.345326442716186,56.776657910294375,공실률
호남선,2008-01-01,47.17174713622168,34.231896422110495,59.85281337422121,공실률
호남선,2008-02-01,46.720825270479466,33.454656050037755,58.90902508721654,공실률
호남선,2008-03-01,51.897287299168305,39.7164324379262,62.84402284580803,공실률
호남선,2008-04-01,45.06046068031092,32.38132696316868,57.21573074301568,공실률
호남선,2008-05-01,40.14724036951872,27.272144897298485,51.83885529311067,공실률
호남선,2008-06-01,46.780966241472775,34.38535758327594,58.70492753276158,공실률
호남선,2008-07-01,48.82732993333779,36.382870195517164,60.85407807348643,공실률
호남선,2008-08-01,45.082508229518744,32.91065268219389,56.93796985914468,공실률
호남선,2008-09-01,43.12867589480401,31.046745953782047,55.4633664324197,공실률
호남선,2008-10-01,39.15370773501931,25.99871266249369,52.077139187724036,공실률
호남선,2008-11-01,37.61154704633764,25.29850556974501,50.97207567380436,공실률
호남선,2008-12-01,41.20503778204807,29.73722543765809,53.40285787389441,공실률
호남선,2009-01-01,44.792892153850495,31.512764535944747,56.84684178357688,공실률
호남선,2009-02-01,44.21564749335223,32.56263967880918,56.43727741718832,공실률
호남선,2009-03-01,49.434225258322115,37.005011803811,61.64655178793421,공실률
호남선,2009-04-01,42.49319116211357,29.92824640762042,54.40391157026053,공실률
호남선,2009-05-01,37.68406748912694,25.06340181871973,49.837866105902144,공실률
호남선,2009-06-01,44.45890119449968,31.70482709454802,56.86628783156223,공실률
호남선,2009-07-01,46.37736283497931,34.12675122538162,59.163722407686826,공실률
호남선,2009-08-01,42.602827910487605,30.344816052450156,54.35625906179301,공실률
호남선,2009-09-01,40.59240654693904,28.30205769265977,52.57456245805577,공실률
호남선,2009-10-01,36.67433630000533,23.806683980904484,48.915199258213015,공실률
호남선,2009-11-01,35.22756536690178,23.03613767749323,46.095536033546615,공실률
호남선,2009-12-01,38.73297364562686,25.549373917679922,51.26785707375042,공실률
호남선,2010-01-01,42.30128079787514,29.610046230451015,55.12239259100673,공실률
호남선,2010-02-01,41.76454426269507,29.411285160518247,54.20412760131664,공실률
호남선,2010-03-01,46.9670746023534,34.974937020123285,59.769667748881794,공실률
호남선,2010-04-01,39.92704334523756,27.580158792861518,52.57524239999199,공실률
호남선,2010-05-01,35.227304305420475,23.730171574694907,48.15961335273996,공실률
호남선,2010-06-01,42.13664333452774,28.983657248249926,54.62859157335914,공실률
호남선,2010-07-01,43.92306056377415,32.71216392624179,55.43118100648931,공실률
호남선,2010-08-01,40.120959303425835,27.700726898756024,52.07588122548911,공실률
호남선,2010-09-01,38.05576954277374,24.697092277924515,50.90499454780649,공실률
호남선,2010-10-01,34.19828785348338,21.62920835757126,45.41789568344109,공실률
호남선,2010-11-01,32.845780835846604,20.223635374376734,45.375797271191686,공실률
호남선,2010-12-01,36.25978616033494,23.828444975176524,48.51322286273839,공실률
호남선,2011-01-01,39.81408762618369,27.40738471754528,52.59570382654307,공실률
호남선,2011-02-01,39.324929176325696,27.329603868060207,51.73096316264133,공실률
호남선,2011-03-01,44.51172547674137,32.3633668237832,56.61413823097486,공실률
호남선,2011-04-01,37.383509183768474,24.53956554646556,49.75389504698098,공실률
호남선,2011-05-01,32.80348588741256,20.67531494111904,45.42043992036466,공실률
호남선,2011-06-01,39.8459886421782,27.747201544931027,52.3283204963325,공실률
호남선,2011-07-01,41.50169611587633,29.541332428371962,55.115455618102594,공실률
호남선,2011-08-01,37.68962138176919,25.410729517954792,50.585989047335694,공실률
호남선,2011-09-01,35.586880258013295,22.947066170559598,48.33360756773763,공실률
호남선,2011-10-01,31.808419022149135,19.378108048164478,44.45079167057783,공실률
호남선,2011-11-01,30.564228391738972,18.27492878357919,42.133065761141445,공실률
호남선,2011-12-01,33.89839466972522,21.153516360486783,46.2296643589867,공실률
호남선,2012-01-01,37.44325358693052,24.685066756740625,49.333023935815106,공실률
호남선,2012-02-01,37.00766322160677,23.975465549268186,49.16249415919525,공실률
호남선,2012-03-01,42.198467621656135,30.095149346185195,54.42940312183681,공실률
호남선,2012-04-01,35.390585946677874,23.03397921054829,46.98201189302354,공실률
호남선,2012-05-01,30.505376871896416,17.75384427045674,42.624356927289945,공실률
호남선,2012-06-01,37.16804768772899,25.887981883172607,49.47161077216764,공실률
호남선,2012-07-01,39.242422613109625,26.572914247043453,51.560048337889626,공실률
호남선,2012-08-01,35.52654585058933,24.007704442455548,48.16575579399763,공실률
호남선,2012-09-01,33.60165845717256,21.794695651142977,46.24054274666999,공실률
호남선,2012-10-01,29.65470153090379,16.310267510697678,42.17956842703894,공실률
호남선,2012-11-01,28.157218830370006,15.711915717328605,40.42024310544431,공실률
호남선,2012-12-01,31.79394632880482,19.508386547089895,43.82184266305434,공실률
호남선,2013-01-01,35.4264786887554,24.023869629859554,47.23917405891644,공실률
호남선,2013-02-01,34.89391201782045,23.12786854003993,46.99755984905637,공실률
호남선,2013-03-01,40.152844095944296,27.920238219737996,51.22409154226077,공실률
호남선,2013-04-01,33.256487989299984,19.756145154741525,45.5716543715293,공실률
호남선,2013-05-01,28.49060108040665,16.15075882049313,39.81891128110397,공실률
호남선,2013-06-01,35.310112775342084,23.4981332738471,46.85786757109822,공실률
호남선,2013-07-01,37.28853968877993,25.024768743805303,49.62347974312755,공실률
호남선,2013-08-01,33.575968879678655,20.97523706948324,45.70378561484948,공실률
호남선,2013-09-01,31.627511631520342,19.1079148871978,43.87343853201056,공실률
호남선,2013-10-01,27.769406648384177,14.493338667537216,40.365004678726045,공실률
호남선,2013-11-01,26.38459982120476,14.27126823313415,39.65725110933761,공실률
호남선,2013-12-01,29.94997336372748,17.377185714977376,42.44408186598441,공실률
호남선,2014-01-01,33.580244621899766,21.968164765530922,46.39720506568371,공실률
호남선,2014-02-01,33.123081091299255,21.168434119043326,45.74469368674932,공실률
호남선,2014-03-01,38.397483822189706,25.8608148287972,49.89066845200375,공실률
호남선,2014-04-01,31.437025569653397,19.138416825352383,43.56054592941715,공실률
호남선,2014-05-01,26.81429264946356,14.426134039352506,40.6696038995434,공실률
호남선,2014-06-01,33.8032046688505,21.582542153982235,46.90294070812243,공실률
호남선,2014-07-01,35.66662801772553,22.975976241772234,47.791367174937,공실률
호남선,2014-08-01,31.944099747657795,20.45127587748159,43.494260668098306,공실률
호남선,2014-09-01,29.958482977287186,17.372359837261452,42.626551330465546,공실률
호남선,2014-10-01,26.194586911866324,13.973920082569881,38.668750168380164,공실률
호남선,2014-11-01,24.938785038894657,13.600526425944523,37.14401012915943,공실률
호남선,2014-12-01,28.44637598725377,16.393373799505554,40.46345271524385,공실률
호남선,2015-01-01,32.09192708349761,20.301394280025647,44.95626683018329,공실률
호남선,2015-02-01,31.69401826403465,19.242725701166336,44.85507489946343,공실률
호남선,2015-03-01,36.963233585452734,24.447854854597637,49.48198812552084,공실률
호남선,2015-04-01,29.92626692287449,16.23127860335902,41.69887643859785,공실률
호남선,2015-05-01,25.449487646574443,12.631425897535715,37.449795388130866,공실률
호남선,2015-06-01,32.59867588873142,20.05790944363952,44.78644986251095,공실률
호남선,2015-07-01,34.35762738248464,21.171802714752214,46.31516884880927,공실률
호남선,2015-08-01,30.642362174547117,18.11269929877253,43.2167925563859,공실률
호남선,2015-09-01,28.63643057696308,16.564250712474237,40.743936237697234,공실률
호남선,2015-10-01,24.951655979327267,13.773846711295002,36.74436895505477,공실률
호남선,2015-11-01,23.804274875087348,10.913247169260082,35.567249697134905,공실률
호남선,2015-12-01,27.232127791303522,14.126655884882691,39.52794628941088,공실률
호남선,2016-01-01,30.884684471349267,17.992545011724705,43.22721183788036,공실률
호남선,2016-02-01,30.556791868866608,18.731689574011227,42.39309817817954,공실률
호남선,2016-03-01,35.848345788992106,24.038804155997997,47.81647462294909,공실률
호남선,2016-04-01,29.13454843339491,17.477571855627367,42.32083895719257,공실률
호남선,2016-05-01,24.34038869995002,11.843687117471259,37.200604011423515,공실률
호남선,2016-06-01,31.09714383516358,18.4025245841867,42.9904682806246,공실률
호남선,2016-07-01,33.26256810188056,20.79863294834703,45.366799012837426,공실률
호남선,2016-08-01,29.64522214582911,18.004973005970935,41.229643366435994,공실률
호남선,2016-09-01,27.818865558882703,16.364219580672835,39.9034085284518,공실률
호남선,2016-10-01,23.967261025970974,10.748844016705556,36.189810628608264,공실률
호남선,2016-11-01,22.552576085056657,10.721498567021207,34.41681032907273,공실률
호남선,2016-12-01,26.26943044763997,13.492041119292756,38.185550063760964,공실률
호남선,2017-01-01,29.984760567209896,17.95533676259174,42.97161530594746,공실률
호남선,2017-02-01,29.534991655895006,16.86080721194514,41.32161157431231,공실률
호남선,2017-03-01,34.86870880722401,22.270089864539923,46.2836017355222,공실률
호남선,2017-04-01,28.055150460062997,15.816350480860518,41.55633191837296,공실률
호남선,2017-05-01,23.36939041518659,10.58715888531007,35.138028106683926,공실률
호남선,2017-06-01,30.27169986960692,17.765742180186685,42.65450779216865,공실률
호남선,2017-07-01,32.31352513819685,19.641501774913333,45.12656683133238,공실률
호남선,2017-08-01,28.66646596275284,15.747431373137074,41.011015289484575,공실률
호남선,2017-09-01,26.783520348251113,14.916630885769056,38.85379012553561,공실률
호남선,2017-10-01,22.988813720267864,9.951178695636692,35.083600362994495,공실률
호남선,2017-11-01,21.669518526917322,10.209487337506715,34.05742889182732,공실률
호남선,2017-12-01,25.298290424759426,13.440823035128245,37.817737669220925,공실률
호남선,2018-01-01,28.99407331676163,17.00850830453035,42.88047365056161,공실률
호남선,2018-02-01,28.584812521335635,15.84682504406623,41.44488964663619,공실률
호남선,2018-03-01,33.90248223883647,22.056419680886076,46.64526899755405,공실률
호남선,2018-04-01,26.98992672147467,14.510184989237818,39.00552092869766,공실률
호남선,2018-05-01,22.41355128693825,10.307560454327279,34.563649499250005,공실률
호남선,2018-06-01,29.450366041500878,17.123023561569198,41.949051385253675,공실률
호남선,2018-07-01,31.360146877024338,19.28763704107494,43.47556148102461,공실률
호남선,2018-08-01,27.685521343162737,15.993716002645176,40.402393154483946,공실률
호남선,2018-09-01,25.747807308996286,12.551461074391312,36.609117482104686,공실률
호남선,2018-10-01,22.01368922598336,10.011378108446355,34.22650756860068,공실률
호남선,2018-11-01,20.788657934832244,9.00851890042446,33.05707842747335,공실률
호남선,2018-12-01,24.326026865598028,11.543491915683205,36.69454962883559,공실률
호남선,2019-01-01,28.00234854366308,15.82691437015502,40.47436491033275,공실률
호남선,2019-02-01,27.63521029949414,15.87215836737549,39.308223229507426,공실률
호남선,2019-03-01,32.93221839859737,21.506537783468428,45.643876397201296,공실률
호남선,2019-04-01,25.926022311313638,13.1171922021223,38.34511175288219,공실률
호남선,2019-05-01,21.464083084980338,8.745666241622908,32.97086709537804,공실률
호남선,2019-06-01,28.628606045435983,15.329762463300435,40.420176647637874,공실률
호남선,2019-07-01,30.402397589156088,17.22891444482898,41.96207191942438,공실률
호남선,2019-08-01,26.702467099517044,14.678955735329462,38.938109134349645,공실률
호남선,2019-09-01,24.711870220232235,12.883366250330228,37.03602403397788,공실률
호남선,2019-10-01,21.04192955028185,9.286498942157644,32.965674991964626,공실률
호남선,2019-11-01,19.90987683798375,7.8648960842405895,32.730384582273345,공실률
호남선,2019-12-01,23.3525636818854,10.736620086935767,36.399546959446816,공실률
호남선,2020-01-01,27.00956051720191,15.218964875983655,40.43647149504164,공실률
호남선,2020-02-01,26.686108069990834,14.44999009881634,39.717099280640404,공실률
호남선,2020-03-01,31.981815683756658,19.20318753994892,44.30771314877909,공실률
호남선,2020-04-01,25.272458483430363,13.223771910391,37.27548685807574,공실률
호남선,2020-05-01,20.48061722945453,8.463259562016777,32.61876963505164,공실률
호남선,2020-06-01,27.239768126786213,15.625721311257923,39.90342282324557,공실률
호남선,2020-07-01,29.40751087297067,17.717967313441104,41.903007414693214,공실률
호남선,2020-08-01,25.78811419194799,13.416388059929544,38.01473534722253,공실률
호남선,2020-09-01,23.959706880029717,11.64290634624738,36.345275087057395,공실률
호남선,2020-10-01,20.10611777456507,8.229483693079546,31.767992634068985,공실률
호남선,2020-11-01,18.689382108679762,5.891341995610542,31.808442963919525,공실률
호남선,2020-12-01,22.4042518987096,10.298537057104966,34.06207076027363,공실률
호남선,2021-01-01,26.115506225797454,12.781906365935862,38.892143930560756,공실률
호남선,2021-02-01,25.661661521997946,13.536825919285986,38.83193088871042,공실률
호남선,2021-03-01,30.991697312373848,19.322497413846527,44.13564615274227,공실률
호남선,2021-04-01,24.17406317286562,12.270578856880734,36.53474138093625,공실률
호남선,2021-05-01,19.484358812813724,6.913682747866204,32.544301447306715,공실률
호남선,2021-06-01,26.382592474887794,14.034727973115405,38.967285354928926,공실률
호남선,2021-07-01,28.42047342829996,15.93470628597977,40.23914819472983,공실률
호남선,2021-08-01,24.769338460508436,12.176838042085617,37.362954539737906,공실률
호남선,2021-09-01,22.882317053658667,10.407500134207996,35.12607147026589,공실률
호남선,2021-10-01,19.083666110500708,6.911075196932485,31.811264572707646,공실률
호남선,2021-11-01,17.760295124630886,4.764380836328357,30.760371309088846,공실률
호남선,2021-12-01,21.385122707130638,9.054070388696854,33.4562170848919,공실률
호남선,2022-01-01,25.0768298066128,12.039684324662899,38.52462082135906,공실률
호남선,2022-02-01,24.663493218667337,12.266354495926521,36.276522556411706,공실률
호남선,2022-03-01,29.97748157518194,17.714270482181643,42.43185384803931,공실률
호남선,2022-04-01,23.060850265300648,10.669162025809559,35.854064395583336,공실률
호남선,2022-05-01,18.48053051542186,6.933103109994449,30.046527459407223,공실률
호남선,2022-06-01,25.51326947746345,13.27116080246743,38.21064414582564,공실률
호남선,2022-07-01,27.419105996649975,14.341778181143955,40.13678254759383,공실률
호남선,2022-08-01,23.740404669238217,11.925503849873387,35.634997054751274,공실률
호남선,2022-09-01,21.79861484152221,9.413475126321407,34.03186161699756,공실률
호남선,2022-10-01,18.060552442169328,5.777442338703814,30.284626375793945,공실률
호남선,2022-11-01,16.83144535746906,5.5093545647423765,29.61902043949828,공실률
호남선,2022-12-01,20.364869971895946,8.203737828552047,32.822361428883575,공실률
호남선,2023-01-01,24.0371158564105,11.587817243789466,36.400324589967965,공실률
호남선,2023-02-01,23.665901825218914,11.142312945858716,36.13274877708883,공실률
호남선,2023-03-01,28.95922856830071,16.97793297086459,41.3565092906428,공실률
호남선,2023-04-01,21.948956693993214,9.5201738281847,34.61835885408339,공실률
호남선,2023-05-01,17.48307315763722,4.713824893087013,29.710021336527056,공실률
호남선,2023-06-01,24.643520331070185,12.08712295408509,36.89854635462799,공실률
호남선,2023-07-01,26.41336756476647,13.567994656304641,39.15777739212763,공실률
호남선,2023-08-01,22.70936128810401,10.092805737779543,34.43808183805663,공실률
호남선,2023-09-01,20.714688621795823,8.029978734628479,32.45410499955048,공실률
호남선,2023-10-01,17.040809764103585,3.7816203926025302,29.593284137954665,공실률
호남선,2023-11-01,15.904687591138444,4.132756132469433,28.378159014723693,공실률
호남선,2023-12-01,19.343436247298897,7.209779789708926,32.231660843699785,공실률
호남선,2024-01-01,22.996363621949207,10.775770501805464,35.58922741977593,공실률
호남선,2024-02-01,22.668841714071487,10.478813251387884,35.47865063817707,공실률
호남선,2024-03-01,27.960742413020878,16.051746352939094,40.73254091817095,공실률
호남선,2024-04-01,21.247315752028367,8.82394224718688,33.28042915291306,공실률
호남선,2024-05-01,16.45351475529819,4.0336076026050085,27.57651671842602,공실률
호남선,2024-06-01,23.21064058511738,11.629199963470432,35.717081645572755,공실률
호남선,2024-07-01,25.37642358854766,12.486726914095357,38.053397866761394,공실률
호남선,2024-08-01,21.755001840012977,9.988305020007616,34.54127348206288,공실률
호남선,2024-09-01,19.92456946058385,8.169905671046653,31.820897535775835,공실률
호남선,2024-10-01,16.069020612364046,4.434112526736135,28.633584538447636,공실률
호남선,2024-11-01,14.65025987896652,3.239037500528733,27.313969721594113,공실률
호남선,2024-12-01,18.363169926243106,6.290740717641729,31.22718607540159,공실률
호남선,2025-01-01,22.07442425332906,9.076695536354764,34.2793883696483,공실률
호남선,2025-02-01,21.62057954953047,10.023674035654961,33.89747672095639,공실률
호남선,2025-03-01,26.950615339906093,14.958485352205114,39.26771264883216,공실률
호남선,2025-04-01,20.13298120039815,7.506820975742934,33.55213709292274,공실률
호남선,2025-05-01,15.443276840345689,3.124985654608887,27.114188750112703,공실률
호남선,2025-06-01,22.34151050241876,10.224653538898892,34.732225226351765,공실률
호남선,2025-07-01,24.379391455833055,12.196783134824974,36.49598373249613,공실률
호남선,2025-08-01,20.728256488041225,7.86376559670812,32.49715481225271,공실률
호남선,2025-09-01,18.84123508119187,6.662584200985841,30.824333009435485,공실률
호남선,2025-10-01,15.042584138033174,3.193516280888767,27.6526178553817,공실률
호남선,2025-11-01,13.719213152162698,1.5478612953153887,25.91300720377131,공실률
호남선,2025-12-01,17.344040734663036,4.934717942486387,29.694961013609543,공실률
